A conceptual view on trajectories,Stefano Spaccapietra; Christine Parent; Maria Luisa Damiani; Jose Antonio de Macedo; Fabio Porto; Christelle Vangenot,Abstract Analysis of trajectory data is the key to a growing number of applications aiming atglobal understanding and management of complex phenomena that involve moving objects(eg worldwide courier distribution; city traffic management; bird migration monitoring).Current DBMS support for such data is limited to the ability to store and query raw movement(ie the spatio-temporal position of an object). This paper explores how conceptual modelingcould provide applications with direct support of trajectories (ie movement data that isstructured into countable semantic units) as a first class concept. A specific concern is toallow enriching trajectories with semantic annotations allowing users to attach semantic datato specific parts of the trajectory. Building on a preliminary requirement analysis and anapplication example; the paper proposes two modeling approaches; one based on a …,Data & knowledge engineering,2008,552
GEO-RBAC: A spatially aware RBAC,Maria Luisa Damiani; Elisa Bertino; Barbara Catania; Paolo Perlasca,Abstract Securing access to data in location-based services and mobile applicationsrequires the definition of spatially aware access-control systems. Even if some approacheshave already been proposed either in the context of geographic database systems orcontext-aware applications; a comprehensive framework; general and flexible enough todeal with spatial aspects in real mobile applications; is still missing. In this paper; we makeone step toward this direction and present GEO-RBAC; an extension of the RBAC modelenhanced with spatial-and location-based information. In GEORBAC; spatial entities areused to model objects; user positions; and geographically bounded roles. Roles areactivated based on the position of the user. Besides a physical position; obtained from agiven mobile terminal or a cellular phone; users are also assigned a logical and device …,ACM Transactions on Information and System Security (TISSEC),2007,520
Semantic trajectories modeling and analysis,Christine Parent; Stefano Spaccapietra; Chiara Renso; Gennady Andrienko; Natalia Andrienko; Vania Bogorny; Maria Luisa Damiani; Aris Gkoulalas-Divanis; Jose Macedo; Nikos Pelekis; Yannis Theodoridis; Zhixian Yan,Abstract Focus on movement data has increased as a consequence of the larger availabilityof such data due to current GPS; GSM; RFID; and sensors techniques. In parallel; interest inmovement has shifted from raw movement data analysis to more application-oriented waysof analyzing segments of movement suitable for the specific purposes of the application.This trend has promoted semantically rich trajectories; rather than raw movement; as thecore object of interest in mobility studies. This survey provides the definitions of the basicconcepts about mobility data; an analysis of the issues in mobility data management; and asurvey of the approaches and techniques for:(i) constructing trajectories from movementtracks;(ii) enriching trajectories with semantic information to enable the desiredinterpretations of movements; and (iii) using data mining to analyze semantic trajectories …,ACM Computing Surveys (CSUR),2013,284
The PROBE Framework for the Personalized Cloaking of Private Locations.,Maria Luisa Damiani; Elisa Bertino; Claudio Silvestri,Abstract. The widespread adoption of location-based services (LBS) raises increasingconcerns for the protection of personal location information. A common strategy; referred toas obfuscation (or cloaking); to protect location privacy is based on forwarding the LBSprovider a coarse user location instead of the actual user location. Conventionalapproaches; based on such technique; are however based only on geometric methods andtherefore are unable to assure privacy when the adversary is aware of the geographicalcontext; in particular of the semantic locations and the statistical distribution of positions inthe given space. This paper provides a comprehensive solution to this problem. We presenta novel privacy model and an architectural framework for the personalized cloaking ofsemantic locations. In our model; a cloaked location is an uncertainty region which …,Trans. Data Privacy,2010,119
Preventing velocity-based linkage attacks in location-aware applications,Gabriel Ghinita; Maria Luisa Damiani; Claudio Silvestri; Elisa Bertino,Abstract Mobile devices with positioning capabilities allow users to participate in novel andexciting location-based applications. For instance; users may track the whereabouts of theiracquaintances in location-aware social networking applications; eg; GoogleLatitude.Furthermore; users can request information about landmarks in their proximity. Suchscenarios require users to report their coordinates to other parties; which may not be fullytrusted. Reporting precise locations may result in serious privacy violations; such asdisclosure of lifestyle details; sexual orientation; etc. A typical approach to preserve locationprivacy is to generate a cloaking region (CR) that encloses the user position. However; iflocations are continuously reported; an attacker can correlate CRs from multiple timestampsto accurately pinpoint the user position within a CR. In this work; we protect against …,Proceedings of the 17th ACM SIGSPATIAL International Conference on Advances in Geographic Information Systems,2009,101
Fine-grained cloaking of sensitive positions in location-sharing applications,Maria Luisa Damiani; Claudio Silvestri; Elisa Bertino,Geosocial networking applications magnify the concern for location privacy because a user'sposition can be disclosed to diverse untrusted parties. The Privacy Preserving ObfuscationEnvironment (Probe) framework supports semantic-location cloaking to protect thisinformation.,IEEE Pervasive Computing,2011,59
Spatial data warehouse modelling,Maria Luisa Damiani; Stefano Spaccapietra,Abstract This chapter is concerned with multidimensional data models for spatial datawarehouses. Over the last few years different approaches have been proposed in theliterature for modelling multidimensional data with geometric extent. Nevertheless; thedefinition of a comprehensive and formal data model is still a major research issue. Themain contributions of the chapter are twofold: First; it draws a picture of the research area;second it introduces a novel spatial multidimensional data model for spatial objects withgeometry (MuSD–multigranular spatial data warehouse). MuSD complies with currentstandards for spatial data modelling; augmented by data warehousing concepts such asspatial fact; spatial dimension and spatial measure. The novelty of the model is therepresentation of spatial measures at multiple levels of geometric granularity. Besides the …,Processing and managing complex data for decision support,2006,56
An authorization model for geographical maps,Alberto Belussi; Elisa Bertino; Barbara Catania; Maria Luisa Damiani; Andrea Nucita,Abstract Access control is an important component of any database management system.Several access control models have been proposed for conventional databases. However;these models do not seem adequate for geographical databases; due to the peculiarities ofgeographical data. Previous work on access control models for geographical data mainlyconcerns raster maps (images). In this paper; we present a discretionary access controlmodel for geographical maps. We assume that each map is composed of a set of features.Each feature is represented in one or more maps by spatial objects; described by means ofdifferent spatial properties: geometric properties; describing the shape; extension andlocation of the objects; and topological properties; describing the topological relationshipsexisting among objects. The proposed access control model allows the security …,Proceedings of the 12th annual ACM international workshop on Geographic information systems,2004,44
Privacy-preserving sharing of sensitive semantic locations under road-network constraints,Emre Yigitoglu; Maria Luisa Damiani; Osman Abul; Claudio Silvestri,This paper presents a privacy-preserving framework for the protection of sensitive positionsin real time trajectories. We assume a scenario in which the sensitivity of user's positions isspace-varying; and so depends on the spatial context; while the user's movement isconfined to road networks and places. Typical users are the non-anonymous members of ageo-social network who agree to share their exact position whenever such position does notfall within a sensitive place; eg a hospital. Suspending location sharing while the user isinside a sensitive place is not an appropriate solution because the user's stopovers can beeasily inferred from the user's trace. In this paper we present an extension of the semanticlocation cloaking model [1] originally developed for the cloaking of non-correlated positionsin an unconstrained space. We investigate different algorithms for the generation of …,Mobile Data Management (MDM); 2012 IEEE 13th International Conference on,2012,41
Protecting location privacy against spatial inferences: the PROBE approach,Maria Luisa Damiani; Elisa Bertino; Claudio Silvestri,Abstract The widespread adoption of location-based services (LBS) raises increasingconcerns for the protection of personal location information. A common strategy; referred toas obfuscation; to protect location privacy is based on forwarding the LSB provider a coarseuser location instead of the actual user location. Conventional approaches; based on suchtechnique; are however based only on geometric methods and therefore are unable toassure privacy when the adversary is aware of the geographical context. This paperprovides a comprehensive solution to this problem. Our solution presents a novel approachthat obfuscates the user location by taking into account the geographical context and user'sprivacy preferences. We define several theoretical notions underlying our approach. Wethen propose a strategy for generating obfuscated spaces and an efficient algorithm …,Proceedings of the 2nd SIGSPATIAL ACM GIS 2009 International Workshop on Security and Privacy in GIS and LBS,2009,39
An access control system for a web map management service,Elisa Bertino; Maria Luisa Damiani; Davide Momini,In this paper; we present an access control model for spatial data on Web. Such a model isbased on the following assumptions: first; spatial data consist of objects with sharpboundaries located in a geographical space; second; data are manipulated through theoperations provided by a Web map management service. The goal of the system is to controlthe way data are accessed by users having different profiles. We propose an extension ofclassical models based on authorization rules by assigning authorizations a geographicalscope. In such a way; the operations users may execute on spatial data may vary;depending on user identity and object position.,Research Issues on Data Engineering: Web Services for e-Commerce and e-Government Applications; 2004. Proceedings. 14th International Workshop on,2004,35
PROBE: an obfuscation system for the protection of sensitive location information in LBS,Maria Damiani; Elisa Bertino; Claudio Silvestri,ABSTRACT The widespread adoption of location-based services (LBS) raises increasingconcerns for the protection of personal location information. A common strategy; referred toas obfuscation; to protect location privacy is based on forwarding the LSB provider a coarseuser location instead of the actual user location. Conventional approaches; based on suchtechnique; are however based only on geometric methods and therefore are unable toassure privacy when the adversary has semantic knowledge about the reference spatialcontext. This paper provides a comprehensive solution to this problem. Our solutionpresents a novel approach that obfuscates the user location by taking into account thesemantic knowledge about the reference space. In the paper; we define several theoreticalnotions underlying our approach. We then propose two different strategies for generating …,TR2001-145; CERIAS,2008,33
Prox-RBAC: a proximity-based spatially aware RBAC,Michael S Kirkpatrick; Maria Luisa Damiani; Elisa Bertino,Abstract As mobile computing devices are becoming increasingly dominant in enterpriseand government organizations; the need for fine-grained access control in theseenvironments continues to grow. Specifically; advanced forms of access control can bedeployed to ensure authorized users can access sensitive resources only when in trustedlocations. One technique that has been proposed is to augment role-based access control(RBAC) with spatial constraints. In such a system; an authorized user must be in adesignated location in order to exercise the privileges associated with a role. In this work; weextend spatially aware RBAC systems by defining the notion of proximity-based RBAC. Inour approach; access control decisions are not based solely on the requesting user'slocation. Instead; we also consider the location of other users in the system. For instance …,Proceedings of the 19th ACM SIGSPATIAL International Conference on Advances in Geographic Information Systems,2011,31
Security and privacy for geospatial data: concepts and research directions,Elisa Bertino; Bhavani Thuraisingham; Michael Gertz; Maria Luisa Damiani,Abstract Geospatial data play a key role in a wide spectrum of critical data managementapplications; such as disaster and emergency management; environmental monitoring; landand city planning; and military operations; often requiring the coordination among diverseorganizations; their data repositories; and users with different responsibilities. Although avariety of models and techniques are available to manage; access and share geospatialdata; very little attention has been paid to addressing security concerns; such as accesscontrol; security and privacy policies; and the development of secure and in particularinteroperable GIS applications. The objective of this paper is to discuss the technicalchallenges raised by the unique requirements of secure geospatial data management andto suggest a comprehensive framework for security and privacy for geospatial data and …,Proceedings of the SIGSPATIAL ACM GIS 2008 International Workshop on Security and Privacy in GIS and LBS,2008,30
A lava flow simulation model for the development of volcanic hazard maps for Mount Etna (Italy),Maria Luisa Damiani; Gianluca Groppelli; Gianluca Norini; Elisa Bertino; A Gigliuto; Andrea Nucita,Abstract Volcanic hazard assessment is of paramount importance for the safeguard of theresources exposed to volcanic hazards. In the paper we present ELFM; a lava flowsimulation model for the evaluation of the lava flow hazard on Mount Etna (Sicily; Italy); themost important active volcano in Europe. The major contributions of the paper are:(a) adetailed specification of the lava flow simulation model and the specification of an algorithmimplementing it;(b) the definition of a methodological framework for applying the model tothe specific volcano. For what concerns the former issue; we propose an extended version ofan existing stochastic model that has been applied so far only to the assessment of thevolcanic hazard on Lanzarote and Tenerife (Canary Islands). Concerning themethodological framework; we claim model validation is definitely needed for assessing …,Computers & geosciences,2006,30
Symbolic trajectories,Ralf Hartmut Güting; Fabio Valdés; Maria Luisa Damiani,Abstract Due to the proliferation of GPS-enabled devices in vehicles or with people; largeamounts of position data are recorded every day and the management of such mobility data;also called trajectories; is a very active research field. A lot of effort has gone intodiscovering “semantics” from the raw geometric trajectories by relating them to the spatialenvironment or finding patterns; for example; by data mining techniques. A question is howthe resulting “meaningful” trajectories can be represented or further queried. In this article;we propose a systematic study of annotated trajectory databases. We define a very simplegeneric model called symbolic trajectory to capture a wide range of meanings derived from ageometric trajectory. Essentially; a symbolic trajectory is just a time-dependent label;variants have sets of labels; places; or sets of places. They are modeled as abstract data …,ACM Transactions on Spatial Algorithms and Systems,2015,26
Location privacy models in mobile applications: conceptual view and research directions,Maria Luisa Damiani,Abstract Location privacy in mobile; location-aware applications is a prominent researchtopic spanning across different disciplines and with strong societal implications andexpectations. The tumultuous growth of the mobile applications market over the past fewyears has however hindered the development of a systematic organization and classificationof location privacy concepts. In this paper we focus on one of the key concepts; ie locationprivacy metric. We survey existing approaches to the measurement of location privacy andpropose a classification framework. The notion of location privacy metric; however; cannotbe fully understood without describing the context in which these metrics are used. To thatextent we elaborate on the notions of application model and privacy model. The ultimategoal is to contribute to the specification of a conceptual framework for location privacy.,Geoinformatica,2014,26
Towards movement-aware access control,Maria Luisa Damiani; Claudio Silvestri,Abstract The objective of spatially-aware access control models is to regulate the access toprotected objects based on position information. In that last years; increasing attention hasbeen paid to spatially-aware access control models for mobile and pervasive applications.Following the experience of design of the GEO-RBAC model; in this paper we want to look atthose models with a critical eye and point out open conceptual and architectural challenges.In this paper; we first discuss architectural issues related to the development of a multi-domain access control system based on GEO-RBAC. Then we present the guidelines of anovel and space-centric modeling framework which aims at overcoming the conceptuallimitations of the present model and similar solutions.,Proceedings of the SIGSPATIAL ACM GIS 2008 International Workshop on Security and Privacy in GIS and LBS,2008,26
Towards trajectory data warehouses,Nikos Pelekis; Alessandra Raffaeta; M-L Damiani; Christelle Vangenot; Gerasimos Marketos; Elias Frentzos; Irene Ntoutsi; Yannis Theodoridis,Data warehouses have received the attention of the database community as a technologyfor integrating all sorts of transactional data; dispersed within organisations whoseapplications utilise either legacy (non-relational) or advanced relational database systems.Data warehouses form a technological framework for supporting decision-making processesby providing informational data. A data warehouse is defined as a subject-oriented;integrated; time-variant; non-volatile collection of data in support of management of decision-making process [10].,*,2008,25
Data security in location-aware applications: an approach based on RBAC,Maria Luisa Damiani; Elisa Bertino; Paolo Perlasca,Data security in a mobile context is a critical issue. Over the last few years a new category oflocation-based services; the Enterprise LBS (ELBS); has emerged focusing on the demandsof mobility in organisations. These applications pose challenging requirements; includingthe need of selective access to ELBS based on the position of mobile users and spatiallybounded organisational roles. To deal with these requirements a novel access controlsystem; named GEO-RBAC; has been developed. GEO-RBAC extends the NIST RBAC(Role-Based Access Control) standard with the notions of spatial role; role-dependentposition; role schema and role instance. Further; roles become enabled/disabled based onthe position of the user. In the paper we present GEO-RBAC; a full-fledged RBAC-basedmodel; consisting; like RBAC; of three distinct components: the Core GEO-RBAC; the …,International Journal of Information and Computer Security,2007,25
Protecting location privacy through semantics-aware obfuscation techniques,Maria Luisa Damiani; Elisa Bertino; Claudio Silvestri,The widespread adoption of location-based services (LBS) raises increasing concerns forthe protection of personal location information. To protect location privacy the usual strategyis to obfuscate the actual position of the user with a coarse location and then forward theobfuscated location to the LBS provider. Existing techniques for location obfuscation areonly based on geometric methods. We state that such techniques do not protect againstprivacy attacks rooted in the knowledge of the spatial context. We thus present a novelframework for the safeguard of sensitive locations comprehensive of a privacy model and analgorithm for the computation of obfuscated locations,IFIP International Conference on Trust Management,2008,24
Access control and privacy in location-aware services formobile organizations,Maria Luisa Damiani; Elisa Bertino,In mobile organizations such as enterprises operating on field; healthcare organizations andmilitary and civilian coalitions; individuals; because of the role they have; may need toaccess common information resources through location-aware applications. To enable acontrolled and privacy preserving access to such applications; a comprehensive conceptualframework for an access control system enhanced with location privacy is presented.,Mobile Data Management; 2006. MDM 2006. 7th International Conference on,2006,24
Policy mapper: Administering location-based access-control policies,Rafae Bhatti; Maria Luisa Damiani; David W Bettis; Elisa Bertino,Simplifying the administration of location-based access-control policies requires amechanism that supports both intuitive and scalable spatial constraint specifications and aflexible enforcement architecture. Policy mapper is an administrative tool that helps defineaccess control at conceptual and logical levels to carry out constraint specification andenforcement. The tool also provides an interface definition language that couples the twolevels. Policy mapper bridges a critical gap between the expressiveness and enforcement ofspatial constraints in location-based access-control policies.,IEEE internet Computing,2008,19
Privacy and security in spatiotemporal data and trajectories,Vassilios S Verykios; Maria Luisa Damiani; Aris Gkoulalas-Divanis,The European directive 2002/58/EC requires providers of public communication networksand electronic communication services to adopt techniques to ensure data security andprivacy. This directive states; among others; that “the provider of a publicly availableelectronic communication service must take appropriate technical and organizationalmeasures to safeguard the security of its services having regard to the state of the art;” andalso that “when location data relating to users can be processed; such data can only beprocessed when they are made anonymous or with the consent of the user.”,*,2008,18
Privacy enhancing techniques for the protection of mobility patterns in LBS: research issues and trends,Maria Luisa Damiani,Abstract LBS have become an integral part of users' experiences; delivering users targeted;relevant and highly convenient information. However; the significant advantages associatedwith LBS come at a price to users' privacy. While the location of a mobile device at any givenmoment may not be particularly sensitive; the historical trail of past locations; ie the users'trajectories; can reveal much about a user's behavior. Over the past few years there hasbeen a flourishing of research initiatives specifically addressing the development oftechniques for the safeguard of the position information in LBS (Position PETs). In this paperwe analyze pros and cons of major research streams. We also discuss some emergingtrends in LBS which are valuable for their implications on privacy and future research in thefield. The ultimate goal is to foster cross-disciplinary discussion on the requirements and …,*,2013,16
Symbolic trajectories in secondo: Pattern matching and rewriting,Fabio Valdés; Maria Luisa Damiani; Ralf Hartmut Güting,Abstract In this paper; we introduce a novel data model for representing symbolic trajectoriesalong with a pattern language enabling both the matching and the rewriting of trajectories.We illustrate in particular the trajectory data type and two operations for querying symbolictrajectories inside the database system Secondo. As an important application of our theory;the classification and depiction of a set of real trajectories according to several criteria isdemonstrated.,International Conference on Database Systems for Advanced Applications,2013,15
Approach to supporting continuity of usage in location-based access control,Maria Luisa Damiani; Elisa Bertino; Claudio Silvestri,In location-based access control systems; the location of subjects is a relevant parameter inaccess control decisions. Those systems however fail in controlling the location ofsubjectsalong the period of use of the objects and this can lead to security breaches. To ensure astronger protection of objects; a continuous control over the movement of subjectsis thusneeded. To address this requirement; we have developed GEO-RBAC_C a location-basedaccess control model supporting continuous usage control capabilities. In the paper; we firstpresent the basic concepts of the model and then discuss how the continuous control can beactually enforced.,Future Trends of Distributed Computing Systems; 2008. FTDCS'08. 12th IEEE International Workshop on,2008,15
A controlled access to spatial data on web,Elisa Bertino; M Damiani,SUMMARY The proliferation of Geographical Information services on the Web is creatingunprecedented opportunities for the shared use of geographical information and at the sametime an increasing need of controlled access to spatial data. In the paper we present anapproach to the definition of an access control system for spatial data on the Web. The goalis to provide a mechanism for controlling what spatial data can be accessed by whom; fordoing what and where. For that purpose; we propose an access control model based on aspatially extended notion of authorization rule. An architectural framework for enclosing sucha model into a Geographical Information service has been developed and applied to a casestudy.,Conference on Geographic Information Science (AGILE),2004,15
Spatial domains for the administration of location-based access control policies,Maria Luisa Damiani; Elisa Bertino; Claudio Silvestri,Abstract In the last few years there has been an increasing interest for a novel category ofaccess control models known as location-based or spatially-aware role-based accesscontrol (RBAC) models. Those models advance classical RBAC models in that they regulatethe access to sensitive resources based on the position of mobile users. An issue that hasnot yet been investigated is how to administer spatially-aware access control policies. In thispaper we introduce GEO-RBAC Admin; the administration model for the location-based GEO-RBAC model. We discuss the concepts underlying such administrative model and present alanguage for the specification of GEO-RBAC policies.,Journal of Network and Systems Management,2008,12
Hierarchical domains for decentralized administration of spatially-aware rbac systems,Maria Luisa Damiani; Claudio Silvestri; Elisa Bertino,Emerging models for context-aware role-based access control pose challengingrequirements over policy administration. In this paper we address the issues raised by thedecentralized administration of a spatially-aware access control model in a mobile setting.We present GEO-RBAC Admin; the administration model for the GEO-RBAC model. Themodel is based on the notion of hierarchy of spatial domains; a spatial domain is an entitygrouping objects based on organizational and spatial proximity criteria. In the paper weformally define the model and introduce and prove relevant properties.,Availability; Reliability and Security; 2008. ARES 08. Third International Conference on,2008,12
Extracting stay regions with uncertain boundaries from GPS trajectories: a case study in animal ecology,Maria Luisa Damiani; Hamza Issa; Francesca Cagnacci,Abstract In this paper we present a time-aware; density-based clustering technique for theidentification of stay regions in trajectories of low-sampling-rate GPS points; and itsapplication to the study of animal migrations. A stay region is defined as a portion of spacewhich generally does not designate a precise geographical entity and where an object issignificantly present for a period of time; in spite of relatively short periods of absence. Stayregions can delimit for example the residence of animals; ie the home-range. The proposedtechnique enables the extraction of stay regions represented by dense and temporallydisjoint sub-trajectories; through the specification of a small set of parameters related todensity and presence. While this work takes inspiration from the field of animal ecology; weargue that the approach can be of more general concern and used in perspective in …,Proceedings of the 22nd ACM SIGSPATIAL International Conference on Advances in Geographic Information Systems,2014,11
Introducing ‘presence’and ‘stationarity index’to study partial migration patterns: an application of a spatio-temporal clustering technique,Maria Luisa Damiani; Hamza Issa; Giuseppe Fotino; Marco Heurich; Francesca Cagnacci,Partial migration is a crucial mobility pattern in animal ecology. Unlike complete migrationsthat take place when all the individuals in a population migrate with a clear separation ofranges; partial migrations are migrations that often follow modalities and times that vary fromanimal to animal. As a result the distinction between migratory and nonmigratory behaviorbecomes less defined. In this paper; we present an interdisciplinary effort geared to evaluatewhether a recent time-aware; density-based clustering technique; called SeqScan; relyingon the novel concept of object's presence can be effectively applied to the study of partialmigrations. To that end; we propose an extended framework centered on SeqScan;comprising a noise model for the detection of fine-grained movement patterns; ie excursionsand inter-cluster transitions; and an internal time-aware validity index; for clustering …,International Journal of Geographical Information Science,2016,10
Privacy challenges in third-party location services,Maria Luisa Damiani; Colette Cuijpers,The concern for location privacy in mobile applications is commonly motivated by a scenarioin which a mobile device communicates personal location data; ie the device holderlocation; to a third party eg LBS provider; in exchange for some information service. Weargue that this scenario offers a partial view of the actual risks for privacy; because in realitythe information How can be more complex. For example; more and more often location iscomputed by a third party; the location provider; eg Google Location Service. Locationproviders are in the position of collecting huge amounts of location data from the users ofdiverse applications (eg Facebook and Foursquare to cite a few). This raises novel privacyconcerns. In this paper; we discuss two issues related to the protection from locationproviders. The first focuses on the compliance of emerging location services standards …,Mobile Data Management (MDM); 2013 IEEE 14th International Conference on,2013,10
Third party geolocation services in LBS: privacy requirements and research issues.,Maria Luisa Damiani,Abstract. The advances in positioning technologies and the emergence of geolocationstandards opens up to the development of innovative location-based services (LBS); eg;web-based LBS. These services challenge existing privacy protection solutions. Forexample; the position information is provided by a third party; the location provider; and thisparty may be not fully trusted. In this paper; we analyze the web-based LBS model. Then weoutline the privacy-aware geolocation strategy which minimizes the interaction with theuntrusted location provider by caching the information that is useful to determine the positionin proximity of the private positions; eg; home; which have been already visited. Thedeployment of this strategy requires investigating several issues and novel tools. Theobjective of this paper is to discuss the technical challenges and suggest directions of …,Trans. Data Privacy,2011,10
Interactive location cloaking with the probe obfuscator,Gabriel Ghinita; Maria Luisa Damiani; Elisa Bertino; Claudio Silvestri,The problem of private location-based queries has been intensively researched in recentyears. Several location protection algorithms exist; most of which use some form of locationcloaking. However; existing work focuses on the analysis of privacy and performance; andless on the user's perspective on location privacy. We developed a prototype of the PROBEsystem with an emphasis on visualization of the location cloaking process; which improvesuser experience and increases privacy awareness.,Mobile Data Management: Systems; Services and Middleware; 2009. MDM'09. Tenth International Conference on,2009,10
Handling user-defined private contexts for location privacy in LBS,Maria Luisa Damiani; Marco Galbiati,Abstract We present a privacy-preserving framework for the protection of location frompotentially untrustworthy location providers (LP); offering geolocation services to LBSsubscribers; across indoor and outdoor settings. This framework; called Placeprint; is builton the metaphor of private place [1]. A private place is a user-defined spatial context whichbelongs to the personal sphere of an individual; eg home. In Placeprint; users equipped withcommodity devices; can be geolocated in private places without revealing to the LP theirpresence. Moreover users can specify context-based privacy rules to forestall the disclosureof private places also to LBS providers. The ultimate goal is to provide users with thecapability of exercising flexible control over the disclosure of the position to both LP and LBSprovider.,Proceedings of the 20th International Conference on Advances in Geographic Information Systems,2012,9
Spatio-temporal access control: challenges and applications,Maria Luisa Damiani; Herve Martin; Yucel Saygin; Maria Rita Spada; Cedric Ulmer,Abstract In the last few years; a number of spatial and spatio-temporal access control modelshave been developed especially in the framework of pervasive computing and location-aware applications. Yet; how useful and effective those models are in real applications is stillto be proved. The goal of this panel is to discuss access control requirements in mobileapplications; trying to link research to real business problematic.,Proceedings of the 14th ACM symposium on Access control models and technologies,2009,8
A conceptual view of trajectories,ML Damiani; JA Fernandes de Macedo; C Parent; F Porto; S Spaccapietra,*,Proceedings of the 26th International Conference on Conceptual Modeling,2007,7
Hybrid queries over symbolic and spatial trajectories: A usage scenario,Maria Luisa Damiani; Hamza Issa; Ralf Hartmut Güting; Fabio Valdes,Symbolic trajectories is a novel data model recently proposed for the modeling and queryingof temporally annotated sequences of symbolic descriptions; representing eg transportationmeans; places of interest; and so forth. Unlike geometric trajectories; symbolic trajectoriescapture the thematic dimension of movement. In this demonstration; we illustrate a practicalapproach to the querying of hybrid trajectories; combining the symbolic and geometricdimension in a multidimensional trajectory. The system runs on the Secondo moving objectdatabase. The multi-dimensional trajectories are obtained from the GeoLife dataset.,Mobile Data Management (MDM); 2014 IEEE 15th International Conference on,2014,6
Semantic trajectories and beyond,M Damiani; R Guting,Mobility data generally takes the form of geometric trajectories; reporting the history of theobjects' locations. Abstractly; geometric trajectories are time-varying functions ranging overspace; or; put differently; geometries whose position and possibly shape; changes in time.This view is at the heart of the moving object data model developed in early 2000 [1]; andimplemented in major moving object databases such as Secondo and Hermes [2]. Inmodern applications; however; there is increasing evidence that describing the movementexclusively in geometric terms is no longer sufficient. For example; an important feature ofthe movement is the context in which such a movement takes place; such as the weatherconditions during the travel; the places of interests being visited; the people in proximity andso forth. Moreover the movement can be described at different levels of abstraction …,IEEE International Conference on Mobile Data Management,2014,6
Semantics-aware obfuscation for location privacy,Maria Luisa Damiani; Claudio Silvestri; Elisa Bertino,Abstract The increasing availability of personal location data pushed by the widespread useof location-sensing technologies raises concerns with respect to the safeguard of locationprivacy. To address such concerns location privacy-preserving techniques are beinginvestigated. An important area of application for such techniques is represented byLocation Based Services (LBS). Many privacy-preserving techniques designed for LBS arebased on the idea of forwarding to the LBS provider obfuscated locations; namely positioninformation at low spatial resolution; in place of actual userspositions. Obfuscationtechniques are generally based on the use of geometric methods. In this paper; we arguethat such methods can lead to the disclosure of sensitive location information and thus toprivacy leaks. We thus propose a novel method which takes into account the semantic …,Journal of Computing Science and Engineering,2008,6
Moving objects beyond raw and semantic trajectories,M Damiani; H Issa,ABSTRACT Mobile applications; for example for road traffic monitoring; mobile health andanimal data ecology; call for methods enabling rich and expressive representation of movingobjects. This demand motivates the increasing concern for the paradigm of semantictrajectories. In this paper; I overview related research; focusing in particular on the noveldata model of symbolic trajectories proposed for the efficient and flexible handling ofsemantics-aware trajectories through a Moving Object DBMS.,International Workshop on Information Management for Mobile Applications (IMMoA 2013),2013,5
Efficient access to temporally overlaying spatial and textual trajectories,Hamza Issa; Maria Luisa Damiani,In this paper we deal with the problem of querying heterogeneous trajectory data consistingof spatial and textual trajectories defined over continuous temporal domains. In contrast withspatial trajectories; which describe the continuous movement in space of an individual; thetextual trajectories of concern in this work describe the individual's step-wise changingbehavior; such as the transportation means used and the activities performed in a timeperiod. Accessing large datasets of temporally aligned spatial and textual trajectories canprovide valuable information on where certain behaviors take place. In this paper wepresent a novel index framework; called IRWI; for the efficient processing of queries onaligned spatio-textual trajectories formulated as sequences of ordered spatio-textual rangequeries q= q 1;..; qn (sequenced queries). IRWI consists of a hybrid; spatial and textual …,Mobile Data Management (MDM); 2016 17th IEEE International Conference on,2016,4
Symbolic trajectories and application challenges,Maria Luisa Damiani; Hamza Issa; Ralf Hartmut Güting; Fabio Valdes,Abstract Describing the location history of moving objects exclusively in geometric terms isno longer sufficient; whereas more expressive data models capturing the complexity andheterogeneity of movement data are needed. Following this trend; the data model ofsymbolic trajectories has been recently proposed for the representation of content-richtrajectories in databases. The model provides a simple notation and a powerful and fullyoperational pattern-based query language for trajectory matching and rewriting. In thispaper; we overview the key features of the model and sketch two applications cases; theformer regarding the integration of heterogeneous mobility data (GPS and transportationmodes); the latter the representation of migration patterns in animal ecology. The goal is toshow the flexibility of the model and; at the same time; to prospect possible directions of …,SIGSPATIAL Special,2015,4
Trajectory collection and reconstruction,Gerasimos Marketos; M Damiani; Nikos Pelekis; Yannis Theodoridis; Zhixian Yan,The research area of trajectory databases has addressed the need for representingmovements of objects (ie; trajectories) in databases in order to perform ad-hoc querying andanalysis on them. During the last decade; there has been a lot of research ranging from datamodels and query languages to implementation aspects; such as efficient indexing; queryprocessing and optimization techniques. This chapter covers aspects related to datacollection and handling so as to feed trajectory databases with appropriate data. We willalso focus on the step trajectory reconstruction of the Geographic Privacy-aware KDDprocess (illustrated in Figure 2.1) emerged from the GeoPKDD project which proposed somesolid theoretical foundations at an appropriate level of abstraction to deal with traces andtrajectories of moving objects aiming at serving real world applications. This process …,*,2013,4
Privacy-aware geolocation interfaces for volunteered geography: a case study,Maria Luisa Damiani; Colette Cuijpers,Abstract The standard W3C Geolocation API can significantly facilitate geospatial datacollection as it provides a simple set of operations for requesting geolocation servicesacross indoor and outdoor spaces through the Web. Importantly; this API is privacy-aware inthat it provides a basic privacy mechanism for requesting the user's consent to locationacquisition. In this paper we address the question on whether this privacy mechanism issufficient to conduct a project for the collection of geospatial content; in compliance withprivacy laws. The question is of practical relevance as the use of geolocation standards inline with privacy regulations would make the development of volunteered geographyprojects easier. In this paper we present an interdisciplinary analysis spanning acrosstechnology and law; and driven by an application case. We show the limitations of this …,Proceedings of the 1st ACM SIGSPATIAL International Workshop on Crowdsourced and Volunteered Geographic Information,2012,3
Privacy issues in location-aware browsing,Maria Luisa Damiani; Pierluigi Perri,Abstract Advances in positioning services and their pervasiveness; eg; wi-fi based locationservices; pave the way to the development of innovative LBSs and architectures. In thispaper we focus on location-aware browsing; a framework which enables websites to acquirethe position of website users. In particular we discuss privacy issues related to the recentW3C proposal for a geolocation API standard. Such specification prescribes that users mustgive explicit consent to the disclosure of position information to websites. In this paper weargue that stronger and more flexible protection is needed: a) users should be provided withthe capability of disclosing coarse regions in place of point coordinates in order to limit thedisclosure of personal location data; b) location information should be protected not onlyagainst websites but also against location service providers. We discuss a possible …,Proceedings of the 3rd ACM SIGSPATIAL International Workshop on Security and Privacy in GIS and LBS,2010,3
Foreword for the special issue of selected papers from the 1st ACM SIGSPATIAL Workshop on Security and Privacy in GIS and LBS,Elisa Bertino; Maria Luisa Damiani,Abstract The first Workshop on Security and Privacy in GIS and LBS (SPRINGL 2008) wasorganized on November 4; 2008 at Irvine (CA) in conjunction with the SIGSPATIALInternational Conference on Advances in Geographic Information Systems (ACM GIS 2008).The goal of the SPRINGL workshop series is to provide a forum for researchers working inthe area of geospatial data security and privacy. Both security and privacy are critical forgeospatial applications because of the dramatic increase and dissemination of geospatialdata in several application contexts including homeland security; environmental crises; andnatural and industrial disasters. Furthermore; geospatial infrastructures are being leveragedby companies to provide a large variety of location-based services (LBS) able to tailorservices to users. However; despite the increase of publicly accessible geospatial …,Transactions on Data Privacy,2009,3
Reasoning about lava effusion: from geographical information systems to answer set programming,Isabella Cattinelli; M Damiani; Andrea Nucita,Abstract. This article describes our implementation in Answer Set Programming of areasoning system that models the flow of lava in volcanic eruptions. Our system can beemployed in the validation of evacuation plans. To demonstrate the feasibility of suchapproach; we adopt a simplified yet realistic model of how lava flows; and apply it to altitudedata from the Etna volcano.,Latin-American Workshop on Non-Monotonic Reasoning,2004,3
Spatial trajectories segmentation: trends and challenges,Maria Luisa Damiani,Abstract Given a sequence S of temporally ordered observations; non necessarily of spatialnature; the segmentation task partitions S in a set of disjoint sub-sequences si;..; s n-thesegments-such that∪ i∈[1; n] si= S. Typically; segments represents sub-sequences that aresomehow homogeneous with respect to some criteria. Depending on the context and thenature of observations; segments can be given an approximated representation; for examplesegments can be assigned a descriptive label or one of the data points is chosen asrepresentative of the whole sub-sequence. The final result is a summarized representationof the sequence. This simple and intuitive mechanism has been extensively studied inliterature; for example; for the summarization of time series. Interestingly; the notion ofsegment is also at the basis of the most recent trajectory data models. For example …,Proceedings of the 5th ACM SIGSPATIAL International Workshop on Mobile Geographic Information Systems,2016,2
MigrO: a plug-in for the analysis of individual mobility behavior based on the stay region model,Maria Luisa Damiani; Hamza Issa; Giuseppe Fotino; Fatima Hachem; Nathan Ranc; Francesca Cagnacci,Abstract We present MigrO; a clustering environment for the extraction of individual mobilitypatterns from GPS trajectories; relying on the notion of stay region [1]. A stay region isan'attractive'area where the moving object resides for a period; possibly experiencingarbitrarily long periods of absence; before moving to a more attractive stay region. The corecomponent is the SeqScan algorithm for the extraction of temporally ordered sequences ofstay regions grounded on the notion of presence. An additional set of functionalities supporttrajectory pre-processing and clustering evaluation. MigrO is developed as plug-in for theopen-source QuantumGIS system thus can exploit the rich set of functionalities of the hostingsystem; offering a formidable platform for the analysis of the mobility behavior. In thisdemonstration; we present MigrO at work in two case studies; both from the domain of …,Proceedings of the 23rd SIGSPATIAL International Conference on Advances in Geographic Information Systems,2015,2
Third party positioning services: novel challenges for location privacy in LBS,M Damiani; Pierluigi Perri; C Yildizli,Abstract. A common assumption in the research community working on location privacy inlocationbased services (LBS) is that the location sources are trusted. In this paper wepresent a different perspective. We argue that; because of the deployment of wifi-based/hybrid positioning techniques and web-based LBSs; the user's location isincreasingly computed by third-party location providers which may be not fully trusted. Thischange of perspective challenges the effectiveness of current location privacy-preservingtechniques. To support this thesis we present an empirical investigation of the privacy issuesraised by web-based LBSs. Moreover; following a holistic approach; we present the problemfrom three different and complementary angles; ie; technical; user-based; and legal. Theoverall picture suggests a novel direction of research.,*,2011,2
Analyzing semantic locations cloaking techniques in a probabilistic grid-based map,Maria Luisa Damiani; Claudio Silvestri; Elisa Bertino,Abstract The protection of semantic positions; for instance that an individual is inside ahospital; is a challenging privacy issue. For example; it can be shown that popular protectionmechanisms; like location cloaking; can be easily defeated when certain mobility patternsare known; eg; certain places are more or less popular than other places. To prevent thiskind of attack; novel semantic location cloaking heuristics are being investigated. Thesemethods are built on the knowledge of population distribution and sensitive locations. In thisdemonstration; we present SAWL (Semantics-aware Location cloaking); a tool supportingthe comparison of semantic location cloaking methods over real and synthetic spatialscenarios.,Proceedings of the 18th SIGSPATIAL International Conference on Advances in Geographic Information Systems,2010,2
Spatial knowledge-based applications and technologies: Research issues,Elisa Bertino; Maria Luisa Damiani,Abstract Spatio-temporal data and knowledge have become increasingly important in thelast years. In this paper; which introduces the session on Knowledge EngineeringTechniques for Spatio-temporal Applications; we outline some issues in geo-spatialresearch and applications for which the use of innovative knowledge; tools andmethodologies is crucial.,International Conference on Knowledge-Based and Intelligent Information and Engineering Systems,2005,2
GEO-RBAC: A spatially aware RBAC; 10th ACM Symp. on Access Control Models and Technologies (SACMAT); 29–37,E Bertino; B Catania; ML Damiani; P Perlasca,*,*,2005,2
Survey on Semantic Trajectories Modeling,Christine Parent; Stefano Spaccapietra; Chiara Renso; Gennady Andrienko; Natalya Andrienko; Vania Bogorny; Maria Luisa Damiani; Aris Gkoulalas-Divanis; Jose Macedo; Nikos Pelekis; Yannis Theodoridis; Zhixian Yan,*,Computing; and Analysis,*,2
Segmentation techniques for the summarization of individual mobility data,Maria Luisa Damiani; Fatima Hachem,Abstract Segmentation techniques partition a sequence of data points into a series of disjointsubsequences—segments—based on some criteria. Depending on the context and thenature of data themselves; segments return an approximate representation. The final resultis a summarized representation of the sequence. This intuitive mechanism has beenextensively studied; for example; for the summarization of time series in order to preservethe 'shape'of the sequence while omitting irrelevant details. This survey focuses on the useof segmentation methods for extracting behavioral information from individual mobility data;in particular from spatial trajectories. Such information can then be given a compactrepresentation in the form of summarized trajectories; eg; semantic trajectories and symbolictrajectories. Two major streams of research are discussed; spanning computational …,Wiley Interdisciplinary Reviews: Data Mining and Knowledge Discovery,2017,1
Introduction to this special issue: semantic and symbolic trajectories,Maria Luisa Damiani; Chiara Renso,Abstract Nowadays; the digital traces of moving objects; such as people; animals; goods;increasingly contain richer information than the mere location history. Traces can report; forexample; the places visited by tourists during a touristic journey (eg; hotels; entertainmentspots); the activities performed during such a journey (eg; shopping; driving); the peopleencountered during the trip. This supplementary information is often referred to as semanticannotation (of trajectories). Semantic annotations can be directly acquired from sensors or;alternatively; be the result of some analytic process or be directly provided by users. Inrecent times; following a few pioneering research projects; especially in Europe and Asia;the processing of large amounts of semantics-enriched trajectories has become an exciting;cross-disciplinary research area; spanning spatial computing; data analytics and …,SIGSPATIAL Special,2015,1
Sawlnet: Sensitivity aware location cloaking on road-networks,Claudio Silvestri; Emre Yigitoglu; Maria Luisa Damiani; Osman Abul,Location based queries are increasingly common in mobile applications; and the associatedprivacy issues have become a hot research topic in the last years. Most of the currentapproaches; however; do not account for the location of potentially sensitive places and forconstraints on the movement of users; such as speed limits or network contraints. In thisdemo we present different deployment scenarios of a privacy-preserving framework for theprotection of sensitive positions in real time trajectories. We assume that the sensitivity ofusers' positions depends on the spatial context; while the users' movement is confined toroad networks and places. Further; the users are non-anonymous; as in the case of geo-social network members who agree to share their exact position whenever it does not fallwithin a sensitive place; eg a hospital. We will show that our proposal is suitable for …,Mobile Data Management (MDM); 2012 IEEE 13th International Conference on,2012,1
Springl!: proceedings of the 3rd ACM SIGSPATIAL International Workshop on security and privacy in GIS and LBS; November 2; 2010; San José; California; USA,Elisa Bertino; M Damiani; Y Saygin,These proceedings contain the papers selected for presentation at the third edition of theACM Workshop on Security and Privacy in GIS and LBS (SPRINGL 2010) which is beingheld in conjunction with the ACM SIGSPATIAL GIS conference like previous SPRINGLworkshops. Geospatial data has many application areas including traffic management;homeland security; geo-marketing; and environmental crises management which motivatethe research in this area. However; growing geospatial information is yet to be matched bythe advances in secure geospatial information systems (GIS) and LBS. On the other hand;location information is very sensitive and also a strong quasi-identifier; which can becombined with other rich information sources to cause serious privacy leaks. Thereforeensuring security and privacy in GIS and LBS is of utmost importance which needs to be …,*,2010,1
Architectural issues for a location-aware role-based access control system,Maria Luisa Damiani; Elisa Bertino,Abstract An increasingly important category of location-based services (LBS) responding tothe demands of mobility in organizations is represented by Enterprise LBS (E-LBS). E-LBSpose challenging requirements; including the need of selective access to the services basedon the position of mobile users and spatially-bounded organizational functions. To addressthese requirements a general architectural framework for an access control system based onlocation-aware roles is introduced.,Proceedings of the 2006 ACM symposium on Applied computing,2006,1
Modelling Lava Flow to Assess Hazard on Mount Etna (Italy). From Geological Data to a Preliminary Hazard Map,E Bertino; ML Damiani; G Groppelli; G Norini; B Aldighieri; S Borgonovo; F Comoglio; G Pasquaré,Abstract In this paper we present a systematic approach to the development of the lava flowhazard map forthe Mount Etna; the most important active volcano in Europe. The basic ideais to determine the hazard zonesby simulating the lava flows originated from a number ofsample points localized in regions at high densityof vents; called eruption zones. The keychoice is the adoption of a probabilistic model for the simulation ofthe lava flow. In the paperwe outline the characteristics of the model; called ELFM; and how it has beenvalidated. Onthe other side; for the determination of the eruption zones; which likely contain the pointsoffuture lava flows emissions; we propose an approach based on data mining techniques.,*,2006,1
A modular framework for administering spatial constraints in context-aware rbac,Rafae Bhatti; Maria Damiani; David W Bettis; Elisa Bertino; Arif Ghafoor,Many context-aware access control models with support for spatial and location-basedcapabilities (or constraints) have recently been proposed [6; 8; 9]. Models with location-based access control are becoming increasingly necessary in pervasive computingapplications; and are adequately receiving considerable popularity in the research andindustrial community alike. However; the design of context-aware access control modelswith spatial constraints is still far from satisfactory in a very important respect; vis-à-visflexibility of policy administration. Many of the existing models have dealt with issues relatedto the introduction of spatial constraints in access control models without; however; takinginto account requirements for modularity of constraint specification and flexibility of policyadministration. In our opinion; flexible policy administration demands a clear separation …,*,2006,1
Discovering gatherings based on individual mobility patterns: challenges and direction,Fatima Hachem; Maria Luisa Damiani; Hamza Issa,Given a database of spatial trajectories reporting the movement of a set of objects in a timeframe; the problem is to discover the groups of objects that stay in close proximity within ageographical area for a significant time. To deal with the problem; techniques for thediscovery of collective patterns; eg the meeting pattern; have been proposed. Suchtechniques; however; impose stringent constraints on the object movement. In this paper weinvestigate a generalized; flexible approach that builds on the idea of expressing thecollective pattern as sum of individual behaviors. We present a technique called k-Gatheringfor the discovery of gatherings of at least k objects; which leverages a recent method for thediscovery of stop-and-move patterns. The experiments; conducted on both synthetic and realdata; show that the direction is promising and that the approach can be effective also on …,Data Mining Workshops (ICDMW); 2017 IEEE International Conference on,2017,*
MobiGIS 2016 workshop report: The Fifth ACM SIGSPATIAL International Workshop on Mobile Geographic Information Systems: San Francisco; California; USA-Oct...,Shashi Shekhar; Maria Luisa Damiani; Chi-Yin Chow; Reza Nourjou,Abstract Combining the functionality of mobile devices (smartphones and tablets); wirelesscommunication (Wi-Fi; Bluetooth and 3/4G); and positioning technologies (GPS; AssistedGPS and GLONASS) results in a new era of mobile geographic information systems (GIS)that aim at providing various invaluable services; including location-based services;intelligent transportation systems; logistics management; security and safety; etc. Manymobile GIS applications have been developed to solve challenging real-world problems andimprove our quality of life.,SIGSPATIAL Special,2017,*
Mobile Geographic Information Systems (MobiGIS),Chi-Yin Chow; Maria Luisa Damiani; Shashi Shekhar,Copyright© 2016 by the Association for Computing Machinery; Inc. Permission to makedigital or hard copies of part or all of this work for personal or classroom use is grantedwithout fee provided that copies are not made or distributed for profit or commercialadvantage and that copies bear this notice and the full citation on the first page. Copyrightsfor components of this work owned by others than ACM must be honored. Abstracting withcredit is permitted. To copy otherwise; to republish; to post on servers; or to redistribute tolists; requires prior specific permission and/or a fee. Request permissions from PublicationsDept.; ACM; Inc.; Fax+ 1 (212) 869-0481; or permissions@ acm. org.,*,2016,*
Proceedings of the 5th ACM SIGSPATIAL International Workshop on Mobile Geographic Information Systems; MobiGIS 2016,Shashi Shekhar; Maria Luisa Damiani; Chi-Yin Chow; Reza Nourjou,Shekhar; S; Damiani; ML; Chow; CY & Nourjou; R 2016; 'Proceedings of the 5th ACM SIGSPATIALInternational Workshop on Mobile Geographic Information Systems; MobiGIS 2016' Proceedingsof the 5th ACM SIGSPATIAL International Workshop on Mobile Geographic InformationSystems; MobiGIS 2016 … Shekhar; S.; Damiani; ML; Chow; C.; & Nourjou; R. (2016). Proceedingsof the 5th ACM SIGSPATIAL International Workshop on Mobile Geographic InformationSystems; MobiGIS 2016. Proceedings of the 5th ACM SIGSPATIAL International Workshop onMobile Geographic Information Systems; MobiGIS 2016 … Shekhar S; Damiani ML; ChowCY; Nourjou R. Proceedings of the 5th ACM SIGSPATIAL International Workshop on MobileGeographic Information Systems; MobiGIS 2016. Proceedings of the 5th ACM SIGSPATIAL InternationalWorkshop on Mobile Geographic Information Systems; MobiGIS 2016. 2016 Oct 31.,Proceedings of the 5th ACM SIGSPATIAL International Workshop on Mobile Geographic Information Systems; MobiGIS 2016,2016,*
Protecting Against Velocity-Based; Proximity-Based; and External Event Attacks in Location-Centric Social Networks,Gabriel Ghinita; Maria Luisa Damiani; Claudio Silvestri; Elisa Bertino,Abstract Mobile devices with positioning capabilities allow users to participate in novel andexciting location-based applications. For instance; users may track the whereabouts of theiracquaintances in location-aware social networking applications (eg; Foursquare).Furthermore; users can request information about landmarks in their proximity. Suchscenarios require users to report their coordinates to other parties; which may not be fullytrusted. Reporting precise locations may result in serious privacy violations; such asdisclosure of lifestyle details; sexual orientation; and so forth. A typical approach to preservelocation privacy is to generate a cloaking region (CR) that encloses the user position.However; if locations are continuously reported; an attacker can correlate CRs from multipletimestamps to accurately pinpoint the user position within a CR. In this work; we protect …,ACM Transactions on Spatial Algorithms and Systems (TSAS),2016,*
MobiGIS 2015 workshop report: the 4th ACM SIGSPATIAL International Workshop on Mobile Geographic Information Systems Seattle; Washington; USA-November...,Chi-Yin Chow; Maria Luisa Damiani; Shashi Shekhar,Abstract Combining the functionality of mobile devices (smartphones and tablets); wirelesscommunication (Wi-Fi; Bluetooth and 3/4G); and positioning technologies (GPS; AssistedGPS and GLONASS) results in a new era of mobile geographic information systems (GIS)that aim at providing various invaluable services; including location-based services;intelligent transportation systems; logistics management; security and safety; etc. Manymobile GIS applications have been developed to solve challenging real-world problems andimprove our quality of life.,SIGSPATIAL Special,2016,*
Mathematical programming algorithms for spatial cloaking.,Alberto Ceselli; Maria Luisa Damiani; Giovanni Righini; Diego Valorsi,Abstract We consider a combinatorial optimization problem for spatial information cloaking.The problem requires to compute one or several disjoint arborescences on a graph from apredetermined root or subset of candidate roots; so that the number of vertices in thearborescences is minimized but a given threshold on the overall weight associated with thevertices in each arborescence is reached. For a single arborescence case; we solve theproblem to optimality by designing a branch-and-cut exact algorithm. Then we use the samealgorithm for the purpose of pricing out columns in an exact branch-and-price algorithm forthe multi-arborescence version. We also propose a branch-and-price-based heuristicalgorithm; where branching and pricing respectively act as diversification and intensificationmechanisms. The heuristic consistently finds optimal or near-optimal solutions within a …,CTW,2015,*
Guest editorial: location-centric privacy in mobile services,Maria Luisa Damiani; Gabriel Ghinita,Individual location of users is an enabling factor in a variety of mobile applications; such aslocation-based services (LBS) and participatory sensing. LBS provide users with valuableinformation that is relevant to their geospatial context; whereas participatory sensingenables gathering of geo-referenced data through sensor-equipped mobile phones. In all ofthese applications; the users' locations are communicated to a third party that is notnecessarily trusted. Sending location data to untrusted parties may lead to serious privacyrisks; resulting in disclosure of sensitive individual details; such as health status; politicalaffiliations; alternative lifestyles; etc. The goal of this special issue is to disseminate recentadvances in location privacy models and technologies for mobile applications. We selectedfor inclusion in this issue a number of three articles; discussed next. The first article is …,GeoInformatica,2014,*
Analisi territoriale di Chiavenna attraverso il catasto storico,E Furlan; M Damiani,A differenza di quanto avvenne in altre zone appartenenti alla Repubblica Cisalpina; inValchiavenna i primi tentativi di censimento si registrarono solo nel 1807 con la formazionedi un catasto1; redatto successivamente verso la fine del 18462. Nel periodo precedente adesso; le informazioni inerenti a questo territorio erano legate alla compilazione di vari estimi;il più antico dei quali risalente al 1309 e conosciuto con la denominazione di “catastocomunale di Chiavenna”; mentre l'unico in visione integrale è datato 16433. Durante laprima fase di misurazione; venne utilizzata la pertica censuaria4 come unità di misurasuperficiale dei terreni; considerata come la decima parte della tornatura e tutti i comunifurono muniti di una mappa topografica con una scala nella proporzione di 1: 2000. In unmomento successivo; si stabilì una precisa regolamentazione per i criteri di misuratura …,CLAVENNA,2013,*
Preface to the fourth IEEE workshop on privacy aspects of data mining,Aris Gkoulalas-Divanis; Grigorios Loukides; Charu Aggarwal; Raghav Bhaskar; Dan Kifer; Srivatsan Laxman; Xintao Wu; Francesco Bonchi; Maria Luisa Damiani; Josep Domingo-Ferrer; Benjamin Fung; Wei Jiang; Murat Kantarcioglu; Guenter Karjoth; Panagiotis Karras; Bradley Malin; Kun Liu; Mehmet Sayal; Jianhua Shao; Lisa Singh; Spiros Skiadopoulos; Aleksandra Slavkovic; Adam Smith; Manolis Terrovitis; S Yu Philip; Ke Wang,Powered by Pure; Scopus & Elsevier Fingerprint Engine™ © 2018 Elsevier BV.,Unknown Journal,2013,*
Discovering the mobility patterns of wild animals: a case study,M Damiani; F Cagnacci,There's a request for a new journal in ANCE; use" Register ANCE code" to register the codethat you have received LoginMIUR or send a brand new request or search for the journal.There's a request for a new series in ANCE; use" Register ANCE code" to register the codethat you have received LoginMIUR or send a brand new request or search for the series.,MOVE: Knowledge Discovery from Moving Objects (COST Action IC0903),2013,*
Message from the PriSMO workshop organizers,M Damiani; Bradley Malin; Anna Monreale; Yucel Saygin; Manolis Terrovitis,Movement data constitutes valuable information. Data about user and object movement is avery rich source of information with social; economic and environmental value; and it isnowadays available in such a scale; that it is considered a characteristic case of big data.The information richness that makes movement data so valuable often poses a threat to theprivacy and security of users and companies; who are behind the digital location andtrajectory data. Movement data can reveal the exact location of a user in real time to thirdparties; which is a violation of user privacy by per se. But it is not only the user location that isrevealed by location traces; studying the movement patterns of a user can reveal sensitiveinformation as the location of her home; where she works; religious preferences and evenindicate health problems. Often; context information can help to reveal the details of users …,Proceedings-IEEE International Conference on Mobile Data Management,2013,*
Animal movement “on track”: reconciling the spatial and temporal nature of animal trajectories,FRANCESCA Cagnacci; M Damiani; R Gueting; N van de Wege; J De Groeve; T Neutens; S Focardi,Animals do not occupy the space at random; but in dependence of distribution of resourcesallowing survival and reproduction. Indeed; the position of animals in space and time relatethe animal to its environment; vice versa; most animals respond to environmentalheterogeneity in space and time by moving. Different strategies have been described foranimals to occupy the environment; from residence to migration; to nomadism; tocommuting. One of the most relevant concepts in animal ecology is the “home range”; ie“that area traversed by the individual in its normal activities of food gathering; mating andcaring for young”; according to the classic definition of Burt (1947). The same definitionquotes that “occasional sallies outside the area; perhaps exploratory in nature; should notbe considered as in part of the home range”. According to this definition; the spatial …,Analysis & visualization of MOVEment: where are we now?,2012,*
La ricostruzione del paesaggio storico di Chiavenna attraverso l’analisi dei dati catastali del Regno Lombardo-Veneto,ML Damiani; B Aldighieri,Il paesaggio rurale e urbano che ci circonda è in continua evoluzione. Le strutturearchitettoniche sono mutate; scomparse o accresciute; la destinazione d'uso del suolo ècambiata e sottoposta nuovi regimi di gestione. Mai; nella storia; questi cambiamenti sonoavvenuti in maniera rapida come negli ultimi quaranta anni. La Convenzione Europea delPaesaggio1 guarda al paesaggio come all'ambiente di vita delle popolazioni. Il suo fineprimario è quello di assicurare la qualità del paesaggio a tutti i cittadini; partendo dalpresupposto che esso contribuisca al benessere e alla soddisfazione degli esseri umani. LaConvenzione si pone inoltre come obiettivo l'introduzione di regimi di salvaguardia;gestione; pianificazione dei paesaggi; in risposta alle attese di specifiche popolazioni. Inparticolare l'articolo 5 della Convenzione prevede che ai fini di una migliore conoscenza …,*,2012,*
SPRINGL 2010 workshop report: The Third ACM SIGSPATIAL International Workshop on Security and Privacy in GIS and LBS (San Jose; California-November 2; 20...,Maria Luisa Damiani; Yucel Saygin,Abstract Security and privacy are both critical for geospatial applications because of thedramatic increase and dissemination of geospatial data in several application contextsincluding homeland security; environmental crises; and natural and industrial disasters.Furthermore; geospatial infrastructures are being leveraged by companies to provide a largevariety of location-based services (LBS) able to tailor services to users. However; despite theincrease of publicly accessible geospatial information little attention is being paid tosecuring geospatial information systems (GIS) and LBS. Privacy is also of increasingconcern given the sensitivity of personally-identifiable location information.,SIGSPATIAL Special,2011,*
Il sistema informativo territoriale,B Aldighieri; M Damiani; B Testa,Attenzione: i dati modificati non sono ancora stati salvati. Per confermare inserimenti ocancellazioni di voci è necessario confermare con il tasto SALVA/INSERISCI in fondo alla paginaIRIS logo nascondi/visualizza icone a destra nascondi/visualizza menu in alto. Aiuto. Login …,*,2011,*
Location privacy in web-based LBS,Maria Luisa Damiani; Pierluigi Perri,3 Conclusion In summary; web-based LBSs offer extraordinary opportunities to location andLBS providers to collect huge amount of position data in a simple way. This also raiseschallenging opportunities of research on privacy enhanced technologies. Therefore it isimportant to bring this scenario to the attention of researchers working in the area; becausethe level of awareness seems still limited. In this perspective; experiments with the users ofweb-based LBS can be of vital importance to gain insights into user's expectation on privacy.,*,2011,*
Foreword for the special issue of selected papers from the 3rd ACM SIGSPATIAL Workshop on Security and Privacy in GIS and LBS,Yucel Saygin; Maria L Damiani,Abstract The third Workshop on Security and Privacy in GIS and LBS (SPRINGL 2010) wasorganized in November 2; 2010; San Jose; California in conjunction with the SIGSPATIALInternational Conference on Advances in Geographic Information Systems (ACM GIS 2010).Security and privacy are the two dimensions of GIS systems and geospatial applications thatneed to be addressed for these applications to have wider acceptance. However; we are stillfar from fully achieving this goal with provable techniques that can be adopted by theindustry. The SPRINGL workshop series aims to provide a forum for researchers working inthe field of geospatial data security and privacy to discuss the advances in this domain. Inorder for solid archival work to be presented to the community; special issues ofTransactions on Data Privacy have been organized for the previous SPRINGL workshops …,Transactions,2011,*
Protecting Location Privacy through Semantics-aware Obfuscation Techniques,Elisa Bertino; Claudio Silvestri; Maria Luisa Damiani,*,IFIP International Federation for Information Processing,2010,*
SPRINGL 2009 Workshop Report: The 2nd International Workshop on Security and Privacy in GIS and LBS (Seattle; Washington-November 3; 2009),Maria Luisa Damiani; Yucel Saygin,Abstract The second International Workshop on Security and Privacy in GIS and LBS(SPRINGL 2009) was held on 3rd November 2009 in Seattle; Washington; in conjunctionwith the 17th ACM SIGSPATIAL International Conference on Advances in GeographicInformation Systems. The mission of the SPRINGL Workshop series is to provide a forum forresearchers and practitioners from computer science and other disciplines working in thearea of spatio-temporal data security and location privacy in the context of geospatial andmobile applications. Eight papers were selected for presentation and inclusion into theworkshop proceedings. The workshop program also included two invited talks by MohamedMokbel (University of Minnesota) and Walid Aref (Purdue University); and a panelmoderated by Yucel Saygin.,SIGSPATIAL Special,2010,*
Privacy issues in location-aware browsing: 3rd ACM SIGSPATIAL Workhop on Security and Privacy in GIS and LBS,P Perri; M Damiani,AIR nasce in UNIMI nel 2006 con lo scopo di raccogliere; documentare e conservare le informazionisulla produzione scientifica dell'Università degli Studi di Milano e costituisce di fatto l'Anagrafedella ricerca dell'Ateneo … Privacy issues in location-aware browsing : 3rd ACM SIGSPATIALWorkhop on Security and Privacy in GIS and LBS / P. Perri; ML Damiani. - [sl] : Proceedings;2010.,*,2010,*
Can an inter-disciplinary research community on location privacy be successful?,Yücel Saygin; Elisa Bertino; Michael Gertz; Mohamed F Mokbel; Maria Luisa Damiani,The newly starting MODAP project (www. modap. org); funded by EU FP7 Future andEmerging Technologies Programme with nearly one million euro funding for three years;aims to coordinate and boost the research activities in the intersection of mobility; datamining; and privacy. The key challenge is to gather an interdisciplinary community of peopleincluding; lawyers; psychologists; computer scientists; geographers; and end-users. Thispanel discusses opportunities; challenges and risks.,SPRINGL,2009,*
SPRINGL'09: Proceedings of the 2nd SIGSPATIAL ACM GIS 2009 International Workshop on Security and Privacy in GIS and LBS,Elisa Bertino; ML Damiani; Y Saygin,Copyright© 2007 by the Association for Computing Machinery; Inc (ACM). Permission tomake digital or hard copies of portions of this work for personal or classroom use is grantedwithout fee provided that the copies are not made or distributed for profit or commercialadvantage and that copies bear this notice and the full citation on the first page. Copyrightsfor components of this work owned by others than ACM must be honored. Abstracting withcredit is permitted.,*,2009,*
Access control and privacy in location-aware applications,Maria Luisa Damiani,Abstract The topic addressed in this thesis concerns the relationship between spatialknowledge and information protection in a mobile setting. The proliferation of mobile devicesin an increasingly connected world raises growing concern for information security andprivacy. For example; sensitive data recorded in corporate and networked informationsystems can be accessed from uncontrolled locations; downloaded on mobile terminals anddisclosed to unauthorized third parties. The protection of information against improper useand modification in a mobile context poses research questions which solicit the investigationof unconventional protection strategies. In such a perspective; this thesis investigates how toprovide strong control over information access based on knowledge of location andmovement of individuals. Indeed; the use of spatial information for secure access support …,*,2008,*
Modélisation conceptuelle de trajectories,C Parent; S Spaccapietra; C Vangenot; ML Damiani; M Machedo; F Porto,Ce numéro spécial est orienté sur l'extraction et la gestion de connaissances dans ledomaine de la géomatique et de la gestion des territoires où la vision spatio-temporelle estprimordiale. Il est basé sur les travaux de la communauté SAGEO qui œuvre dans ledomaine depuis plusieurs années. SAGEO a pour objectif de fournir un lieu d'information etd'échange sur les recherches et les développements dans les domaines de la Géomatiqueet de l'Analyse Spatiale. SAGEO constitue un trait d'union entre le Groupe de RechercheSIGMA; le Groupe de Recherche Européen S4 (Simulation spatiale en Sciences Sociales)et le réseau GEOIDE canadien. Les articles sont des extensions de communicationsprésentées lors de la conférence SAGEO 2007. Ce numéro donne un bon aperçu sur lavariété des démarches et des techniques informatiques qui sont utilisées dans le …,*,2008,*
Springl 2008: proceedings of the SIGSPATIAL ACM Workshop on Security and Privacy in GIS and LBS: Irvine; California; USA; November 4; 2008,E Bertino; M Damiani,AIR nasce in UNIMI nel 2006 con lo scopo di raccogliere; documentare e conservare le informazionisulla produzione scientifica dell'Università degli Studi di Milano e costituisce di fatto l'Anagrafedella ricerca dell'Ateneo … Springl 2008 : proceedings of the SIGSPATIAL ACM Workshopon Security and Privacy in GIS and LBS : Irvine; California; USA; November 4; 2008 / [a curadi] E. Bertino; ML Damiani. - New York : ACM; 2008. - ISBN 9781605583242.,*,2008,*
Lava Flow Invasion Hazard map of the Southern Rift (Mount Etna; Italy),G Groppelli; G Norini; B Aldighieri; E Bertino; F Comoglio; ML Damiani; C Silvestri,Abstract We present an integrated approach and a multidisciplinary methodology to compilevolcanic hazard map for lava flow invasion. In addition we display an application of theproposed methodology to a sector of Mount Etna; the Southern Rift; one of the most activeareas of the Volcano (Behncke & Neri; 2003). The basis and the starting point are a detailedgeological and structural survey and a high-resolution stratigraphy (at 1: 10;000 scale) thatallow us to recognize and to map about 30 lava flows along the Southern Rift. Thegeological data (lava flow emission point location; relative or historical age; length andoutcropping area) are organized in a geographic database. In addition GIS softwareanalyses (Groppelli & Norini; 2005); statistical tests and probabilistic lava flow model(Damiani et al.; 2006) are applied. Our methodology rests on five steps. 1) Detailed …,AGU Spring Meeting Abstracts,2007,*
Proposta di una metodologia per la valutazione della pericolosità vulcanica del Monte Etna,B ALDIGHIERI; G GROPPELLI; G NORINI; E BERTINO; S BORGONOVO; F COMOGLIO; ML DAMIANI; G PASQUARE,*,Rendiconti della Società geologica italiana,2007,*
A Modular Framework for Administering Spatial Constraints in Context-Aware RBAC,B Rafae; Maria Luisa Damiani; David W Bettis; B Elisa; G Arif,Many context-aware access control models with support for spatial and location-basedcapabilities (or constraints) have recently been proposed [6; 8; 9]. Models with location-based access control are becoming increasingly necessary in pervasive computingapplications; and are adequately receiving considerable popularity in the research andindustrial community alike. However; the design of context-aware access control modelswith spatial constraints is still far from satisfactory in a very important respect; vis-à-visflexibility of policy administration. Many of the existing models have dealt with issues relatedto the introduction of spatial constraints in access control models without; however; takinginto account requirements for modularity of constraint specification and flexibility of policyadministration. In our opinion; flexible policy administration demands a clear separation …,*,2006,*
A Geographical Information System for Volcanic Hazard Modelling,ML Damiani; G Groppelli; G Norini; E Bertino,Hazard maps are fundamental for the development of land and resource managementplans. In this paper we focus on volcanic hazards. In particular we discuss a possibleapproach to the construction of the lava flow hazard map for the Mount Etna; which is themost active volcano in Europe. The core of our proposal is a lava flow simulation system. Wepresent the main characteristics of the underlying simulation model and how it has beenvalidated. Next we introduce a novel and still in progress approach to the clustering of lavaflow emission points based on data mining techniques.,Urban Data Management Symposium,2006,*
GEO-RBAC: a spatially aware RBAC,Elisa Bertino; Barbara Catania; Maria Luisa Damiani; Paolo Perlasca,*,Proceedings of the tenth ACM symposium on Access control models and technologies,2005,*
A GIS-based approach to lava-flow simulation for volcanic hazard assessment on Mount Etna (Italy),M Damiani; E Bertino; G Gigliuto; G Groppelli; M Micheli; G Norini; A Nucita,A GIS-based approach to lava-flow simulation for volcanic hazard assessment on Mount Etna(Italy) / ML Damiani; E. Bertino; G. Gigliuto; G. Groppelli; M. Micheli; G. Norini; A. Nucita - In: GISRUK2004 : University of East Anglia; Norwich; Wednesday 28th to Friday 30th April : proceedings/ University of East Anglia (Norwich). - Norwich : University of East Anglia (Norwich); 2004. ((convegno Geographical Information System Research UK - GISRUK 04 tenutosi a Norwich; UKnel 2004 … Non ci sono file associati a questo prodotto … I documenti in IRIS sono protettida copyright e tutti i diritti sono riservati; salvo diversa indicazione.,Geographical Information System Research UK-GISRUK 04,2004,*
Simulazione di colate laviche per la valutazione della pericolosità vulcanica del Monte Etna,ML Damiani; E Bertino; G Gigliuto; G Groppelli; M Micheli; G Norini; G Pasquare,Simulazione di colate laviche per la valutazione della pericolosità vulcanica del MonteEtna/ML Damiani; E. Bertino; G. Gigliuto; G. Groppelli; M. Micheli; G. Norini; G.Pasquare'.((Intervento presentato al convegno Festival della Scienza: dalla Mappa alMonitor. Valorizzazione e salvaguardia del territorio e del paesaggio: aspetti storici;tecnologici ed applicativi tenutosi a Genova nel null.,Festival della Scienza: dalla Mappa al Monitor. Valorizzazione e salvaguardia del territorio e del paesaggio: aspetti storici; tecnologici ed applicativi,2004,*
Environmental Decision Support Systems: issues and perspectives,M Damiani,AIR nasce in UNIMI nel 2006 con lo scopo di raccogliere; documentare e conservare le informazionisulla produzione scientifica dell'Università degli Studi di Milano e costituisce di fatto l'Anagrafedella ricerca dell'Ateneo … Environmental Decision Support Systems: issues and perspectives/ ML Damiani - In: Proceedings of the Workshop on Spatial Data and Geographic InformationSystems (SpaDaGIS) / SPADA research project. - [sl] : SPADA research project; 2004. (( convegnoWorkshop on Spatial Data and Geographic Information Systems (SpadaWeb).,Workshop on Spatial Data and Geographic Information Systems (SpadaWeb),2004,*
SPRINGL 2008 Workshop Report ACM SIGSPATIAL Workshop on Security and Privacy in GIS and LBS,Elisa Bertino; Maria Luisa Damiani; Patrick Capolsini; French Polynesia; Paul El Khoury; Herve Martin,The first Workshop on Security and Privacy in GIS and LBS (SPRINGL 2008) was held onNovember 4 th at Irvine (CA) in conjunction with the ACM GIS Conference. The goal of theSPRINGL workshop series is to provide a forum for researchers working in the area ofgeospatial data security and privacy. Both security and privacy are critical for geospatialapplications because of the dramatic increase and dissemination of geospatial data inseveral application contexts including homeland security; environmental crises; and naturaland industrial disasters. Furthermore; geospatial infrastructures are being leveraged bycompanies to provide a large variety of location-based services (LBS) able to tailor servicesto users. However; despite the increase of publicly accessible geospatial information onlylittle attention is being paid to how to secure geospatial information systems (GIS) and …,The SIGSPATIAL Special,*,*
CIC 2017 Technical Program Committee,Joonsoo Bae; Nathalie Baracaldo; Khalid Bijon; Sanat Bista; Australia Bin Cao; Barbara Carminati; James Caverlee; Shu-Ching Chen; Mohan Baruwal Chhetri; Charles Consel; Prasun Dewan; Elena Ferrari; Dimitrios Georgakopoulos; Sarunas Girdzijauskas; Marthie Grobler; Anupam Joshi; Ralf Klamma; Dan Lin; Shijun Liu; Maria Luisa Damiani; Sanjay Madria; Muthucumaru Maheswaran; Amirreza Masoumzadeh; Erich Neuhold; Hee H Anne Ngu; Julian Jang-Jaccard; Balaji Palanisamy; Agostino Poggi; Lakshmish Ramaswamy; Kim-Kwang Raymond Choo; Kewei Sha; Shamik Sural; Jinpeng Wei; Ouri Wolfson; Guanhua Yan,*,*,*,*
MDM 2017 Program Committee,Karl Aberer; EPFL Debopam Acharya; Ahmed Aly; Christian Becker; Claudio Bettini; Muhammad Cheema; Chi-Yin Chow; Panos Chrysanthis; Bin Cui; Maria Luisa Damiani; Alex Delis; Liyue Fan; Yunjun Gao; Shahram Ghandeharizadeh; Gabriel Ghinita; Aniruddha Gokhale; Takahiro Hara; Shen-Shyang Ho; Jadwiga Indulska; Yoshiharu Ishikawa; Christine Julien; Panagiotis Karras; Wei-Shinn Ku; Vimal Kumar; Kyunghan Lee; Dik Lee; Yugyung Lee; Wenjia Li; Hua Lu; Sanjay Madria; Archan Misra; Mohamed Mokbel,Karl Aberer; EPFL Debopam Acharya; Shiv Nadar University Ahmed Aly; Google Inc. ChristianBecker; University of Mannheim Claudio Bettini; University of Milan Muhammad Cheema; MonashUniversity Chi-Yin Chow; City University of Hong Kong Panos Chrysanthis; University of PittsburghBin Cui; Peking University Alfredo Cuzzocrea; ICAR-CNR and University of Calabria Maria LuisaDamiani; University of Milan Alex Delis; University of Athens Liyue Fan; State University of NewYork Albany Yunjun Gao; Zhejiang University Shahram Ghandeharizadeh; University of SouthernCalifornia Gabriel Ghinita; University of Massachusetts Aris Gkoulalas-Divanis; IBM Watson HealthAniruddha Gokhale; Vanderbilt University Le Gruenwald; The University of Oklahoma Ralf HartmutGüting; Fernuniversit„t Hagen Takahiro Hara; Osaka University Shen-Shyang Ho; Rowan UniversityJadwiga Indulska; The University of Queensland Yoshiharu Ishikawa; Nagoya University …,*,*,*
GEO-RBAC: A Spatially Aware RBAC,Elisa Berţino; Barbara Catania; Maria LUiSa Damiani; Paolo PerlaSCa,Securing access to data in location-based services and mobile applications requires thedefinition of spatially awaro access control systems. Even if somo approachos have alrcadyboon proposccl cithor in the context of geographic database systems or context-awareapplications; a comprehensive framework; general and flexible enough to cope with spatialaspects in real mobile applications; is still missing. In this paper; we make one step towardsthis direction and we present GEO-RBAC; an extension of the IRBAC model to deal withspatial and location-based information. In GEORBAC; spatial entities are used to modelobjects; user positions; and geographically bounded roles. Holes are activated based on theposition of the user. Hesides a physical positiori; obtained from a given mobile terminal or acellular phone; users are also assigned a logical and device independent position …,*,*,*
Corso di Sistemi Informativi Territoriali,Maria Luisa Damiani,*,*,*,*
IEEE CIC 2016 Technical Program Committee,Calton Pu; Dimitrios Georgakopoulos; Barbara Carminati; Maria Luisa Damiani; Bin Cao; Sarunas Girdzijauskas; Yong Tang; Elena Ferrari; Ibrahim Korpeoglu; Yuqing Sun; Agostino Poggi; Erich Neuhold; Muthucumaru Maheswaran; Balaji Palanisamy; Patrizio Pelliccione; Schahram Dustdar; Prasun Dewan; Guanhua Yan; Shu-Ching Chen; Dan Lin; Charles Consel; Kewei Sha; Yuecel Karabulut; Jinpeng Wei; Shijun Liu; Amirreza Masoumzadeh; Khalid Bijon; Ladislau Boloni; Sanjay Madria; Ouri Wolfson; Joonsoo Bae; Mei-Ling Shyu; James Caverlee; Lakshmish Ramaswamy; Ralf Klamma; Sanat Bista; Jorge Lobo; Karin Becker; Shamik Sural; Adam J Lee; Nathalie Baracaldo,Page 1. IEEE CIC 2016 Technical Program Committee Calton Pu (Co-Chair); Georgia Instituteof Technology; USA Dimitrios Georgakopoulos (Co-Chair); RMIT University; Australia BarbaraCarminati (Co-Chair) University of Insubria; Italy Maria Luisa Damiani; University of Milan BinCao; Zhejiang University of Technology; China Sarunas Girdzijauskas; KTH Royal Institute ofTechnology; Sweden Yong Tang; South China Normal University; China Elena Ferrari; Universityof Insubria; Italy Ibrahim Korpeoglu; Bilkent University; Turkey Yuqing Sun; Shandong University;China Agostino Poggi; University of Parma; Italy Erich Neuhold; University of Vienna; AustriaMuthucumaru Maheswaran; McGill University; Canada Balaji Palanisamy; University …,*,*,*
MDM 2016 Program Committee,Walid G Aref; Nikolaos Armenatzoglou; Christian Becker; Claudio Bettini; Dipanjan Chakraborty; Ming-Syan Chen; Raymond Chi-Wing Wong; Chi-Yin Chow; Christophe Claramunt; Maria Luisa Damiani; Alex Delis; Ugur Demiryurek; Yunjun Gao; Gabriel Ghinita; Ralf Hartmut Güting; Takahiro Hara; Yoshiharu Ishikawa; Vana Kalogeraki; Peer Kroger; Wei-Shinn Ku; Vimal Kumar; Wang-Chien Lee; Wenjia Li; Hua Lu; Sergio Mascetti; Sanjay Madria; Archan Misra; Mohamed Mokbel; Anirban Mondal; Kyriakos Mouratidis; Mirco Nanni; Praveen Rao; Yugyung Lee; Alfredo Cuzzocrea; Ho Shen-Shyang; Bernhard Mitschang; Dimitris Papadias; Torben Bach Pedersen; Matthias Renz; Daniele Riboni; Nirmalya Roy; Dimitris Sacharidis; Kai-Uwe Sattler,Debopam Acharya; SNU; India Walid G. Aref; Purdue University; USA NikolaosArmenatzoglou; Hong Kong University of Science and Technology; Hong Kong ChristianBecker; University of Mannheim; Germany Claudio Bettini; University of Milan; Italy DipanjanChakraborty; IBM Research; India Ming-Syan Chen; National Taiwan University; Taiwan RaymondChi-Wing Wong; Hong Kong University of Science and Technology; Hong Kong Chi-YinChow; City University of Hong Kong; Hong Kong Christophe Claramunt; Naval Academy; FranceMaria Luisa Damiani; University of Milan; Italy Alex Delis; University of Athens; Greece UgurDemiryurek; University of Southern California; USA Yunjun Gao; Zhejiang University; China GabrielGhinita; University of Massachusetts–Boston; USA Le Gruenwald; University of Oklahoma; USARalf Hartmut Güting; Fernuniversität Hagen; Germany Takahiro Hara; Osaka University …,*,*,*
Brent Byunghoon Kang; KAIST; Korea Bugra Gedik; Bilkent University; Turkey Charles Consel; Inria/University of Bordeaux; France Dan Lin; Missouri University of S...,Dimitrios Georgakopoulos; Elisa Bertino; Erich Neuhold; Federica Paci; Gail-Joon Ahn; George Pallis; Guanhua Yan; Heiko Ludwig; Ibrahim Korpeoglu; James Caverlee; Jian Cao; Jinpeng Wei; Joonsoo Bae; Jordi Forne; Jorge Lobo; Julian Jang-Jaccard; Kewei Sha; Ladislau Boloni; Lakshmish Ramaswamy; Maria Luisa Damiani; Mei-Ling Shyu; Michael Lyu; Mudhakar Srivatsa; Murat Kantarcioglu; Muthucumaru Maheswaran; Ouri Wolfson; Patrizio Pelliccione; Prashant Krishnamurthy; Prasun Dewan; Qi Yu; Ralf Klamma; Rong Chang; Sanat Kumar Bista; Sanjay Madria; Sarunas Girdzijauskas; Schahram Dustdar; Shijun Liu,Aameek Singh; IBM Almaden Research Center; USA Agostino Poggi; University of Parma; ItalyAmirreza Masoumzadeh; University at Albany - SUNY; USA Anna Squicciarini; The PennsylvaniaState University; USA Balaji Palanisamy; University of Pittsburgh; USA Bin Cao; Zhejiang Universityof Technology; China Brent Byunghoon Kang; KAIST; Korea Bugra Gedik; Bilkent University;Turkey Charles Consel; Inria / University of Bordeaux; France Dan Lin; Missouri University ofScience and Technology; USA De Wang; Georgia Institute of Technology; USA DimitriosGeorgakopoulos; RMIT University; Australia Elisa Bertino; Purdue University; USA ErichNeuhold; University of Vienna; Austria Federica Paci; University of Southampton; United KingdomGail-Joon Ahn; Arizona State University; USA George Pallis; University of Cyprus; Cyprus GuanhuaYan; Binghamton University - State University of New York; USA Heiko Ludwig; IBM …,*,*,*
MDM 2014,Maria Luisa Damiani; Ralf Hartmut Güting,The following topics are dealt with: mobile data management; wireless networks routemanagement; location aware crowdsourcing; data management systems; sustainablemobility of electric vehicles; urban planning; route planning in public transport network;mobile wireless sensor network; mobile ad hoc networks; mobile crowdsourcing and parkingallocation system in vehicular networks.,*,*,*
4.3 Working Group: Context-dependent Privacy in Mobile Systems,Florian Schaub; Maria Luisa Damiani; Bradley Malin,Mobile systems; and smartphones especially; are becoming ever more present in oursociety. A smartphone can gather a significant quantity information about its owner'smovements and behavior. Such mobility data can be communicated and shared with a widerange of parties (eg; mobile applications; location-based services; mobile operators; mobilephone vendors and providers of mobile application platforms). The accumulation of mobilitydata enables the mining of mobility patterns; with the goals of patterns at the level of anindividual and general trends. At the same time; there are concerns that the collection;storage; and processing of such data may violate the privacy of the individuals to whom thedata corresponds. Traditionally; privacy of such personal information has been achievedthrough definitional and methodological approaches. From a definitional perspective …,Mobility Data Mining and Privacy,*,*
