Efficient secure query evaluation over encrypted XML databases,Hui Wang; Laks VS Lakshmanan,Abstract Motivated by the" database-as-service" paradigm wherein data owned by a client ishosted on a third-party server; there is significant interest in secure query evaluation overencrypted databases. We consider this problem for XML databases. We consider an attackmodel where the attacker may possess exact knowledge about the domain values and theiroccurrence frequencies; and we wish to protect sensitive structural information as well asvalue associations. We capture such security requirements using a novel notion of securityconstraints. For security reasons; sensitive parts of the hosted database are encrypted.There is a tension between data security and efficiency of query evaluation for differentgranularities of encryption. We show that finding an optimal; secure encryption scheme isNP-hard. For speeding up query processing; we propose to keep metadata; consisting of …,Proceedings of the 32nd international conference on Very large data bases,2006,150
Anonymizing moving objects: How to hide a mob in a crowd?,Roman Yarovoy; Francesco Bonchi; Laks VS Lakshmanan; Wendy Hui Wang,Abstract Moving object databases (MOD) have gained much interest in recent years due tothe advances in mobile communications and positioning technologies. Study of MOD canreveal useful information (eg; traffic patterns and congestion trends) that can be used inapplications for the common benefit. In order to mine and/or analyze the data; MOD must bepublished; which can pose a threat to the location privacy of a user. Indeed; based on priorknowledge of a user's location at several time points; an attacker can potentially associatethat user to a specific moving object (MOB) in the published database and learn her positioninformation at other time points. In this paper; we study the problem of privacy-preservingpublishing of moving object database. Unlike in microdata; we argue that in MOD; theredoes not exist a fixed set of quasi-identifier (QID) attributes for all the MOBs …,Proceedings of the 12th International Conference on Extending Database Technology: Advances in Database Technology,2009,140
Privacy-preserving mining of association rules from outsourced transaction databases,Fosca Giannotti; Laks VS Lakshmanan; Anna Monreale; Dino Pedreschi; Hui Wang,Spurred by developments such as cloud computing; there has been considerable recentinterest in the paradigm of data mining-as-a-service. A company (data owner) lacking inexpertise or computational resources can outsource its mining needs to a third party serviceprovider (server). However; both the items and the association rules of the outsourceddatabase are considered private property of the corporation (data owner). To protectcorporate privacy; the data owner transforms its data and ships it to the server; sends miningqueries to the server; and recovers the true patterns from the extracted patterns receivedfrom the server. In this paper; we study the problem of outsourcing the association rulemining task within a corporate privacy-preserving framework. We propose an attack modelbased on background knowledge and devise a scheme for privacy preserving outsourced …,IEEE Systems Journal,2013,122
Answering tree pattern queries using views,Laks VS Lakshmanan; Hui Wang; Zheng Zhao,Abstract We study the query answering using views (QAV) problem for tree pattern queries.Given a query and a view; the QAV problem is traditionally formulated in two ways:(i) find anequivalent rewriting of the query using only the view; or (ii) find a maximal containedrewriting using only the view. The former is appropriate for classical query optimization andwas recently studied by Xu and Ozsoyoglu for tree pattern queries (TP). However; forinformation integration; we cannot rely on equivalent rewriting and must instead usemaximal contained rewriting as shown by Halevy. Motivated by this; we study maximalcontained rewriting for TP; a core subset of XPath; both in the absence and presence of aschema. In the absence of a schema; we show there are queries whose maximal containedrewriting (MCR) can only be expressed as the union of exponentially many TPs. We …,Proceedings of the 32nd international conference on Very large data bases,2006,91
On testing satisfiability of tree pattern queries,Laks VS Lakshmanan; Ganesh Ramesh; Hui Wang; Zheng Zhao,Abstract XPath and XQuery (which includes XPath as a sublanguage) are the major querylanguages for XML. An important issue arising in efficient evaluation of queries expressed inthese languages is satisfiability; ie; whether there exists a database; consistent with theschema if one is available; on which the query has a non-empty answer. Our experienceshows satisfiability check can effect substantial savings in query evaluation. Wesystematically study satisfiability of tree pattern queries (which capture a useful fragment ofXPath) together with additional constraints; with or without a schema. We identify cases inwhich this problem can be solved in polynomial time and develop novel efficient algorithmsfor this purpose. We also show that in several cases; the problem is NP-complete. We ran acomprehensive set of experiments to verify the utility of satisfiability check as a …,Proceedings of the Thirtieth international conference on Very large data bases-Volume 30,2004,77
On testing satisfiability of tree pattern queries,Laks VS Lakshmanan; Ganesh Ramesh; Hui Wang; Zheng Zhao,Abstract XPath and XQuery (which includes XPath as a sublanguage) are the major querylanguages for XML. An important issue arising in efficient evaluation of queries expressed inthese languages is satisfiability; ie; whether there exists a database; consistent with theschema if one is available; on which the query has a non-empty answer. Our experienceshows satisfiability check can effect substantial savings in query evaluation. Wesystematically study satisfiability of tree pattern queries (which capture a useful fragment ofXPath) together with additional constraints; with or without a schema. We identify cases inwhich this problem can be solved in polynomial time and develop novel efficient algorithmsfor this purpose. We also show that in several cases; the problem is NP-complete. We ran acomprehensive set of experiments to verify the utility of satisfiability check as a …,Proceedings of the Thirtieth international conference on Very large data bases-Volume 30,2004,77
Privacy-preserving data sharing in cloud computing,Hui Wang,Abstract Storing and sharing databases in the cloud of computers raise serious concern ofindividual privacy. We consider two kinds of privacy risk: presence leakage; by which theattackers can explicitly identify individuals in (or not in) the database; and associationleakage; by which the attackers can unambiguously associate individuals with sensitiveinformation. However; the existing privacy-preserving data sharing techniques either fail toprotect the presence privacy or incur considerable amounts of information loss. In this paper;we propose a novel technique; Ambiguity; to protect both presence privacy and associationprivacy with low information loss. We formally define the privacy model and quantify theprivacy guarantee of Ambiguity against both presence leakage and association leakage. Weprove both theoretically and empirically that the information loss of Ambiguity is always …,Journal of Computer Science and Technology,2010,48
Trajectory anonymity in publishing personal mobility data,Francesco Bonchi; Laks VS Lakshmanan; Hui Wendy Wang,Abstract Recent years have witnessed pervasive use of location-aware devices such asGSM mobile phones; GPS-enabled PDAs; location sensors; and active RFID tags. The useof these devices generates a huge collection of spatio-temporal data; variously calledmoving object data; trajectory data; or moblity data. These data can be used for various dataanalysis purposes such as city traffic control; mobility management; urban planning; andlocation-based service advertisements. Clearly; the spatio-temporal data so collected mayhelp an attacker to discover personal and sensitive information like user habits; socialcustoms; religious and sexual preferences of individuals. Consequently; it raises seriousconcerns about privacy. Simply replacing users' real identifiers (name; SSN; etc.) withpseudonyms is insufficient to guarantee anonymity. The problem is that due to the …,ACM Sigkdd Explorations Newsletter,2011,45
Privacy-preserving data mining from outsourced databases,Fosca Giannotti; Laks VS Lakshmanan; Anna Monreale; Dino Pedreschi; Hui Wendy Wang,Abstract Spurred by developments such as cloud computing; there has been considerablerecent interest in the paradigm of data mining-as-service: a company (data owner) lacking inexpertise or computational resources can outsource its mining needs to a third party serviceprovider (server). However; both the outsourced database and the knowledge extract from itby data mining are considered private property of the data owner. To protect corporateprivacy; the data owner transforms its data and ships it to the server; sends mining queries tothe server; and recovers the true patterns from the extracted patterns received from theserver. In this paper; we study the problem of outsourcing a data mining task within acorporate privacy-preserving framework. We propose a scheme for privacy-preservingoutsourced mining which offers a formal protection against information disclosure; and …,*,2011,39
A semantics-based approach to large-scale mobile social networking,Juan Li; Hui Wang; Samee Ullah Khan,Abstract Mobile ad hoc social networks are self-configuring social networks that connectusers using mobile devices; such as laptops; PDAs; and cellular phones. These socialnetworks facilitate users to form virtual communities of similar interests or commonalities.This paper proposes semantics-based mobile social network (SMSN); a novel framework ofa fully functional mobile ad hoc social network that incorporates semantics of users' socialdata. SMSN provides effective and efficient solutions to social network construction;semantics-based user profile matching; multi-hop semantics-based routing; and privacymanagement. Moreover; SMSN is rigorously benchmarked using an elaborate simulationsetup and released as a prototype system that can be run on cellular phones. Due to itsgenerality; SMSN can be applied to a wide range of critical applications; such as disaster …,Mobile Networks and Applications,2012,37
Answering XML queries using materialized views revisited,Xiaoying Wu; Dimitri Theodoratos; Wendy Hui Wang,Abstract Answering queries using views is a well-established technique in databases. In thiscontext; two outstanding problems can be formulated. The first one consists in decidingwhether a query can be answered exclusively using one or multiple materialized views.Given the many alternative ways to compute the query from the materialized views; thesecond problem consists in finding the best way to compute the query from the materializedviews. In the realm of XML; there is a restricted number of contributions in the direction ofthese problems due to the many limitations associated with the use of materialized views intraditional XML query evaluation models. In this paper; we adopt a recent evaluation model;called inverted lists model; and holistic algorithms which together have been established asthe prominent technique for evaluating queries on large persistent XML data; and we …,Proceedings of the 18th ACM conference on Information and knowledge management,2009,27
Answering top-K selection queries in a relational engine,*,The subject invention leverages threshold-based strategies applied to relational data tofacilitate in determining an optimal execution plan for top-k selection queries. Thesestrategies utilize a given query and relational data metadata to identify possible executionplans. This allows alternatives to scanning techniques to be considered in order to furtherenhance the overall efficiency of the optimal execution plan. A query optimizer can prune; forexample; the alternative execution plans during enumeration of the plan space and/orduring cost evaluations of the possible alternative execution plans. A cost model for thequery optimizer can utilize a cost function based on an approximation of the number ofiterations required to complete a threshold-based strategy.,*,2006,26
The threshold algorithm: From middleware systems to the relational engine,Nicolas Bruno; Hui Wang,The answer to a top-k query is an ordered set of tuples; where the ordering is based on howclosely each tuple matches the query. In the context of middleware systems; new algorithmsto answer top-k queries have been recently proposed. Among these; the threshold algorithm(TA) is the most well-known instance due to its simplicity and memory requirements. TA isbased on an early-termination condition and can evaluate top-k queries without examiningall the tuples. This top-k query model is prevalent not only over middleware systems; butalso over plain relational data. In this work; we analyze the challenges that must beaddressed to adapt TA to a relational database system. We show that; depending on theavailable indices; many alternative TA strategies can be used to answer a given query.Choosing the best alternative requires a cost model that can be seamlessly integrated …,IEEE Transactions on Knowledge and Data Engineering,2007,23
Leakage-resilient RFID authentication with forward-privacy,Shin’ichiro Matsuo; Miyako Ohkubo; Moti Yung,Abstract Low power devices; such as smart-card and RFID-tags; will be used around our lifeincluding in commercial and financial activities. A prime application of such devices is entityauthentication in pervasive environment. The obvious concerns in this environment involvesgetting security against tag-forgery (even by adversary controlled readers) and; on the otherhand; giving users privacy against linking of different authentication transcripts. Manycryptographic protocols have realizes such requirements. However; there is no schemewhich realizes; both; forward-privacy and tag-forgery right after some leakage is occurred.Since some devices among the huge quantity of expected devices will surely becompromised; it seems highly important; from an engineering point of view; to deal withlimited damage of such exposures. In this paper; we address the gap by proposing the …,International Workshop on Radio Frequency Identification: Security and Privacy Issues,2010,22
Towards publishing recommendation data with predictive anonymization,Chih-Cheng Chang; Brian Thompson; Hui Wendy Wang; Danfeng Yao,Abstract Recommender systems are used to predict user preferences for products orservices. In order to seek better prediction techniques; data owners of recommendersystems such as Netflix sometimes make their customers' reviews available to the public;which raises serious privacy concerns. With only a small amount of knowledge aboutindividuals and their ratings to some items in a recommender system; an adversary mayeasily identify the users and breach their privacy. Unfortunately; most of the existing privacymodels (eg; k-anonymity) cannot be directly applied to recommender systems. In this paper;we study the problem of privacy-preserving publishing of recommendation datasets. Werepresent recommendation data as a bipartite graph; and identify several attacks that can re-identify users and determine their item ratings. To deal with these attacks; we first give …,Proceedings of the 5th ACM Symposium on Information; Computer and Communications Security,2010,21
Ensuring data storage security against frequency-based attacks in wireless networks,Hongbo Liu; Hui Wang; Yingying Chen,Abstract As wireless networks become more pervasive; the amount of the wireless data israpidly increasing. One of the biggest challenges is how to store these data. To address thischallenge; distributed data storage in wireless networks has attracted much attentionrecently; as it has major advantages over centralized approaches. To support thewidespread adoption of distributed data storage; secure data storage must be achieved. Inthis work; we study the frequency-based attack; a type of attack that is different frompreviously well-studied ones; that exploits additional adversary knowledge to crack theencrypted data. To cope with frequency-based attacks; the straightforward 1-to-1 substitutionencryption functions are not sufficient. We propose a data encryption strategy based on 1-to-n substitution via dividing and emulating techniques such that an attacker cannot derive …,International Conference on Distributed Computing in Sensor Systems,2010,20
Semantics-enhanced privacy recommendation for social networking sites,Qingrui Li; Juan Li; Hui Wang; Ashok Ginjala,Privacy protection is a vital issue for safe social interactions within social networking sites(SNS). Although SNSs such as MySpace and Facebook allow users to configure theirprivacy settings; it is not a simple task for normal users with hundreds of online friends. Inthis paper; we propose an intelligent semantics-based privacy configuration system; namedSPAC; to automatically recommend privacy settings for SNS users. SPAC learns users'privacy configuration patterns and make predictions by utilizing machine learningtechniques on users' profiles and privacy setting history. To increase the accuracy of thepredicted privacy settings; especially in the context of heterogeneous user profiles; weenhance privacy configuration predictor by integrating it with structured semantic knowledgein the SNS. This; in turn; allows SPAC to make inferences based on additional source of …,Trust; Security and Privacy in Computing and Communications (TrustCom); 2011 IEEE 10th International Conference on,2011,18
Privacy-preserving distributed movement data aggregation,Anna Monreale; Wendy Hui Wang; Francesca Pratesi; Salvatore Rinzivillo; Dino Pedreschi; Gennady Andrienko; Natalia Andrienko,Abstract We propose a novel approach to privacy-preserving analytical processing within adistributed setting; and tackle the problem of obtaining aggregated information about vehicletraffic in a city from movement data collected by individual vehicles and shipped to a centralserver. Movement data are sensitive because people's whereabouts have the potential toreveal intimate personal traits; such as religious or sexual preferences; and may allow re-identification of individuals in a database. We provide a privacy-preserving framework formovement data aggregation based on trajectory generalization in a distributed environment.The proposed solution; based on the differential privacy model and on sketching techniquesfor efficient data compression; provides a formal data protection safeguard. Using real-lifedata; we demonstrate the effectiveness of our approach also in terms of data utility …,*,2013,16
AUDIO: An Integrity $\underline {Audi} $ ting Framework of $\underline {O} $ utlier-Mining-as-a-Service Systems,Ruilin Liu; Hui Wendy Wang; Anna Monreale; Dino Pedreschi; Fosca Giannotti; Wenge Guo,Abstract Spurred by developments such as cloud computing; there has been considerablerecent interest in the data-mining-as-a-service paradigm. Users lacking in expertise orcomputational resources can outsource their data and mining needs to a third-party serviceprovider (server). Outsourcing; however; raises issues about result integrity: how can thedata owner verify that the mining results returned by the server are correct? In this paper; wepresent AUDIO; an integrity auditing framework for the specific task of distance-based outliermining outsourcing. It provides efficient and practical verification approaches to check bothcompleteness and correctness of the mining results. The key idea of our approach is toinsert a small amount of artificial tuples into the outsourced data; the artificial tuples willproduce artificial outliers and non-outliers that do not exist in the original dataset. The …,Joint European Conference on Machine Learning and Knowledge Discovery in Databases,2012,16
Integrity verification of k-means clustering outsourced to infrastructure as a service (iaas) providers,Ruilin Liu; Hui Wang; Philippos Mordohai; Hui Xiong,Abstract The Cloud-based infrastructure-as-a-service (IaaS) paradigm (eg; Amazon EC2)enables a client who lacks computational resources to outsource her dataset and datamining tasks to the Cloud. However; as the Cloud may not be fully trusted; it raises seriousconcerns about the integrity of the mining results returned by the Cloud. To this end; in thispaper; we provide a focused study about how to perform integrity verification of the k-meansclustering task outsourced to an IaaS provider. We consider the untrusted sloppy IaaSservice provider that intends to return wrong clustering results by terminating the iterationsearly to save computational cost. We develop both probabilistic and deterministic verificationmethods to catch the incorrect clustering result by the service provider. The deterministicmethod returns 100% integrity guarantee with cost that is much cheaper than executing k …,*,2013,14
Integrity verification of k-means clustering outsourced to infrastructure as a service (iaas) providers,Ruilin Liu; Hui Wang; Philippos Mordohai; Hui Xiong,Abstract The Cloud-based infrastructure-as-a-service (IaaS) paradigm (eg; Amazon EC2)enables a client who lacks computational resources to outsource her dataset and datamining tasks to the Cloud. However; as the Cloud may not be fully trusted; it raises seriousconcerns about the integrity of the mining results returned by the Cloud. To this end; in thispaper; we provide a focused study about how to perform integrity verification of the k-meansclustering task outsourced to an IaaS provider. We consider the untrusted sloppy IaaSservice provider that intends to return wrong clustering results by terminating the iterationsearly to save computational cost. We develop both probabilistic and deterministic verificationmethods to catch the incorrect clustering result by the service provider. The deterministicmethod returns 100% integrity guarantee with cost that is much cheaper than executing k …,*,2013,14
Result integrity verification of outsourced frequent itemset mining,Boxiang Dong; Ruilin Liu; Hui Wendy Wang,Abstract The data-mining-as-a-service (DMaS) paradigm enables the data owner (client)that lacks expertise or computational resources to outsource its mining tasks to a third-partyservice provider (server). Outsourcing; however; raises a serious security issue: how can theclient of weak computational power verify that the server returned correct mining result? Inthis paper; we focus on the problem of frequent itemset mining; and propose efficient andpractical probabilistic verification approaches to check whether the server has returnedcorrect and complete frequent itemsets.,IFIP Annual Conference on Data and Applications Security and Privacy,2013,13
Leakage-resilient RFID authentication with forward-privacy,Shin’ichiro Matsuo; Miyako Ohkubo; Moti Yung,Abstract Low power devices; such as smart-card and RFID-tags; will be used around our lifeincluding in commercial and financial activities. A prime application of such devices is entityauthentication in pervasive environment. The obvious concerns in this environment involvesgetting security against tag-forgery (even by adversary controlled readers) and; on the otherhand; giving users privacy against linking of different authentication transcripts. Manycryptographic protocols have realizes such requirements. However; there is no schemewhich realizes; both; forward-privacy and tag-forgery right after some leakage is occurred.Since some devices among the huge quantity of expected devices will surely becompromised; it seems highly important; from an engineering point of view; to deal withlimited damage of such exposures. In this paper; we address the gap by proposing the …,International Workshop on Radio Frequency Identification: Security and Privacy Issues,2010,13
Optimizing XML queries: Bitmapped materialized views vs. indexes,Xiaoying Wu; Dimitri Theodoratos; Wendy Hui Wang; Timos Sellis,Abstract Optimizing queries using materialized views has not been addressed adequately inthe context of XML due to the many limitations associated with the definition and usability ofmaterialized views in traditional XML query evaluation models. In this paper; we address theXML query optimization problem using materialized views in the framework of the invertedlists evaluation model which has been established as the most prominent one for evaluatingqueries on large persistent XML data. Under this framework; we propose a novel approachwhich instead of materializing the answer of a view materializes exactly the sublists of theinverted lists that are necessary for computing the answer of the view. A further originality ofour approach is that the view materializations are stored as compressed bitmaps. Thistechnique not only minimizes the materialization space but also reduces CPU and I/O …,Information Systems,2013,11
Privacy-preserving outsourcing of association rule mining,Fosca Giannotti; Laks VS Lakshmanan; Anna Monreale; Dino Pedreschi; Hui Wang,*,ISTI-CNR; Pisa; Italy; Tech Rep,2009,11
Prada: Privacy-preserving data-deduplication-as-a-service,Boxiang Dong; Ruilin Liu; Wendy Hui Wang,Abstract The data-cleaning-as-a-service (DCaS) paradigm enables users to outsource theirdata and data cleaning needs to computationally powerful third-party service providers. Itraises several security issues. One of the issues is how the client can protect the privateinformation in the outsourced data. In this paper; we focus on data deduplication as the maindata cleaning task; and design two efficient privacy-preserving data-deduplication methodsfor the DCaS paradigm. We analyze the robustness of our two methods against the attacksthat exploit the auxiliary frequency distribution and the knowledge of the encodingalgorithms. Our empirical study demonstrates the efficiency and effectiveness of our privacypreserving approaches.,Proceedings of the 23rd ACM International Conference on Conference on Information and Knowledge Management,2014,10
Trust-but-verify: Verifying result correctness of outsourced frequent itemset mining in data-mining-as-a-service paradigm,Boxiang Dong; Ruilin Liu; Hui Wendy Wang,Cloud computing is popularizing the computing paradigm in which data is outsourced to athird-party service provider (server) for data mining. Outsourcing; however; raises a serioussecurity issue: how can the client of weak computational power verify that the serverreturned correct mining result? In this paper; we focus on the specific task of frequent itemsetmining. We consider the server that is potentially untrusted and tries to escape fromverification by using its prior knowledge of the outsourced data. We propose efficientprobabilistic and deterministic verification approaches to check whether the server hasreturned correct and complete frequent itemsets. Our probabilistic approach can catchincorrect results with high probability; while our deterministic approach measures the resultcorrectness with 100 percent certainty. We also design efficient verification methods for …,IEEE Transactions on Services Computing,2016,9
A fully distributed scheme for discovery of semantic relationships,Juan Li; Hui Wang; Samee Ullah Khan; Qingrui Li; Albert Y Zomaya,The availability of large volumes of Semantic Web data has created the potential ofdiscovering vast amounts of knowledge. Semantic relation discovery is a fundamentaltechnology in analytical domains; such as business intelligence and homeland security.Because of the decentralized and distributed nature of Semantic Web development;semantic data tend to be created and stored independently in different organizations. Undersuch circumstances; discovering semantic relations faces numerous challenges; such asisolation; scalability; and heterogeneity. This paper proposes an effective strategy todiscover semantic relationships over large-scale distributed networks based on a novelhierarchical knowledge abstraction and an efficient discovery protocol. The approach willeffectively facilitate the realization of the full potential of harnessing the collective power …,IEEE Transactions on Services Computing,2013,9
Integrity verification of cloud-hosted data analytics computations,Hui Wendy Wang,Abstract In this position paper; we present efficient and practical integrity verificationtechniques that check whether the untrusted cloud has returned correct result of outsourceddata analytics computations. We consider the computation of summation form that is used ina large class of machine learning and data mining problems. We discuss our verificationtechniques for both non-collusive and collusive malicious workers in MapReduce.,Proceedings of the 1st International Workshop on Cloud Intelligence,2012,9
Integrity verification of outsourced frequent itemset mining with deterministic guarantee,Boxiang Dong; Ruilin Liu; Wendy Hui Wang,In this paper; we focus on the problem of result integrity verification for outsourcing offrequent item set mining. We design efficient cryptographic approaches that verify whetherthe returned frequent item set mining results are correct and complete with deterministicguarantee. The key of our solution is that the service provider constructs cryptographicproofs of the mining results. Both correctness and completeness of the mining results aremeasured against the proofs. We optimize the verification by minimizing the number ofproofs. Our empirical study demonstrates the efficiency and effectiveness of the verificationapproaches.,Data Mining (ICDM); 2013 IEEE 13th International Conference on,2013,8
Ambiguity: hide the presence of individuals and their privacy with low information loss,Hui Wendy Wang,Abstract Publishing a database instance containing individual information poses two kindsof privacy risk: presence leakage; by which the attackers can explicitly identify individuals in(or not in) the database; and association leakage; by which the attackers canunambiguously associate individuals with sensitive information. However; the existingprivacy-preserving data publishing techniques that can protect both presence privacy andassociation privacy have considerable amounts of information loss; while the techniquesthat produce better utility fail to protect the presence privacy. In this paper; we propose anovel technique; ambiguity; to protect both presence privacy and association privacy withlow information loss. We formally define the privacy model and quantify the privacyguarantee of our ambiguity technique against both presence leakage and association …,diabetes,2008,8
SPAC: a distributed; peer-to-peer; secure and privacy-aware social space,Angela Bonifati; Hui Wendy Wang; Ruilin Liu,Abstract To support privacy-aware management of data in social spaces; the user personaldata needs to be stored at each user device; and shared only with a trusted subset of otherusers. To date; social spaces only have fairly limited access control capabilities; that do notprotect the possibly sensitive data of the users. In this demonstration; we showcase our SPAC system; a distributed; peer-to-peer; secure and privacy-aware social space system. SPAC is equipped with:(i) an SQL-based declarative distributed query language to specifywhich data to share and whom to share with. Such a language guarantees the fine-grainedaccess to the data;(ii) a fully-decentralized authorization that relies on classic cryptographicprotocols to provide robust and resilient key-based encryption for access controlenforcement; and (iii) an update-friendly access control mechanism; that also addresses …,Proceedings of the 19th ACM international conference on Information and knowledge management,2010,7
Integrity verification of outsourced XML databases,Ruilin Liu; Hui Wang,Recent years have witnessed an increasing trend of enterprises outsource their IT servicesto third parties. A major concern in database outsourcing paradigm is integrity verifcation.Two important issues of integrity verifcation are correctness and completeness. In this paper;we consider these two issues for outsourced XML databases. We propose a novel auditingmechanism that provides the guarantees for both of them. Our experimental resultsdemonstrate the effectiveness and efficiency of our approaches.,Computational Science and Engineering; 2009. CSE'09. International Conference on,2009,6
Secure data outsourcing with adversarial data dependency constraints,Boxiang Dong; Wendy Wang; Jie Yang,Cloud computing enables end-users to outsource their dataset and data managementneeds to a third-party service provider. One of the major security concerns of the outsourcingparadigm is how to protect sensitive information in the outsourced dataset. In general; thesensitive information can be protected by encryption. However; data dependency constraintsin the outsourced data may serve as adversary knowledge and bring security vulnerabilities.In this paper; we focus on functional dependency (FD); an important type of datadependency constraints; and study the security threats by the adversarial FDs. We designthe practical scheme that can defend against the FD attack by encrypting a small amount ofnon-sensitive data (encryption overhead). We prove that searching for the scheme that leadsto the optimal encryption overhead is NP-complete; and design efficient heuristic …,Big Data Security on Cloud (BigDataSecurity); IEEE International Conference on High Performance and Smart Computing (HPSC); and IEEE International Conference on Intelligent Data and Security (IDS); 2016 IEEE 2nd International Conference on,2016,5
A decentralized key management scheme via neighborhood prediction in mobile wireless networks,Xiuyuan Zheng; Hui Wang; Yingying Chen; Hongbo Liu; Ruilin Liu,The wireless data collected in mobile environments provides tremendous opportunities tobuild new applications in various domains such as Vehicular Ad Hoc Networks and mobilesocial networks. One of the biggest challenges is how to store these data. Storing the datadecentralized in wireless devices is an attractive approach because of its major advantagesover centralized ones. In this work; to facilitate effective access control of the wireless data indistributed data storage; we propose a fully decentralized key management scheme byutilizing a cryptography-based secret sharing method. The secret sharing method splits thekeys into multiple shares and distributes them to multiple nodes; which brings the challengethat due to node mobility; these key shares may not be available in the neighborhood whenthey are needed for key reconstruction. To address this challenge arising from mobile …,Mobile Adhoc and Sensor Systems (MASS); 2010 IEEE 7th International Conference on,2010,5
Distributed and secure access control in p2p databases,Angela Bonifati; Ruilin Liu; Hui Wendy Wang,Abstract The intent of peer data management systems (PDMS) is to share as much data aspossible. However; in many applications leveraging sensitive data; users demand adequatemechanisms to restrict the access to authorized parties. In this paper; we study a distributedaccess control model; where data items are stored; queried and authenticated in a totallydecentralized fashion. Our contribution focuses on the design of a comprehensiveframework for access control enforcement in PDMS sharing secure data; which blendspolicy rules defined in a declarative language with distributed key management schemes.The data owner peer decides which data to share and whom to share with by means of suchpolicies; with the data encrypted accordingly. To defend against malicious attackers who cancompromise the peers; the decryption keys are decomposed into pieces scattered …,IFIP Annual Conference on Data and Applications Security and Privacy,2010,5
Hiding outliers into crowd: Privacy-preserving data publishing with outliers,Hui Wendy Wang; Ruilin Liu,Abstract In recent years; many organizations publish their data in non-aggregated format forresearch purpose. However; publishing non-aggregated data raises serious concerns indata privacy. One of the concerns is that when outliers exist in the dataset; they are easier tobe distinguished from the crowd and their privacy is prone to be compromised. In this paper;we study the problem of privacy-preserving publishing datasets that contain outliers. Wedefine the distinguishability-based attack by which the adversary can identify outliers andreveal their private information from an anonymized dataset. We show that the existingsyntactic privacy models (eg; k-anonymity and ℓ-diversity) cannot defend against thedistinguishability-based attack. We define the plain ℓ-diversity to provide privacy guaranteeto outliers against the distinguishability-based attack; and design efficient algorithms to …,Data & Knowledge Engineering,2015,4
Neighborhood prediction based decentralized key management for mobile wireless networks,Xiuyuan Zheng; Yingying Chen; Hui Wang; Hongbo Liu; Ruilin Liu,Abstract The wireless data collected in mobile environments provides tremendousopportunities to build new applications in various domains such as Vehicular Ad HocNetworks and mobile social networks. Storing the data decentralized in wireless devicesbrings major advantages over centralized ones. In this work; to facilitate effective accesscontrol of the wireless data in the distributed data storage; we propose a fully decentralizedkey management framework by utilizing a cryptography-based secret sharing method. Thesecret sharing method splits the keys into multiple shares and distributes them to multiplenodes. However; due to node mobility; these key shares may not be available in theneighborhood when they are needed for key reconstruction. To address this challenge; wepropose the Transitive Prediction (TRAP) protocol that distributes key shares among …,Wireless networks,2013,4
Metadata-guided evaluation of resource-constrained queries in content caching based wireless networks,Ruilin Liu; Xiuyuan Zheng; Hongbo Liu; Hui Wang; Yingying Chen,Abstract Recent years have witnessed the emergence of data-centric storage that providesenergy-efficient data dissemination and organization in mobile wireless environments.However; limited resources of wireless devices bring unique challenges to data access andinformation sharing. To address these challenges; we introduce the concept of contentcaching networks; in which the collected data will be stored by its contents in a distributedmanner; while the data in the network is cached for a certain period of time before it is sent toa centralized storage space for backup. Furthermore; we propose a metadata-guided queryevaluation approach to achieve query efficiency in content caching networks. By thisapproach; each cache node will maintain the metadata that summarizes the data content onitself. Queries will be evaluated first on the metadata before on the cached data. By …,Wireless Networks,2011,4
Privacy-aware distributed mobility data analytics,Francesca Pratesi; Anna Monreale; Hui Wang; Salvatore Rinzivillo; Dino Pedreschi; Gennady Andrienko; Natalia Andrienko,Segnalazioni con codici 20501/20503/20504: Alcuni dati obbligatori per il sito CINECA nonsono presenti o invalidi; oppure il sito CINECA non è riuscito ad individuare una rivista con idati forniti; è necessario controllare la correttezza dell'ISSN e/o EISSN dove applicabili e iltitolo della rivista.Segnalazioni con codici 20201/20202: La pubblicazione non è statatrasferita SOLO per i docenti segnalati nel messaggio a causa di problemi nell'anagraficaCINECA e/o di Ateneo (pe i codici fiscali non sono gli stessi) oppure perché si tratta didocenti che; pur essendo abilitati all'inserimento nel sistema di Ateneo; non hanno facoltà disincronizzare le proprie pubblicazioni in CINECA. Tutti gli altri eventuali coautori senzasegnalazione troveranno la pubblicazione correttamente nel proprio spazio personaleCINECA.,21th Italian Symposium on Advanced Database Systems; SEBD 2013,2013,3
Optimizing tree pattern queries over secure XML databases,Hui Wang; Divesh Srivastava; Laks VS Lakshmanan; SungRan Cho; Sihem Amer-Yahia,Abstract The rapid emergence of XML as a standard for data representation and exchangeover the Web has sparked considerable interest in models and efficient mechanisms forcontrolled access; especially using queries; to information represented in XML (see;eg;[3];[5]–[7];[11]–[13];[31]).,*,2007,3
Arm: Authenticated approximate record matching for outsourced databases,Boxiang Dong; Wendy Wang,In this paper; we consider the outsourcing model in which a third-party server provides dataintegration as a service. Identifying approximately duplicate records in databases is anessential step for the information integration processes. Most existing approaches rely onestimating the similarity of potential duplicates. The service provider returns all records fromthe outsourced dataset that are similar according to specific distance metrics. A majorsecurity concern of this outsourcing paradigm is whether the service provider returns soundand complete near-duplicates. In this paper; we design ARM; an authentication system forthe outsourced record matching. The key idea of ARM is that besides the similar recordpairs; the server returns the verification object (VO) of these similar pairs to prove theircorrectness. First; we design an authenticated data structure named MB-tree for VO …,Information Reuse and Integration (IRI); 2016 IEEE 17th International Conference on,2016,2
Result integrity verification of outsourced privacy-preserving frequent itemset mining,Ruilin Liu; Hui Wang,Abstract In the recently-emerged Data-Mining-as-a-Service (DMaS) paradigm; a clientoutsources her data and the data mining needs to a third party service provider. It raises afew security issues including privacy protection and result integrity verification. Most of therecent work studied these two issues separately. In this paper; we focus on the problem ofresult integrity verification of outsourced privacy-preserving frequent itemset mining. It ischallenging to discover the incorrect results by the service provider's misbehaviors from themining output that intends to be inaccurate due to privacy protection techniques. We designefficient approaches that can provide high probabilistic guarantee for both correctness andcompleteness of the frequent itemset mining results. Our experiment results show theefficiency and effectiveness of our approaches.,*,2015,2
Result integrity verification of outsourced Bayesian network structure learning,Ruilin Liu; Hui Wang; Changhe Yuan,Abstract There has been considerable recent interest in the data-mining-as-a-serviceparadigm: the client that lacks computational resources outsources his/her data and datamining needs to a third-party service provider. One of the security issues of this outsourcingparadigm is how the client can verify that the service provider indeed has returned correctdata mining results. In this paper; we focus on the problem of result verification of outsourcedBayesian network (BN) structure learning. We consider the untrusted service provider thatintends to return wrong BN structures. We develop three efficient probabilistic verificationapproaches to catch the incorrect BN structure with high probability and cheap overhead.Our experimental results demonstrate that our verification methods can capture wrong BNstructure effectively and efficiently.,*,2014,2
Defending against frequency-based attacks on distributed data storage in wireless networks,Hongbo Liu; Hui Wang; Yingying Chen; Dayong Jia,Abstract As wireless networks become more pervasive; the amount of the wireless data israpidly increasing. One of the biggest challenges of wide adoption of distributed datastorage is how to store these data securely. In this work; we study the frequency-basedattack; a type of attack that is different from previously well-studied ones; that exploitsadditional adversary knowledge of domain values and/or their exact/approximatefrequencies to crack the encrypted data. To cope with frequency-based attacks; thestraightforward 1-to-1 substitution encryption functions are not sufficient. We propose a dataencryption strategy based on 1-to-n substitution via dividing and emulating techniques todefend against the frequency-based attack; while enabling efficient query evaluation overencrypted data. We further develop two frameworks; incremental collection and clustered …,ACM Transactions on Sensor Networks (TOSN),2014,2
Efficient storage and temporal query evaluation in hierarchical data archiving systems,Hui Wendy Wang; Ruilin Liu; Dimitri Theodoratos; Xiaoying Wu,Abstract Data archiving has been commonly used in many fields for data backup andanalysis purposes. Although comprehensive application software; new computing andstorage technologies; and the Internet have made it easier to create; collect and store alltypes of data; the meaningful storing; accessing; and managing of database archives in acost-effective way remains extremely challenging. In this paper; we focus on hierarchicaldata archiving that has been popularly used in the scientific field and web datamanagement. First; we propose a novel compaction scheme for archiving hierarchical data.By compacting both data and timestamps; our scheme substantially reduces not only theamount of needed storage; but also the incremental archiving time. Second; we design atemporal query language to support data retrieval from the compact data archives. Third …,International Conference on Scientific and Statistical Database Management,2011,2
To do or not to do: metadata-guided query evaluation in content caching networks,Hui Wang; Ruilin Liu; Xiuyuan Zheng; Yingying Chen; Hongbo Liu,To support emerging pervasive computer applications; efficient data access and informationsharing is essential in mobile wireless environments. The data-centric storage approachprovides energy-efficient data dissemination and organization. However; wireless deviceshave limited storage and are energy-constrained. To address these issues; we introduce theconcept of content caching networks; in which the collected data will be stored by its contentin a distributed manner; while the data in the network is cached for a certain period of timebefore it is sent to a centralized storage space for backup. Further; we propose the metadata-guided query evaluation approach to achieve query efficiency in content caching networks.Our clustering and compression based algorithm for metadata construction helps tominimize the information loss due to data compression; while achieving the memory …,Global Telecommunications Conference; 2009. GLOBECOM 2009. IEEE,2009,2
Hiding distinguished ones into crowd: privacy-preserving publishing data with outliers,Hui Wendy Wang; Ruilin Liu,Abstract Publishing microdata raises concerns of individual privacy. When there exist outlierrecords in the microdata; the distinguishability of the outliers enables their privacy to beeasier to be compromised than that of regular ones. However; none of the existinganonymization techniques can provide sufficient protection to the privacy of the outliers. Inthis paper; we study the problem of anonymizing the micro-data that contains outliers. Wedefine the distinguishability-based attack by which the adversary can infer the existence ofoutliers as well as their private information from the anonymized microdata. To defendagainst the distinguishability-based attack; we define the plain k-anonymity as the privacyprinciple. Based on the definition; we categorize the outliers into two types; the ones thatcannot be hidden by any plain k-anonymous group (called global outliers) and the ones …,Proceedings of the 12th International Conference on Extending Database Technology: Advances in Database Technology,2009,2
Probabilistic privacy analysis of published views,Hui Wang; Laks VS Lakshmanan,Abstract Among techniques for ensuring privacy in data publishing; k-anonymity andpublishing of views on private data are quite popular. In this paper; we consider datapublishing by views and develop a probability framework for the analysis of privacy breach.We propose two attack models and derive the probability of privacy breach for each model.,Proceedings of the 5th ACM workshop on Privacy in electronic society,2006,2
Frequency-hiding dependency-preserving encryption for outsourced databases,Boxiang Dong; Wendy Wang,The cloud paradigm enables users to outsource their data to computationally powerful third-party service providers for data management. Many data management tasks rely on the datadependency in the outsourced data. This raises an important issue of how the data ownercan protect the sensitive information in the outsourced data while preserving the datadependency. In this paper; we consider functional dependency (FD); an important type ofdata dependency. Although simple deterministic encryption schemes can preserve FDs;they may be vulnerable against the frequency analysis attack. We design a frequencyhiding; FD-preserving probabilistic encryption scheme; named F2; that enables the serviceprovider to discover the FDs from the encrypted dataset. We consider two attacks; namelythe frequency analysis (FA) attack and the FD-preserving chosen plaintext attack (FCPA) …,Data Engineering (ICDE); 2017 IEEE 33rd International Conference on,2017,1
Understanding data completeness in network monitoring systems,Flip Korn; Ruilin Liu; Hui Wang,In many networks including Internet Service Providers; transportation monitoring systemsand the electric grid; measurements from a set of objects are continuously taken over timeand used for important decisions such as provisioning and pricing. It is therefore vital tounderstand the completeness and reliability of such data. Given the large volume of datagenerated by these systems; rather than enumerating the times and objects incurringmissing or spurious data; it is more effective to provide patterns (groups of tuples) conciselysummarizing trends that may not otherwise be readily observable. In this paper; we definethe Graph Tableau Discovery Problem where the measured tuples can be thought of asedges in a bipartite graph on an ordered attribute (time) and an unordered attribute (objectidentifiers). We define the problem of finding an optimal summary; show that it is NP …,Data Mining (ICDM); 2012 IEEE 12th International Conference on,2012,1
Privacy-preserving data publishing,Ruilin Liu; Hui Wang,Data publishing has generated much concern on individual privacy. Recent work hasfocused on different background knowledge and their various threats to the privacy ofpublished data. However; there still exist a few types of adversary knowledge waiting to beinvestigated. In this paper; I explain my research on privacy-preserving data publishing(PPDP) by using full functional dependencies (FFDs) as part of adversary knowledge. I alsobriefly explain my research plan.,Data Engineering Workshops (ICDEW); 2010 IEEE 26th International Conference on,2010,1
Predictive Anonymization: Utility-Preserving Publishing of Sparse Recommendation Data,Chih-Cheng Chang; Brian Thompson; H Wang; Danfeng Yao,ABSTRACT Recently; recommender systems have been introduced to predict userpreferences for products or services. In order to seek better prediction techniques; dataowners of recommender systems such as Netflix sometimes make their customers' reviewsavailable to the public; which raises serious privacy concerns. With only a small amount ofknowledge about individuals and their ratings to some items in a recommender system; anadversary may easily identify the users and breach their privacy. Unfortunately; most of theexisting privacy models (eg; k-anonymity) cannot be directly applied to recommendersystems. In this paper; we study the problem of privacy-preserving publishing ofrecommendation datasets. We represent recommendation data as a bipartite graph; anddefine several attacks on the graph that can re-identify users and determine their rated …,*,2008,1
Authenticated Outlier Mining for Outsourced Databases,Boxiang Dong; Hui Wendy Wang; Anna Monreale; Dino Pedreschi; Fosca Giannotti; Wenge Guo,The Data-Mining-as-a-Service (DMaS) paradigm is becoming the focus of research; as itallows the data owner (client) who lacks expertise and/or computational resources tooutsource their data and mining needs to a third-party service provider (server). Outsourcing;however; raises some issues about result integrity: how could the client verify the miningresults returned by the server are both sound and complete? In this paper; we focus onoutlier mining; an important mining task. Previous verification techniques use anauthenticated data structure (ADS) for correctness authentication; which may incur muchspace and communication cost. In this paper; we propose a novel solution that returns aprobabilistic result integrity guarantee with much cheaper verification cost. The key idea is toinsert a set of artificial records (ARs) into the dataset; from which it constructs a set of …,IEEE Transactions on Dependable and Secure Computing,2017,*
EARRING: Efficient Authentication of Outsourced Record Matching,Boxiang Dong; Hui Wang,Page 1. EARRING: Efficient Authentication of Outsourced Record Matching IRI'17 Boxiang Dong1 Wendy Wang 2 1Montclair State University Montclair; NJ 2Stevens Institute of TechnologyHoboken; NJ August 5; 2017 Page 2. Record Matching Record matching Find all records thatare similar to a target. Applications • information integration • data cleaning D sq sq 1s|s ∈ D;DST(s; sq) ≤ θl θ θ: similarity threshold DST: edit distance θ: similarity threshold DST: edit distance2 / 36 Page 3. Record Matching Record matching Find all records that are similar to a target.Applications • information integration • data cleaning • information retrieval RID Name Street CityAge r1 John Leonard NY 45 r2 Kevin Wicks LA 31 r3 Mike Main Phil 22 sq = (John; Lenard; NY;45) θ = 2 {r1} 3 / 36 Page 4. Outsourced Record Matching • The third-party service provider (server)is responsible for processing the record matching requests …,2017 IEEE International Conference on Information Reuse and Integration (IRI),2017,*
Budget-Constrained Result Integrity Verification of Outsourced Data Mining Computations,Bo Zhang; Boxiang Dong; Wendy Wang,Abstract When outsourcing data mining needs to an untrusted service provider in the Data-Mining-as-a-Service (DMaS) paradigm; it is important to verify whether the service provider(server) returns correct mining results (in the format of data mining objects). We consider thesetting in which each data mining object is associated with a weight for its importance. Givena client who is equipped with limited verification budget; the server selects a subset ofmining results whose total verification cost does not exceed the given budget; while the totalweight of the selected results is maximized. This maps to the well-known budgetedmaximum coverage (BMC) problem; which is NP-hard. Therefore; the server may execute aheuristic algorithm to select a subset of mining results for verification. The server hasfinancial incentives to cheat on the heuristic output; so that the client has to pay more for …,IFIP Annual Conference on Data and Applications Security and Privacy,2017,*
Pairwise Ranking Aggregation by Non-interactive Crowdsourcing with Budget Constraints,Changjiang Cai; Haipei Sun; Boxiang Dong; Bo Zhang; Ting Wang; Hui Wang,Crowdsourced ranking algorithms ask the crowd to compare the objects and infer the fullranking based on the crowdsourced pairwise comparison results. In this paper; we considerthe setting in which the task requester is equipped with a limited budget that can afford onlya small number of pairwise comparisons. To make the problem more complicated; the crowdmay return noisy comparison answers. We propose an approach to obtain a good-quality fullranking from a small number of pairwise preferences in two steps; namely task assignmentand result inference. In the task assignment step; we generate pairwise comparison tasksthat produce a full ranking with high probability. In the result inference step; based on thetransitive property of pairwise comparisons and truth discovery; we design an efficientheuristic algorithm to find the best full ranking from the potentially conflictive pairwise …,Distributed Computing Systems (ICDCS); 2017 IEEE 37th International Conference on,2017,*
Private; Yet Practical; Multiparty Deep Learning,Xinyang Zhang; Shouling Ji; Hui Wang; Ting Wang,In this paper; we consider the problem of multiparty deep learning (MDL); whereinautonomous data owners jointly train accurate deep neural network models without sharingtheir private data. We design; implement; and evaluate∝ MDL; a new MDL paradigm builtupon three primitives: asynchronous optimization; lightweight homomorphic encryption; andthreshold secret sharing. Compared with prior work;∝ MDL departs in significant ways: a)besides providing explicit privacy guarantee; it retains desirable model utility; which isparamount for accuracy-critical domains; b) it provides an intuitive handle for the operator togracefully balance model utility and training efficiency; c) moreover; it supports delicatecontrol over communication and computational costs by offering two variants; operatingunder loose and tight coordination respectively; thus optimizable for given system settings …,Distributed Computing Systems (ICDCS); 2017 IEEE 37th International Conference on,2017,*
Leveraging Crowd for Collecting and Maintaining Educational Resources for Privacy Learning,Wendy Hui WANG; TAO Yu; WANG Kai; Dominik JEDRUSZCZAK; Benjamin KNUTSON,Abstract As the Internet grows in importance; it is vital to develop methods and techniquesfor educating end-users to improve their awareness of online privacy. Web-based educationtools have been proven effective in many domains and have been increasingly adopted bymany online professional and educational services. However; the design and developmentof Web-based education tools for online privacy is still in its early stage. The traditionalsolutions always involve privacy experts who have sophisticated expertise. However; it is notclear how inspiring and effective these education tools are to general users of varyingbackgrounds. Furthermore; such involvement can make the tool development costly. In thispaper; we discuss our experiences of designing a quiz-based privacy learning tool byleveraging the wisdom of the crowd on Amazon Mechanic Turk for two purposes:(1) …,DEStech Transactions on Computer Science and Engineering,2017,*
Similarity Recoverable; Format-Preserving String Encryption,Yijin Li; Wendy Hui Wang,Abstract Format-preserving encryption (FPE) encrypts a plaintext of some specified formatinto a ciphertext of identical format. In this paper; we consider FPE on string data; and designnew FPE algorithms that preserve the string similarity for a large number of string metrics.The experiments show that our encryption algorithm is efficient and robust against thefrequency analysis attack.,Asia-Pacific Web Conference,2016,*
Privacy-Preserving Outsourcing of Data Mining,Anna Monreale; Wendy Hui Wang,Data mining is gaining momentum in society due to the ever increasing availability of largeamounts of data; easily gathered by a variety of collection technologies and stored viacomputer systems. Due to the limited computational resources of data owners and thedevelopments in cloud computing; there has been considerable recent interest in theparadigm of data mining-as-a-service (DMaaS). In this paradigm; a company (data owner)lacking in expertise or computational resources outsources its mining needs to a third partyservice provider (server). Given the fact that the server may not be fully trusted; one of themain concerns of the DMaaS paradigm is the protection of data privacy. In this paper; weprovide an overview of a variety of techniques and approaches that address the privacyissues of the DMaaS paradigm.,Computer Software and Applications Conference (COMPSAC); 2016 IEEE 40th Annual,2016,*
Leveraging Crowd for Game-based Learning: A Case Study of Privacy Education Game Design and Evaluation by Crowdsourcing,Wendy Wang; Yu Tao; Kai Wang; Dominik Jedruszczak; Ben Knutson,Abstract: As the Internet grows in importance; it is vital to develop methods and techniquesfor educating end-users to improve their awareness of online privacy. Web-based educationtools have been proven effective in many domains and have been increasingly adopted bymany online professional and educational services. However; the design and developmentof Web-based education tools for online privacy is still in the early stage. The traditionalsolutions always involve privacy experts who have sophisticated expertise. Suchinvolvement can make the tool development costly. Furthermore; it is not clear how inspiringand effective these education tools are to general users of varying backgrounds; specially tonovice users who have rarely dealt with online privacy issues before. In this paper; wedesign; develop; and evaluate a game-based privacy learning system by leveraging the …,arXiv preprint arXiv:1603.02766,2016,*
Developing Online Privacy Education Tools with Inputs from the Crowd,Hui Wang,In this talk; we introduce an ongoing NSF-funded research project that is also related to ISeducation. Online social networking communities have undergone an explosion in recentyears; as both the kinds and numbers of sites have grown and their memberships haveincreased. This has led to the proliferation of personal data revealed by users of onlinecommunities; which presents a variety of privacy risks. Although these risks apply to individualsof all ages and backgrounds; younger users have been the primary focus of most academic researchregarding online privacy and safety. This focus is justified as many young users still know littleabout online privacy even though their awareness of online privacy has increased. Due to thefact that most existing cybersecurity education tools are either too technical or impractical foryoung users; there is a need for new; effective online privacy education tools.,*,2016,*
iCoDA: Interactive and exploratory data completeness analysis,Ruilin Liu; Guan Wang; Wendy Hui Wang; Flip Korn,The completeness of data is vital to data quality. In this demo; we present iCoDA; a systemthat supports interactive; exploratory data completeness analysis. iCoDA providesalgorithms and tools to generate tableau patterns that concisely summarize the incompletedata under various configuration settings. During the demo; the audience can use iCoDA tointeractively explore the tableau patterns generated from incomplete data; with the flexibilityof filtering and navigating through different granularity of these patterns. iCoDA supportsvarious visualization methods to the audience for the display of tableau patterns. Overall; wewill demonstrate that iCoDA provides sophisticated analysis of data completeness.,Data Engineering (ICDE); 2014 IEEE 30th International Conference on,2014,*
A reinforcement learning based framework for prediction of near likely nodes in data-centric mobile wireless networks,Yingying Chen; Hui Wendy Wang; Xiuyuan Zheng; Jie Yang,Abstract Data-centric storage provides energy-efficient data dissemination and organizationfor the increasing amount of wireless data. One of the approaches in data-centric storage isthat the nodes that collected data will transfer their data to other neighboring nodes thatstore the similar type of data. However; when the nodes are mobile; type-based datadistribution alone cannot provide robust data storage and retrieval; since the nodes thatstore similar types may move far away and cannot be easily reachable in the future. In orderto minimize the communication overhead and achieve efficient data retrieval in mobileenvironments; we propose a reinforcement learning-based framework called PARIS; whichutilizes past node trajectory information to predict the near likely nodes in the future as thebest content distributee. Our framework can adaptively improve the prediction accuracy …,EURASIP Journal on Wireless Communications and Networking,2010,*
Efficient Secure Query Evaluation over Encrypted XML Databases: Full Paper Containing Proofs for VLDB Submission 527,Hui Wang; Laks VS Lakshmanan,ABSTRACT Motivated by the” database-as-service” paradigm wherein data owned by aclient is hosted on a third-party server; there is significant interest in secure query evaluationover encrypted databases. We consider this problem for XML databases. We capturesecurity requirements of the data owner using a novel notion of security constraints. Forsecurity reasons; sensitive parts of the hosted database are encrypted. There is a tensionbetween data security and efficiency of query evaluation for different granularities ofencryption. We show that finding an optimal; secure encryption scheme is NP-hard. Forspeeding up query processing; we propose to keep metadata; consisting of structure andvalue indices; on the server. We want to prevent the server; or an attacker who gains accessto the server; from learning sensitive information in the database. We consider an attack …,*,*,*
SPECIAL ISSUE ON SECURITY AND PRIVACY IN COMPLEX SYSTEMS,T Sommestad; M Ekstedt; H Holm; X Wang; Y Xu; J Jiang; O Ormond; B Liu; F Giannotti; LVS Lakshmanan; A Monreale; D Pedreschi; H Wendy Wang,SPECIAL ISSUE PAPERS Secure Route Optimization for MIPv6 Using Enhanced CGA and DNSSEC. . . . . . . . . . . . . . A. Rossi; S. Pierre; and S. Krishnan … The Cyber Security ModelingLanguage: A Tool for Assessing the Vulnerability of Enterprise System Architectures . . . . . . .. . . . . ............................................................................... T. Sommestad; M. Ekstedt; and H. Holm …StriFA: Stride Finite Automata for High-Speed Regular Expression Matching in Network IntrusionDetection Systems . . . . . . . . . . ............................................................. X. Wang; Y. Xu; J. Jiang; O.Ormond; B. Liu; and X. Wang … Privacy-Preserving Mining of Association Rules From OutsourcedTransaction Databases . . . . . . . . . . . . . . . . . . . . . . . . . . . . . . . . . . . . . ..................................... F.Giannotti; LVS Lakshmanan; A. Monreale; D. Pedreschi; and H. (Wendy) Wang …AS-CRED: Reputation and Alert Service for Interdomain Routing …,*,*,*
Poster: Privacy-Aware Publishing of Netflix Data,Brian Thompson; Chih-Cheng Chang; Hui Wendy Wang; Danfeng Yao,Abstract—To seek better prediction techniques; data owners of recommender systems suchas Netflix sometimes make their customers' reviews available to the public; which raisesserious privacy concerns. With only a small amount of knowledge about individuals in arecommender system; an adversary may be able to re-identify users and consequentlydetermine their item ratings. In this work; we present a robust and efficient anonymizationalgorithm for publishing recommendation datasets; Predictive Anonymization; that givesdesired privacy guarantees without significantly affecting prediction accuracy.,*,*,*
Full Version: Quality Assurance of Outsourced Outlier Mining,Yongjin Zhang; Ruilin Liu; Hui Wendy Wang; Anna Monreale; Dino Pedreschi; Fosca Giannotti; Wenge Guo,ABSTRACT Spurred by developments such as in cloud computing; there has beenconsiderable recent interest in the paradigm of data mining-as-service. A company (dataowner) lacking in expertise or computational resources can outsource its mining needs to athird-party service provider. However; as the service providers may not be fully trusted; adishonest service provider may return inaccurate mining results to the database owner. Inthis paper; we study the problem of providing quality assurance for outsourced outliermining. We propose an efficient and practical auditing approach that can verify (1) whetherthe service provider returns the outliers originated from the hosted database; and (2)whether the service provider returns correct and complete outlier mining results. The key ofour approach is to insert a small amount of artificial tuples into the outsourced database; …,*,*,*
