Special issue: The first provenance challenge,Luc Moreau; Bertram Ludäscher; Ilkay Altintas; Roger S Barga; Shawn Bowers; Steven Callahan; George Chin; Ben Clifford; Shirley Cohen; Sarah Cohen‐Boulakia; Susan Davidson; Ewa Deelman; Luciano Digiampietri; Ian Foster; Juliana Freire; James Frew; Joe Futrelle; Tara Gibson; Yolanda Gil; Carole Goble; Jennifer Golbeck; Paul Groth; David A Holland; Sheng Jiang; Jihie Kim; David Koop; Ales Krenek; Timothy McPhillips; Gaurang Mehta; Simon Miles; Dominic Metzger; Steve Munroe; Jim Myers; Beth Plale; Norbert Podhorszki; Varun Ratnakar; Emanuele Santos; Carlos Scheidegger; Karen Schuchardt; Margo Seltzer; Yogesh L Simmhan; Claudio Silva; Peter Slaughter; Eric Stephan; Robert Stevens; Daniele Turi; Huy Vo; Mike Wilde; Jun Zhao; Yong Zhao,Abstract The first Provenance Challenge was set up in order to provide a forum for thecommunity to understand the capabilities of different provenance systems and theexpressiveness of their provenance representations. To this end; a functional magneticresonance imaging workflow was defined; which participants had to either simulate or run inorder to produce some provenance representation; from which a set of identified querieshad to be implemented and executed. Sixteen teams responded to the challenge; andsubmitted their inputs. In this paper; we present the challenge workflow and queries; andsummarize the participants' contributions. Copyright© 2007 John Wiley & Sons; Ltd.,Concurrency and computation: practice and experience,2008,232
Provenance in scientific workflow systems.,Susan B Davidson; Sarah Cohen Boulakia; Anat Eyal; Bertram Ludäscher; Timothy M McPhillips; Shawn Bowers; Manish Kumar Anand; Juliana Freire,Abstract The automated tracking and storage of provenance information promises to be amajor advantage of scientific workflow systems. We discuss issues related to data andworkflow provenance; and present techniques for focusing user attention on meaningfulprovenance through “user views;” for managing the provenance of nested scientific data;and for using information about the evolution of a workflow specification to understand thedifference in the provenance of similar data products.,IEEE Data Eng. Bull.,2007,223
Querying and managing provenance through user views in scientific workflows,Olivier Biton; Sarah Cohen-Boulakia; Susan B Davidson; Carmem S Hara,Workflow systems have become increasingly popular for managing experiments wheremany bioinformatics tasks are chained together. Due to the large amount of data generatedby these experiments and the need for reproducible results; provenance has become ofparamount importance. Workflow systems are therefore starting to provide support forquerying provenance. However; the amount of provenance information may beoverwhelming; so there is a need for abstraction mechanisms to help users focus on themost relevant information. The technique we pursue is that of" user views". Sincebioinformatics tasks may themselves be complex sub-workflows; a user view determineswhat level of sub-workflow the user can see; and thus what data and tasks are visible inprovenance queries. In this paper; we formalize the notion of user views; demonstrate …,Data Engineering; 2008. ICDE 2008. IEEE 24th International Conference on,2008,148
Data Integration in the Life Sciences: 4th International Workshop; DILS 2007; Philadelphia; PA; USA; June 27-29; 2007: Proceedings,Sarah Cohen-Boulakia; Val Tannen,Understanding the mechanisms involved in life (eg; discovering the biological function of aset of proteins; inferring the evolution of a set of species) is becoming increasinglydependent on progress made in mathematics; computer science; and molecularengineering. For the past 30 years; new high-throughput technologies have been developedgenerating large amounts of data; distributed across many data sources on the Web; with ahigh degree of semantic heterogeneity and different levels of quality. However; one suchdataset is not; by itself; sufficient for scientific discovery. Instead; it must be combined withother data and processed by bioinformatics tools for patterns; similarities; and unusualoccurrences to be observed. Both data integration and data mining are thus of paramountimportance in life science. DILS 2007 was the fourth in a workshop series that aims at …,*,2007,118
Towards a model of provenance and user views in scientific workflows,Shirley Cohen; Sarah Cohen-Boulakia; Susan Davidson,Abstract Scientific experiments are becoming increasingly large and complex; with acommensurate increase in the amount and complexity of data generated. Data; bothintermediate and final results; is derived by chaining and nesting together multiple databasesearches and analytical tools. In many cases; the means by which the data are produced isnot known; making the data difficult to interpret and the experiment impossible to reproduce.Provenance in scientific workflows is thus of paramount importance. In this paper; weprovide a formal model of provenance for scientific workflows which is general (ie can beused with existing workflow systems; such as Kepler; myGrid and Chimera) and sufficientlyexpressive to answer the provenance queries we encountered in a number of case studies.Interestingly; our model not only takes into account the chained and nested structure of …,Data Integration in the Life Sciences,2006,84
Differencing provenance in scientific workflows,Zhuowei Bao; Sarah Cohen-Boulakia; Susan B Davidson; Anat Eyal; Sanjeev Khanna,Scientific workflow management systems are increasingly providing the ability to manageand query the provenance of data products. However; the problem of differencing theprovenance of two data products produced by executions of the same specification has notbeen adequately addressed. Although this problem is NP-hard for general workflowspecifications; an analysis of real scientific (and business) workflows shows that theirspecifications can be captured as series-parallel graphs overlaid with well-nested forkingand looping. For this natural restriction; we present efficient; polynomial-time algorithms fordifferencing executions of the same specification and thereby understanding the differencein the provenance of their data products. We then describe a prototype called PDiffView builtaround our differencing algorithm. Experimental results demonstrate the scalability of our …,Data Engineering; 2009. ICDE'09. IEEE 25th International Conference on,2009,62
Addressing the provenance challenge using zoom,Sarah Cohen‐Boulakia; Olivier Biton; Shirley Cohen; Susan Davidson,Abstract ZOOM* UserViews presents a model of provenance for scientific workflows that issimple; generic; and yet sufficiently expressive to answer questions of data and stepprovenance that have been encountered in a large variety of scientific case studies. Inaddition; ZOOM builds on the concept of composite step-classes—or sub-workflows—whichis present in many scientific workflow systems to develop a notion of user views. This paperdiscusses the design and implementation of ZOOM in the context of the queries posed bythe provenance challenge; and shows how user views affect the level of granularity at whichprovenance information can be seen and reasoned about. Copyright© 2007 John Wiley &Sons; Ltd.,Concurrency and Computation: Practice and Experience,2008,61
Zoom* userviews: Querying relevant provenance in workflow systems,Olivier Biton; Sarah Cohen-Boulakia; Susan B Davidson,Abstract In this demonstration; we present the ZOOM* UserView system; and focus on themodule which generates a" user view" based on what tasks the user perceives to berelevant in the workflow specification. We will show how user views can be used to reducethe amount of information returned by provenance queries; while focusing on information theuser finds relevant. User views are based on the notion of composite tasks; and induce ahigher-level specification of a workflow.,Proceedings of the 33rd international conference on Very large data bases,2007,57
Search; adapt; and reuse: the future of scientific workflows,Sarah Cohen-Boulakia; Ulf Leser,Abstract Over the last years; a number of scientific workflow management systems (SciWFM)have been brought to a state of maturity that should permit their usage in a production-styleenvironment. This is especially true for the Life Sciences; but SciWFM also attractconsiderable attention in fields like geophysics or climate research. These developments;accompanied by the growing availability of analytical tools wrapped as (web) services; weredriven by a series of very interesting promises: End users will be empowered to developtheir own pipelines; reuse of services will be enhanced by easier integration into customworkflows; time necessary for developing analysis pipelines will decrease; etc. But despiteall efforts; SciWFM have not yet found widespread acceptance in their intended audience. Inthis paper; we argue that a wider adoption of SciWFM will only be achieved if the focus of …,ACM SIGMOD Record,2011,53
BioGuideSRS: querying multiple sources with a user-centric perspective,Sarah Cohen-Boulakia; Olivier Biton; Susan Davidson; Christine Froidevaux,Abstract Summary: Biologists are frequently faced with the problem of integrating informationfrom multiple heterogeneous sources with their own experimental data. Given the largenumber of public sources; it is difficult to choose which sources to integrate withoutassistance. When doing this manually; biologists differ in their preferences concerning thesources to be queried as well as the strategies; ie the querying process they follow fornavigating through the sources. In response to these findings; we have developed BioGuideto assist scientists search for relevant data within external sources while taking theirpreferences and strategies into account. In this article; we present BioGuideSRS; a user-friendly system which automatically retrieves instances of data by using BioGuide on top ofthe sequence retrieval system (SRS). BioGuideSRS is an Applet that can be run from its …,Bioinformatics,2007,50
Proteome informatics II: bioinformatics for comparative proteomics,Frédérique Lisacek; Sarah Cohen‐Boulakia; Ron D Appel,Abstract The present review attempts to cover the most recent initiatives directed towardsrepresenting; storing; displaying and processing protein-related data suited to undertake“comparative proteomics” studies. Data interpretation is brought into focus. Efforts investedinto analysing and interpreting experimental data increasingly express the need for addingmeaning. This trend is perceptible in work dedicated to determining ontologies; modellinginteraction networks; etc. In parallel; technical advances in computer science are spurred bythe development of the Web and the growing need to channel and understand massivevolumes of data. Biology benefits from these advances as an application of choice for manygeneric solutions. Some examples of bioinformatics solutions are discussed and directionsfor on-going and future work conclude the review.,Proteomics,2006,43
Path-based systems to guide scientists in the maze of biological data sources,Sarah Cohen-Boulakia; Susan Davidson; Christine Froidevaux; Zoé Lacroix; Maria-Esther Vidal,Fueled by novel technologies capable of producing massive amounts of data for a singleexperiment; scientists are faced with an explosion of information which must be rapidlyanalyzed and combined with other data to form hypotheses and create knowledge. Today;numerous biological questions can be answered without entering a wet lab. Scientificprotocols designed to answer these questions can be run entirely on a computer. Biologicalresources are often complementary; focused on different objects and reflecting variousexperts' points of view. Exploiting the richness and diversity of these resources is crucial forscientists. However; with the increase of resources; scientists have to face the problem ofselecting sources and tools when interpreting their data. In this paper; we analyze the way inwhich biologists express and implement scientific protocols; and we identify the …,Journal of Bioinformatics and Computational Biology,2006,38
Similarity search for scientific workflows,Johannes Starlinger; Bryan Brancotte; Sarah Cohen-Boulakia; Ulf Leser,Abstract With the increasing popularity of scientific workflows; public repositories are gainingimportance as a means to share; find; and reuse such workflows. As the sizes of theserepositories grow; methods to compare the scientific workflows stored in them become anecessity; for instance; to allow duplicate detection or similarity search. Scientific workflowsare complex objects; and their comparison entails a number of distinct steps from comparingatomic elements to comparison of the workflows as a whole. Various studies haveimplemented methods for scientific workflow comparison and came up with oftencontradicting conclusions upon which algorithms work best. Comparing these results iscumbersome; as the original studies mixed different approaches for different steps and useddifferent evaluation data and metrics. We contribute to the field (i) by disecting each …,Proceedings of the VLDB Endowment,2014,31
Selecting biomedical data sources according to user preferences,Sarah Cohen Boulakia; Séverine Lair; Nicolas Stransky; Stéphane Graziani; François Radvanyi; Emmanuel Barillot; Christine Froidevaux,Abstract Motivation: Biologists are now faced with the problem of integrating information frommultiple heterogeneous public sources with their own experimental data contained inindividual sources. The selection of the sources to be considered is thus critically important.Results: Our aim is to support biologists by developing a module based on an algorithm thatpresents a selection of sources relevant to their query and matched to their own preferences.We approached this task by investigating the characteristics of biomedical data andintroducing several preference criteria useful for bioinformaticians. This work was carried outin the framework of a project which aims to develop an integrative platform for the multipleparametric analysis of cancer. We illustrate our study through an elementary biomedicalquery occurring in a CGH analysis scenario. Availability: http://www. lri. fr/~ cohen/dss/dss …,Bioinformatics,2004,28
Distilling structure in Taverna scientific workflows: a refactoring approach,Sarah Cohen-Boulakia; Jiuqiang Chen; Paolo Missier; Carole Goble; Alan R Williams; Christine Froidevaux,Scientific workflows management systems are increasingly used to specify and managebioinformatics experiments. Their programming model appeals to bioinformaticians; whocan use them to easily specify complex data processing pipelines. Such a model isunderpinned by a graph structure; where nodes represent bioinformatics tasks and linksrepresent the dataflow. The complexity of such graph structures is increasing over time; withpossible impacts on scientific workflows reuse. In this work; we propose effective methodsfor workflow design; with a focus on the Taverna model. We argue that one of thecontributing factors for the difficulties in reuse is the presence of,BMC bioinformatics,2014,23
Proceedings of the 5th international workshop on Data Integration in the Life Sciences,Amos Bairoch; Sarah Cohen-Boulakia; Christine Froidevaux,*,*,2008,23
Privacy issues in scientific workflow provenance,Susan B Davidson; Sanjeev Khanna; Sudeepa Roy; Sarah Cohen Boulakia,Abstract A scientific workflow often deals with proprietary modules as well as private orconfidential data; such as health or medical information. Hence providing exact answers toprovenance queries over all executions of the workflow may reveal private information. Inthis paper we first study the potential privacy issues in a scientific workflow--module privacy;data privacy; and provenance privacy; and frame several natural questions:(i) can weformally analyze module; data or provenance privacy giving provable privacy guarantees foran unlimited/bounded number of provenance queries?(ii) how can we answer provenancequeries; providing as much information as possible to the user while still guaranteeing therequired privacy? Then we look at module privacy in detail and propose a formal model fromour recent work in [11]. Finally we point to several directions for future work.,Proceedings of the 1st International Workshop on Workflow Approaches to New Data-centric Science,2010,19
(Re) use in public scientific workflow repositories,Johannes Starlinger; Sarah Cohen-Boulakia; Ulf Leser,Abstract Scientific workflows help in designing; managing; monitoring; and executing in-silico experiments. Since scientific workflows often are complex; sharing them by means ofpublic workflow repositories has become an important issue for the community. However;due to the increasing numbers of workflows available in such repositories; users have acrucial need for assistance in discovering the right workflow for a given task. To this end;identification of functional elements shared between workflows as a first step to derivemeaningful similarity measures for workflows is a key point. In this paper; we present theresults of a study we performed on the probably largest open workflow repository;myExperiment. org. Our contributions are threefold:(i) We discuss the critical problem ofidentifying same or similar (sub-) workflows and workflow elements;(ii) We study; for the …,International Conference on Scientific and Statistical Database Management,2012,16
Layer decomposition: An effective structure-based approach for scientific workflow similarity,Johannes Starlinger; Sarah Cohen-Boulakia; Sanjeev Khanna; Susan B Davidson; Ulf Leser,Scientific workflows have become a valuable tool for large-scale data processing andanalysis. This has led to the creation of specialized online repositories to facilitate workflowsharing and reuse. Over time; these repositories have grown to sizes that call for advancedmethods to support workflow discovery; in particular for effective similarity search. Here; wepresent a novel and intuitive workflow similarity measure that is based on layerdecomposition. Layer decomposition accounts for the directed dataflow underlying scientificworkflows; a property which has not been adequately considered in previous methods. Wecomparatively evaluate our algorithm using a gold standard for 24 query workflows from arepository of almost 1500 scientific workflows; and show that it a) delivers the best results forsimilarity search; b) has a much lower runtime than other; often highly complex …,e-Science (e-Science); 2014 IEEE 10th International Conference on,2014,15
Using medians to generate consensus rankings for biological data,Sarah Cohen-Boulakia; Alain Denise; Sylvie Hamel,Abstract Faced with the deluge of data available in biological databases; it becomesincreasingly difficult for scientists to obtain reasonable sets of answers to their biologicalqueries. A critical example appears in medicine; where physicians frequently need to getinformation about genes associated with a given disease. When they pose such queries toWeb portals (eg; Entrez NCBI) they usually get huge amounts of answers which are notranked; making them very difficult to be exploited. In the last years; while several rankingapproaches have been proposed; none of them is considered as the most promising.Instead of considering ranking methods as alternative approaches; we propose to generatea consensus ranking to highlight the common points of a set of rankings while minimizingtheir disagreements. Our work is based on the concept of median; originally defined on …,International Conference on Scientific and Statistical Database Management,2011,15
Effective and efficient similarity search in scientific workflow repositories,Johannes Starlinger; Sarah Cohen-Boulakia; Sanjeev Khanna; Susan B Davidson; Ulf Leser,Abstract Scientific workflows have become a valuable tool for large-scale data processingand analysis. This has led to the creation of specialized online repositories to facilitateworkflow sharing and reuse. Over time; these repositories have grown to sizes that call foradvanced methods to support workflow discovery; in particular for similarity search. Effectivesimilarity search requires both high quality algorithms for the comparison of scientificworkflows and efficient strategies for indexing; searching; and ranking of search results. Yet;the graph structure of scientific workflows poses severe challenges to each of these steps.Here; we present a complete system for effective and efficient similarity search in scientificworkflow repositories; based on the Layer Decomposition approach to scientific workflowcomparison. Layer Decomposition specifically accounts for the directed dataflow …,Future Generation Computer Systems,2016,14
OpenAlea: scientific workflows combining data analysis and simulation,Christophe Pradal; Christian Fournier; Patrick Valduriez; Sarah Cohen-Boulakia,Abstract Analyzing biological data (eg; annotating genomes; assembling NGS data...) mayinvolve very complex and interlinked steps where several tools are combined together.Scientific workflow systems have reached a level of maturity that makes them able to supportthe design and execution of such in-silico experiments; and thus making them increasinglypopular in the bioinformatics community. However; in some emerging application domainssuch as system biology; developmental biology or ecology; the need for data analysis iscombined with the need to model complex multi-scale biological systems; possibly involvingmultiple simulation steps. This requires the scientific workflow to deal with retro-action tounderstand and predict the relationships between structure and function of these complexsystems. OpenAlea (openalea. gforge. inria. fr) is the only scientific workflow system able …,Proceedings of the 27th International Conference on Scientific and Statistical Database Management,2015,13
Next generation data integration for Life Sciences,Sarah Cohen-Boulakia; Ulf Leser,Ever since the advent of high-throughput biology (eg; the Human Genome Project);integrating the large number of diverse biological data sets has been considered as one ofthe most important tasks for advancement in the biological sciences. Whereas the early daysof research in this area were dominated by virtual integration systems (such as multi-/federated databases); the current predominantly used architecture uses materialization.Systems are built using ad-hoc techniques and a large amount of scripting. However; recentyears have seen a shift in the understanding of what a “data integration system” actuallyshould do; revitalizing research in this direction. In this tutorial; we review the past andcurrent state of data integration for the Life Sciences and discuss recent trends in detail;which all pose challenges for the database community.,Data Engineering (ICDE); 2011 IEEE 27th International Conference on,2011,12
PDiffView: Viewing the difference in provenance of workflow results,Zhuowei Bao; Sarah Cohen-Boulakia; Susan B Davidson; Pierrick Girard,Abstract Scientific workflow systems are becoming increasingly important for managing in-silico experiments. Such experiments are typically specified as directed flow graphs; inwhich the nodes represent modules and edges represent data flow between the modules.Each execution (aka run) of an experiment may vary the parameters and data inputs to themodules in the specification; furthermore; alternative paths of the workflow may be followed.In this process; the scientist's goal is to identify parameter settings and approaches whichlead to good final results. Comparing workflow executions of the same specification andunderstanding the difference between them is thus of paramount importance forunderstanding the provenance of final results [4].,Proceedings of the VLDB Endowment,2009,12
Selecting biological data sources and tools with xpr; a path language for rdf,Sarah Cohen-Boulakia; Christine Froidevaux; Emmanuel Pietriga,Abstract As the number; richness and diversity of biological sources grow; scientists areincreasingly confronted with the problem of selecting appropriate sources and tools. Toaddress this problem; we have designed BioGuide1; a user-centric framework that helpsscientists choose sources and tools according to their preferences and strategy; byspecifying queries through a user-friendly visual interface. In this paper; we provide acomplete RDF representation of BioGuide and introduce XPR (eXtensible Path language forRDF); an extension of FSL2 that is expressive enough to model all BioGuide queries.BioGuide queries modeled as XPR expressions can then be saved; compared; evaluatedand exchanged through the Web between users and applications.,*,2006,10
Scientific workflows for computational reproducibility in the life sciences: Status; challenges and opportunities,Sarah Cohen-Boulakia; Khalid Belhajjame; Olivier Collin; Jérôme Chopard; Christine Froidevaux; Alban Gaignard; Konrad Hinsen; Pierre Larmande; Yvan Le Bras; Frédéric Lemoine; Fabien Mareuil; Hervé Ménager; Christophe Pradal; Christophe Blanchet,Abstract With the development of new experimental technologies; biologists are faced withan avalanche of data to be computationally analyzed for scientific advancements anddiscoveries to emerge. Faced with the complexity of analysis pipelines; the large number ofcomputational tools; and the enormous amount of data to manage; there is compellingevidence that many if not most scientific discoveries will not stand the test of time: increasingthe reproducibility of computed results is of paramount importance. The objective we set outin this paper is to place scientific workflows in the context of reproducibility. To do so; wedefine several kinds of reproducibility that can be reached when scientific workflows areused to perform experiments. We characterize and define the criteria that need to be cateredfor by reproducibility-friendly scientific workflow systems; and use such criteria to place …,Future Generation Computer Systems,2017,9
InfraPhenoGrid: a scientific workflow infrastructure for plant phenomics on the grid,Christophe Pradal; Simon Artzet; Jerome Chopard; Dimitri Dupuis; Christian Fournier; Michael Mielewczik; Vincent Negre; Pascal Neveu; Didier Parigot; Patrick Valduriez; Sarah Cohen-Boulakia,Abstract Plant phenotyping consists in the observation of physical and biochemical traits ofplant genotypes in response to environmental conditions. Challenges; in particular incontext of climate change and food security; are numerous. High-throughput platforms havebeen introduced to observe the dynamic growth of a large number of plants in differentenvironmental conditions. Instead of considering a few genotypes at a time (as it is the casewhen phenomic traits are measured manually); such platforms make it possible to usecompletely new kinds of approaches. However; the datasets produced by such widelyinstrumented platforms are huge; constantly augmenting and produced by increasinglycomplex experiments; reaching a point where distributed computation is mandatory toextract knowledge from data. In this paper; we introduce InfraPhenoGrid; the infrastructure …,Future Generation Computer Systems,2017,9
Gene List significance at-a-glance with GeneValorization,Bryan Brancotte; Anne Biton; Isabelle Bernard-Pierrot; François Radvanyi; Fabien Reyal; Sarah Cohen-Boulakia,Abstract Motivation: High-throughput technologies provide fundamental informationsconcerning thousands of genes. Many of the current research laboratories daily use one ormore of these technologies and end-up with lists of genes. Assessing the originality of theresults obtained includes being aware of the number of publications available concerningindividual or multiple genes and accessing information about these publications. Faced withthe exponential growth of publications avaliable and number of genes involved in a study;this task is becoming particularly difficult to achieve. Results: We introduceGeneValorization; a web-based tool that gives a clear and handful overview of thebibliography available corresponding to the user input formed by (i) a gene list (expressedby gene names or ids from EntrezGene) and (ii) a context of study (expressed by …,Bioinformatics,2011,8
Rank aggregation with ties: Experiments and Analysis,Bryan Brancotte; Bo Yang; Guillaume Blin; Sarah Cohen-Boulakia; Alain Denise; Sylvie Hamel,Abstract The problem of aggregating multiple rankings into one consensus ranking is anactive research topic especially in the database community. Various studies haveimplemented methods for rank aggregation and may have come up with contradictingconclusions upon which algorithms work best. Comparing such results is cumbersome; asthe original studies mixed different approaches and used very different evaluation datasetsand metrics. Additionally; in real applications; the rankings to be aggregated may not bepermutations where elements are strictly ordered; but they may have ties where someelements are placed at the same position. However; most of the studies have not consideredties. This paper introduces the first large scale study of algorithms for rank aggregation withties. More precisely;(i) we review rank aggregation algorithms and determine whether or …,Proceedings of the VLDB Endowment,2015,7
Provenance in scientific databases,Sarah Cohen-Boulakia; Wang-Chiew Tan,P/FDM [5–7] integrated a functional data model with the logic programming language Prologfor general-purpose computation. The data model can be seen as an Entity-Relationshipdiagram with sub-types; much like a UML Class Diagram. The idea was for the user to beable to define a computation over objects in the diagram; instead of just using it as a schemadesign aid. Later versions of P/FDM included a graphic interface [2; 4] to build queries inDAPLEX syntax by clicking on the diagram and filling in values from menus.,*,2009,7
Towards a logic-based method to infer provenance-aware molecular networks,Zahira Aslaoui-Errafi; Sarah Cohen-Boulakia; Christine Froidevaux; Pauline Gloaguen; Anne Poupon; Adrien Rougny; Meriem Yahiaoui,Providing techniques to automatically infer molecular networks is particularly important tounderstand complex relationships between biological objects. We present a logic-basedmethod to infer such networks and show how it allows inferring signalling networks from thedesign of a knowledge base. Provenance of inferred data has been carefully collected;allowing quality evaluation. More precisely; our method (i) takes into account various kindsof biological experiments and their origin;(ii) mimics the scientist's reasoning within a first-order logic setting;(iii) specifies precisely the kind of interaction between the molecules;(iv)provides the user with the provenance of each interaction;(v) automatically builds and drawsthe inferred network.,Proc. of the 1st ECML/PKDD International workshop on Learning and Discovery in Symbolic Systems Biology (LDSSB),2012,6
Morphological plant modeling: unleashing geometric and topological potential within the plant sciences,Alexander Bucksch; Acheampong Atta-Boateng; Akomian F Azihou; Dorjsuren Battogtokh; Aly Baumgartner; Brad M Binder; Siobhan A Braybrook; Cynthia Chang; Viktoirya Coneva; Thomas J DeWitt; Alexander G Fletcher; Malia A Gehan; Diego Hernan Diaz-Martinez; Lilan Hong; Anjali S Iyer-Pascuzzi; Laura L Klein; Samuel Leiboff; Mao Li; Jonathan P Lynch; Alexis Maizel; Julin N Maloof; RJ Markelz; Ciera C Martinez; Laura A Miller; Washington Mio; Wojtek Palubicki; Hendrik Poorter; Christophe Pradal; Charles A Price; Eetu Puttonen; John B Reese; Rubén Rellán-Álvarez; Edgar P Spalding; Erin E Sparks; Christopher N Topp; Joseph H Williams; Daniel H Chitwood,The geometries and topologies of leaves; flowers; roots; shoots and their arrangementshave fascinated plant biologists and mathematicians alike. As such; plant morphology isinherently mathematical in that it describes plant form and architecture with geometrical andtopological techniques. Gaining an understanding of how to modify plant morphology;through molecular biology and breeding; aided by a mathematical perspective; is critical toimproving agriculture; and the monitoring of ecosystems is vital to modeling a future withfewer natural resources. In this white paper; we begin with an overview in quantifying theform of plants and mathematical models of patterning in plants. We then explore thefundamental challenges that remain unanswered concerning plant morphology; from thebarriers preventing the prediction of phenotype from genotype to modeling the movement …,Frontiers in plant science,2017,5
Biological metadata management,Zoé Lacroix; Cartik R Kothari; Peter Mork; Mark Wilkinson; Sarah Cohen-Boulakia,The B+-tree is a disk-based; paginated; dynamically updateable; balanced; and tree-likeindex structure. It supports the exact match query as well as insertion/deletion operations inO (logpn) I/Os; where n is the number of records in the tree and p is the page capacity innumber of records. It also supports the range searches in O (logpn+ t∕ p) I/Os; where t is thenumber of records in the query result.,*,2009,5
Biological Resource Discovery,Zoé Lacroix; Cartik R Kothari; Peter Mork; Rami Rifaieh; Mark Wilkinson; Juliana Freire; Sarah Cohen-Boulakia,The B+-tree is a disk-based; paginated; dynamically updateable; balanced; and tree-likeindex structure. It supports the exact match query as well as insertion/deletion operations inO (logpn) I/Os; where n is the number of records in the tree and p is the page capacity innumber of records. It also supports the range searches in O (logpn+ t∕ p) I/Os; where t is thenumber of records in the query result.,*,2009,5
Towards a model of scientific workflows and user views,Shirley Cohen; Sarah Cohen Boulakia; Susan Davidson,*,*,2006,5
Computational challenges in data citation,Peter Buneman; Sarah Cohen-Boulakia; Susan B Davidson; Jim Frew; Val Tannen,Citation is an essential part of scientific publishing and; more generally; of scholarship. It isused to gauge the trust placed in published information and; for better or for worse; is animportant factor in judging academic reputation. Now that so much scientific publishinginvolves data and takes place through a database rather than conventional journals; how issome part of a database to be cited? More generally; when one extracts some data from alarge; complex; evolving database; how does one create the appropriate citation? How doesone verify that the citation is correct? Frameworks have been put forward by InformationScientists to serve as models or templates for citation. At the same time Data Scientistsassociated with various disciplines such as Bioinformatics; Earth Sciences; Neuroscience;etc.; encounter interesting problems in trying to foster the citation of data. However; it is …,Workshop report; University of Pennsylvania,2014,4
Scientific workflow rewriting while preserving provenance,Sarah Cohen-Boulakia; Christine Froidevaux; Jiuqiang Chen,Scientific workflow systems are numerous and equipped of provenance modules able tocollect data produced and consumed during workflow runs to enhance reproducibility. Anincreasing number of approaches have been developed to help managing provenanceinformation. Some of them are able to process data in a polynomial time but they requireworkflows to have series-parallel (SP) structures. Rewriting any workflow into an SPworkflow is thus particularly important. In this paper;(i) we introduce the concept ofprovenance-equivalent rewriting process;(ii) we review existing graph transformations;(iii)we design the provenance-equivalent SPFlow algorithm;(iv) we evaluate our approach overa thousand of real workflows.,E-Science (e-Science); 2012 IEEE 8th International Conference on,2012,4
ConQuR-Bio: Consensus Ranking with Query Reformulation for Biological Data.,Bryan Brancotte; Bastien Rance; Alain Denise; Sarah Cohen Boulakia,Abstract. This paper introduces ConQuR-Bio which aims at assisting scientists when theyquery public biological databases. Various reformulations of the user query are generatedusing medical terminologies. Such alternative reformulations are then used to rank the queryresults using a new consensus ranking strategy. The originality of our approach thus lies inusing consensus ranking techniques within the context of query reformulation. The ConQuR-Bio system is able to query the Entrez-Gene NCBI database. Our experiments demonstratethe benefit of using ConQuR-Bio compared to what is currently provided to users.ConQuRBio is available to the bioinformatics community at http://conqur-bio. lri. fr.,DILS,2014,3
On User Views in Scientific Workflow Systems.,Susan B Davidson; Yi Chen; Peng Sun; Sarah Cohen Boulakia,Abstract—An increasing number of scientific workflow systems are providing support for theautomated tracking and storage of provenance information. However; the amount ofprovenance information recorded can become very large; even for a single execution of aworkflow–[6] estimates a ten-fold blowup of the size of the original input data. There istherefore a need to provide ways of allowing users to focus their attention on meaningfulprovenance information in provenance queries. We highlight recent work in this area onuser views; showing how they can be efficiently computed given user input on relevance; orand how pre-existing views can be corrected to provide accurate provenance information.We also discuss how to search a repository of workflow specifications and their views;returning workflows at an appropriate level of complexity with respect to a hierarchy of …,SWPM,2009,3
Biobrowsing: Making the most of the data available in Entrez,Sarah Cohen-Boulakia; Kevin Masini,Abstract One of the most popular ways to access public biological data is using portals; likeEntrez (NCBI) which allows users to navigate through the data of 34 major biologicalsources following cross-references. In this process; data entries are inspected one after theother and cross-references to additional data available in other sources may be followed.This navigational process may be time-consuming and may not be easily reproduced fromone entry to another. Most importantly; only a few sources are initially queried; biologists donot exploit all the richness of the data provided by Entrez; and in particular they may notexplore alternative source paths that provide complementary information. In this paper; weintroduce BioBrowsing; a tool providing scientists with access to the data obtained when allthe combinations between NCBI sources have been followed. Querying is done on-the-fly …,International Conference on Scientific and Statistical Database Management,2009,2
Review of the selected proceedings of the Fifth International Workshop on Data Integration in the Life Sciences 2008,Amos Bairoch; Sarah Cohen-Boulakia; Christine Froidevaux,Background For several years now; there has been an exponential growth of the amount oflife science data (eg; sequenced complete genomes; 3D structures; DNA chips; Massspectroscopy data) most of which are generated by high throughput experiments. Thisexponential corpus of data is stored and made available through a large number ofdatabases and resources over the web; but unfortunately still with a high degree of semanticheterogeneity and varying levels of quality. These data must be combined together andprocessed by bioinformatics tools deployed on powerful and efficient platforms to permit theuncovering of patterns; similarities and in general to help in the process of discovery.Analysing complex; voluminous; and heterogeneous data and guiding the analysis of dataare thus of paramount importance and necessitate the involvement of data integration …,*,2008,2
Bioguidesrs: Querying multiple sources with a user perspective,Sarah Cohen-Boulakia; Olivier Biton; Christine Froidevaux,Abstract: Biologists are faced with the problem of integrating information from multipleheterogeneous public sources with their own experimental data contained in individualsources. It is difficult for them to choose between the numerous sources without assistance.Interestingly; biologists not only express preferences concerning the sources to be queriedbut also differ in their strategies ie the querying process they follow for navigating throughthe sources. In [3] we have introduced BioGuide; as a user-centric framework that allows tospecify various querying processes and takes into account user preferences on the sources.In this paper; we present BioGuideSRS; a user-friendly system which accesses instances ofdata by using BioGuide on top of the SRS system. We show how BioGuideSRS meets theneeds collected during our study of user's requirements and illustrate its use with some …,*,2006,2
Sharq guide: Finding relevant biological data and queries in a peer data management system,Sarah Cohen-Boulakia; Olivier Biton; Shirley Cohen; Zachary Ives; Val Tannen; Susan Davidson,Scientists are now faced with an explosion of information which must be rapidly analyzed toform hypotheses and create knowledge. A major challenge lies in how to effectively shareinformation among collaborating; yet autonomous; biological partners. These partners arepeers in the sense that they have a diversity of perspectives (and hence heterogeneous andcomplementary schemas); dynamic data; and the possibility of intermittent connectivity orparticipation. SHARQ (Sharing Heterogeneous and Autonomous Resources and Queries) isa collaborative project between the database group at the University of Pennsylvania (Penn)and two biological research groups from Penn Center for Bioinformatics and the Children'sHospital of Philadelphia. The goal of SHARQ is to develop generic tools and technologiesfor creating and maintaining confederations of peers whose purpose is distributed data …,Data Integration in the Life Sciences (Poster proceedings; selected for oral presentation),2006,2
Phenomenal: a software framework for model-assisted analysis of high throughput plant phenotyping data,Christian Fournier; Simon Artzet; Jérôme Chopard; Michael Mielewczik; Nicolas Brichet; Llorenç Cabrera; Xavier Sirault; Sarah Cohen-Boulakia; Christophe Pradal,Plant high-throughput phenotyping aims at capturing the genetic variability of plant responseto environmental factors for thousands of plants; hence identifying heritable traits forgenomic selection and predicting the genetic values of allelic combinations in differentenvironment. This first implies the automation of the measurement of a large number of traitsto characterize plant growth; plant development and plant functioning. It also requires afluent and versatile interaction between data and continuously evolving plant responsemodels; that are essential in the analysis of the marker x environment interaction and in theintegration of processes for predicting crop performance [1]. In the frame of the Phenomehigh throughput phenotyping infrastructure; we develop Phenomenal: a software frameworkdedicated to the analysis of high throughput phenotyping data and models. It is based on …,IAMPS 2015 (International Workshop on Image Analysis Methods for the Plant Sciences),2015,1
DistillFlow: removing redundancy in scientific workflows,Jiuqiang Chen; Sarah Cohen-Boulakia; Christine Froidevaux; Carole Goble; Paolo Missier; Alan R Williams,Abstract Scientific workflows management systems are increasingly used by scientists tospecify complex data processing pipelines. Workflows are represented using a graphstructure; where nodes represent tasks and links represent the dataflow. However; thecomplexity of workflow structures is increasing over time; reducing the rate of scientificworkflows reuse. Here; we introduce DistillFlow; a tool based on effective methods forworkflow design; with a focus on the Taverna model. DistillFlow is able to detect" anti-patterns" in the structure of workflows (idiomatic forms that lead to over-complicated design)and replace them with different patterns to reduce the workflow's overall structuralcomplexity. Rewriting workflows in this way is beneficial both in terms of user experienceand workflow maintenance.,Proceedings of the 26th International Conference on Scientific and Statistical Database Management,2014,1
Distilling structure in scientific workflows,Juiqiang Chen; Christine Froidevaux; Carole Goble; Alan R Williams; Sarah Cohen-Boulakia,Methods Our study has been conducted on a set of 1;014 distinct workflows extracted fromthe Taverna workflows available in myExperiment in May 2012. We have implemented thealgorithm of (Valdes et al.; 1979) to detect whether workflow graphs are SP. Intuitively; SPstructures are graph structures having one main input (I in figure 1 (a)) and one main output(O in Figure 1 (a)); without loops and which can be synchronized. In particular the patternhighlighted in Figure 1 (b) is forbidden (in this pattern; arcs can be replaced by pathsinvolving intermediate nodes). In this pattern; node w is responsible for the graph non to beSP. Such a node is called a reduction node (Bein et al.; 1992) and is duplicated in SPFlow.In the workflow depicted in Figure 1 (a) the getGeneInfo processor is a reduction node sothat the workflow is not SP. Among the 390 workflows with non SP structures (38; 5%); we …,EMBnet. journal,2012,1
Interrogation de sources biomédicales: prise en compte des préférences de l'utilisateur.,Sarah Cohen Boulakia; Christine Froidevaux; Séverine Lair,Résumé. Nous nous plaçons dans le cadre d'un projet de constitution d'une plate-formeintégrative de données biomédicales pour l'étude génomique des cancers. La plate-formecomporte; entre autres; un certain nombre de scénarios d'analyse qui sont proposés àl'utilisateur. A chaque étape d'un scénario qu'il a choisi de réaliser pour les besoins de sonétude; l'utilisateur peut être amené à poser une requête nécessitant d'accéder à différentessources et il doit alors choisir les sources pertinentes. Nous proposons un guide àl'utilisateur sous forme d'un algorithme de sélection de sources adapté à sa requête et à sespréférences. Pour cela; nous explorons quelques spécificités des banques de donnéesbiomédicales et définissons différents critères de préférence utiles pour les biologistes.Nous illustrons notre démarche avec un exemple de requête biomédicale.,EGC,2004,1
Intégration de Sources de Données Génomiques du Web,Christine Froidevaux; Sarah Cohen Boulakia,La nécessité en bioinformatique de recourir à un nombre toujours croissant (plusieursmilliers aujourd'hui) d'outils disponibles sur le Web et de banques de données génomiques-elles-mêmes toujours plus volumineuses-; rend urgent le besoin d'aider l'utilisateur par desprocédures automatiques. C'est le thème de workshops internationaux tels que le 5èmeAnnual Bio-Ontologies Meeting qui porte sur le Semantic Web of Bioinformatics Resources.Cette automatisation devrait aboutir à une véritable coopération entre le biologiste et lamachine; pour une recherche plus efficace des informations et une meilleure exploitationdes résultats. Cela suppose; d'une part; de rendre le contenu des sources génomiques duWeb compréhensible à la fois par une machine et par un humain; et d'autre part; de pouvoircombiner les informations provenant de différentes banques. Le premier point est …,Journees scientifiques du Web Semantique (actes electroniques),2002,1
Une autocomplétion générique de SPARQL dans un contexte multi-services,Karima Rafes; Sarah Cohen-Boulakia; Serge Abiteboul,SPARQL s' est imposé comme le langage de requêtes le plus utilisé pour accéder auxmasses de données RDF disponibles sur le Web. Néanmoins; rédiger une requête enSPARQL peut se révéler fastidieux; y compris pour des utilisateurs expérimentés. Cela tientsouvent d'une maîtrise imparfaite par l'utilisateur des ontologies impliquées pour décrire lesconnaissances. Pour pallier ce problème; un nombre croissant d'éditeurs de requêtesSPARQL proposent des fonctionnalités d'autocomplétion qui restent limitées car souventassociées à un unique champ et toujours associées à un service SPARQL fixé. Dans cetarticle; nous démontrons; au travers d'une expérimentation; une approche permettant deproposer des complétions d'une requête en cours de rédaction en exploitant de nombreuxtypes d'autocomplétion et ce dans un contexte multi-services. Cette expérimentation s' …,BDA 2017,2017,*
Représentation systémique multi-échelle des processus biologiques de la bactérie,Vincent Henry; Arnaud Ferré; Christine Froidevaux; Anne Goelzer; Vincent Fromion; Sarah Cohen-Boulakia; Sandra Derozier; Marc Dinh; Ghislain Fiévet; Stephan Fischer; Jean-Francois Gibrat; Valentin Loux; Sabine Pérès,La production à haut-débit de données biologiques de nature hétérogène nécessite uneexploitation et une intégration particulières de celles-ci. Malgré le développement denombreuses bioontologies; l'organisation de ces données dans un cadre structuré etadaptatif reste perfectible. Nous émettons l'hypothèse qu'une approche systémique multi-échelle de la représentation des processus cellulaires permettrait de progresser dans cetteproblématique. Pour valider cette démarche; nous avons conçu une modélisationontologique des processus bactériens nécessaires à l'expression génique. Les relationsentre ces processus et leurs molécules participantes ou leurs sous-processus ainsi queleurs modèles ont été formellement décrites. Cette description s' accompagne d'axiomes etde relations supplémentaires sur lesquels un raisonnement automatique est effectué. La …,IC2016: Ingénierie des Connaissances,2016,*
Traitement de données bioinformatiques massives (Big Data),Sarah Cohen-Boulakia; Patrick Valduriez,Les volumes des donn ees bioinformatiques disponibles sur le Web sont en constanteaugmentation. L'acces et l'exploitation conjointe de ces donn ees tres r eparties (ie;disponibles dans des sources de donn ees distribu ees sur le Web) et fortement h eterogenes (sous forme textuelle ou sous forme de chiers tabul es; incluant ou non desimages; d ecrites avec di erents niveaux de d etails et de qualit e...); est essentielle pour queles connaissances en biologie puissent progresser. L'objectif de ce rapport est de pr esenterde facon simple les problemes pos es par l'utilisation conjointe des donn eesbioinformatiques.,*,2016,*
connect with us,Paolo Missier; Jun Zhao; Vanessa Braganholo; Adriane Chapman; Sarah Cohen-Boulakia; Vasa Curcin; Tom De Nies; Lois Delcambre; Saumen Dey; Alan Fekete; Irini Fundulaki; Floris Geerts; Ashish Gehani; Boris Glavic; Paul Groth; Melanie Herschel; Bertram Ludaescher; Simon Miles; Luc Moreau; Paolo Papotti; Sudeepa Roy; Perdita Stevens; James Cheney,Abstract: The cost of deriving actionable knowledge from large datasets has beendecreasing thanks to a convergence of positive factors: low cost data generation;inexpensively scalable storage and processing infrastructure (cloud); software frameworksand tools for massively distributed data processing; and parallelisable data analyticsalgorithms. One observation that is often overlooked; however; is that each of theseelements is not immutable; rather they all evolve over time. As those datasets change overtime; the value of their derivative knowledge may decay; unless it is preserved by reacting tothose changes. Our broad research goal is to develop models; methods; and tools forselectively reacting to changes by balancing costs and benefits; ie through complete orpartial re-computation of some of the underlying processes. In this paper we present an …,*,2016,*
Interrogation de bases de données biologiques publiques par reformulation de requêtes et classement des résultats avec ConQuR-Bio,Bryan Brancotte; Bastien Rance; Alain Denise; Sarah Cohen-Boulakia,L'analyse d'expériences bioinformatiques comprend la comparaison des nouveaux résultatsobtenus aux données existantes. Durant ces trente dernières années; les scientifiques ontdu faire face à une avalanche de données; de différents types; et présentes dans unemultitude de bases de données publiques. L'accès aux données publiques se fait parl'interrogation de portails (tels que le portail Entrez du NCBI) au moyen de mots clés.Cependant; deux requêtes très similaires peuvent fournir des ensembles de réponsesdifférents conduisant l'utilisateur à devoir tester différentes reformulations de ses requêtes(termes synonymes; variantes orthographiques; abréviations).... Les résultats obtenusdoivent ensuite être filtrés; comparés... En outre; chaque ensemble de résultats est classépar le portail (en utilisant le nombre d'occurrences du mot-clé dans chaque résultat) …,JOBIM (Journées Ouvertes Biologie Informatique Mathématiques),2015,*
Data Integration in the Life Sciences: Scientific Workflows; Provenance; and Ranking,Sarah Cohen-Boulakia,Biological research is a science which derives its findings from the proper analysis ofexperiments. Today; a large variety of experiments are carried-out in hundreds of labsaround the world; and their results are reported in a myriad of different databases; web-sites;publications etc.; using different formats; conventions; and schemas. Providing a uniformaccess to these diverse and distributed databases is the aim of data integration solutions;which have been designed and implemented within the bioinformatics community for morethan 20 years. However; the perception of the problem of data integration research in the lifesciences has changed: While early approaches concentrated on handling schema-dependent queries over heterogeneous and distributed databases; current researchemphasizes instances rather than schemas; tries to place the human back into the loop …,*,2015,*
Interrogation et gestion de données bio-informatiques pour la biologie moléculaire,Sarah Cohen-Boulakia; Patrick Valduriez,Les volumes des données bioinformatiques disponibles sur le Web pour la biologiemoléculaire sont en constante augmentation. L'accès à ces données et leur exploitationjointe est essentielle pour que les connaissances en biologie puissent progresser. L'objectifde cet article est de fournir au lecteur l'ensemble des pointeurs nécessaires pour identifierles bases de données de références capable de fournir les données bioinformatiques pourla biologie moléculaire; de sensibiliser le lecteur sur les problèmes posés par l'exploitationconjointe de ces données très réparties et fortement hétérogènes; de dresser un panoramades systèmes offrant un accès unifié à ces données et de guider le futur utilisateur sur lechoix de l'un de ces systèmes; en fonction de ses besoins.,Techniques de l'Ingenieur,2015,*
Integrated Bio-Search: Selected Works from the 12th International Workshop on Network Tools and Applications in Biology (NETTAB 2012),Paolo Romano; Frédérique Lisacek; Marco Masseroli; Barend Mons; Erik Bongcam-Rudloff; Stefano Ceri; Alexander Kel; François Rechenmann; Frederique Lisacek; Matteo Picozzi; Giorgio Ghisalberti; Gianvito Pio; Donato Malerba; Domenica D'Elia; Michelangelo Ceci; Víctor Martínez; Carlos Cano; Armando Blanco; Paolo Cremaschi; Sergio Rovida; Lucia Sacchi; Antonella Lisa; Francesca Calvi; Alessandra Montecucco; Giuseppe Biamonti; Silvia Bione; Gianni Sacchi; Francesca Finotello; Enrico Lavezzo; Luca Bianco; Luisa Barzon; Paolo Mazzon; Paolo Fontana; Stefano Toppo; Barbara Di Camillo; Luca Zammataro; Rita DeMolfetta; Gabriele Bucci; Arnaud Ceol; Heiko Muller; Matthew P Campbell; René Ranzinger; Thomas Lütteke; Julien Mariethoz; Catherine A Hayes; Jingyu Zhang; Yukie Akune; Kiyoko F Aoki-Kinoshita; David Damerell; Giorgio Carta; Will S York; Stuart M Haslam; Hisashi Narimatsu; Pauline M Rudd; Niclas G Karlsson; Nicolle H Packer; Andrea Manconi; Alessandro Orro; Emanuele Manca; Giuliano Armano; Luciano Milanesi; Alejandra González-Beltrán; Steffen Neumann; Eamonn Maguire; Susanna-Assunta Sansone; Philippe Rocca-Serra; Sarah Cohen-Boulakia; Jiuqiang Chen; Paolo Missier; Carole Goble; Alan R Williams; Christine Froidevaux; Piergiorgio Palla; Gianfranco Frau; Laura Vargiu; Patricia Rodriguez-Tomé; Federica Viti; Silvia Scaglione; Emilie Pasche; Julien Gobeill; Olivier Kreim; Fatma Oezdemir-Zaech; Therese Vachon; Christian Lovis; Patrick Ruch,Publication of this supplement has not been supported by sponsorship. The source offunding used to cover the open access charges is declared by the authors in each article.Articles have undergone the journal's standard peer-review process for supplements. TheSupplement Editors declare that they have no competing interests.,BMC Bioinformatics,2014,*
Réécriture de workflows scientifiques et provenance,Sarah Cohen-Boulakia; Christine Froidevaux; Jiuqiang Chen,Les systèmes de workﬂow sont nombreux et disposent de modules de gestion deprovenance qui collectent les informations relatives aux exécutions (données consomméeset produites) permettant d'assurer la reproductibilité d'une expérience. Un grand nombred'approches s' est développé pour aider à la gestion de ces masses de données deprovenance. Un certain nombre de ces approches ont une bonne complexité parce qu'ellessont dédiées à des structures de workﬂows série-parallèles. Réécrire un workﬂow en unworkﬂow série-parallèle permettrait donc de mieux exploiter l'ensemble des outils deprovenance existants. Nos contributions sont:(i) introduction de la notion de réécriture deworkﬂow provenance-equivalence;(ii) revue de transformations de graphes;(iii) conceptionde l'algorithme de réécriture SPFlow préservant la provenance (iv) évaluation de notre …,Proc. of the 28th Journées de Bases de Données Avancées,2012,*
Intégration de données biologiques: sélection de sources centrée sur l'utilisateur,Sarah Cohen-Boulakia,Résumé Nos travaux de recherche s' inscrivent dans le cadre général de l'intégrationd'informations biologiques visant à développer des solutions pour offrir un accès uniforme àdes bases de données multiples et hétérogènes. Les données biologiques sont fortementdistribuées sur le Web (419 sources en 2005). Elles évoluent rapidement; reposent souventsur des observations expérimentales et des expertises et sont donc très variées etcomplémentaires. Pour interpréter leurs résultats expérimentaux; les biologistes doiventdonc fréquemment intégrer leurs données avec celles des sources publiques. Ils doiventalors sélectionner les sources et les outils à utiliser. La diversité des sources rend cettetâche complexe à effectuer manuellement. Nos travaux sont fondés sur une collaborationétroite avec des biologistes de différents domaines. Nous avons conduit une étude …,*,2005,*
Preferences for queries in a mediator approach,Alain Bidault; Sarah Cohen Boulakia; Christine Froidevaux,Abstract. The problem of integrating relevant information obtained from multipleheterogeneous sources is a complex task; with which biologists are now faced. In this paper;we address the problem of querying biomedical databases in a mediator context. Wepropose to exploit the metadata of the sources to take into account user preferences. Themediator system we present is designed within a tractable logical framework. It allows bothtransparent and cooperative querying and makes it possible to keep track of the origins ofthe instances provided as answers. Our proposal is generic in that it is relevant not only forbioinformatics; but could also be applied to other domains for which metadata are available.,Proceedings of the 16th European Conference on Artificial Intelligence,2004,*
2014 IEEE 10th International Conference on e-Science (e-Science)(2014),Johannes Starlinger; Sarah Cohen-Boulakia; Sanjeev Khanna; Susan B Davidson; Ulf Leser,*,*,*,*
Département Informatique,DEMAR CAMIN; EXPLORE DEXTER; IDH ICAR,Massinissa Merabet. Solutions optimales des problèmes de recouvrement sous contraintessur le degré des nœuds. Algorithme et structure de données [cs. DS]. Université MontpellierII-Sciences et Techniques du Languedoc; 2014. Français.〈 NNT: 2014MON20138〉.〈 tel-01684758〉,*,*,*
Les nouveautés de HAL v3. 0 de A à Z (14/10/14),Connexion avec ORCID,Le savoir; qui est le produit de l'accumulation des expériences pratiques et intellectuelles aufil du temps; est au cœur du développement et du progrès des sociétés et des pays. Forts decette idée; le conseil africain et malgache pour l'enseignement supérieur (CAMES); la Conférencedes recteurs des universités francophones d'Afrique et de l'océan Indien (CRUFAOCI); le RéseauInteruniversitaire des Grands-Lacs (RIGL) et l'Agence universitaire de la Francophonie(AUF) ont souhaité la mise en place d'un portail d'archives ouvertes … Le portail "HAL-FrancophonieAfrique et Océan Indien" permet aux étudiants et enseignants du continent Africain de rendrevisible et de partager avec leurs pairs; dans le monde entier; la documentation scientifiquequ'ils produisent - dont de nombreux mémoires et thèses … Toutes les productions scientifiquesdans tous les champs disciplinaires peuvent être déposées : mémoire de …,*,*,*
Page d'accueil,Connexion avec ORCID,Les entreprises familiales (EF) constituent la forme prédominante de la population desentreprises existantes dans le monde. Incubateurs des nouvelles activités entrepreneurialeset caractérisées par une longévité particulièrement remarquable; les EF jouent un rôle depremier plan dans la création de richesse sociale et économique des pays. Selon lesstatistiques disponibles sur leurs impacts; les EF représentent 2/3 des entreprises dans lemonde et contribuent pour environ 70 à 90% du PIB mondial. En Europe; estimées entre 60à 80% des entreprises existantes; elles sont responsables d'environ 50% du PIB et génèrentplus de 60 millions d'emplois dans le secteur privé.Si la plupart des études montrent aussiqu'en termes de performance comptable; les EF sont plus rentables que les autres typesd'entreprise sur le long terme; à l'image des start-ups; les EF restent aussi malgré tous …,Evolution,*,*
2011 27th IEEE International Conference on Data Engineering (ICDE 2011),J Stoyanovich; S Davidson; T Milo; V Tannen,Many real-world applications deal with uncertain or missing data; prompting a surge ofactivity in the area of probabilistic databases. A shortcoming of prior work is the assumptionthat an appropriate probabilistic model; along with the necessary probability distributions; isgiven. We address this shortcoming by presenting a framework for learning a set ofinference ensembles; termed meta-rule semi-lattices;...,*,*,*
Next Generation Data Integration f th Lif S i or the Life Sciences,Ulf Leser; Sarah Cohen-Boulakia,•“Note; however; until a fully atomized sequence database is available (ie; no data stored inASCII text fields); none of the queries in this (;); q appendix can be answered. The currentemphasis of GenBank seems to be providing human-readable annotation for sequenceinformation. Restricting such information to human-readable form is totally Restricting suchinformation to human readable form is totally inadequate for users who require a differentpoint of view; namely one in which the sequence is an annotation for a computer-searchableset of feature information”,*,*,*
François MOREEWS,David GROSS-AMBLARD; Sarah COHEN-BOULAKIA; Christophe ANTONIEWSKI; Jean-François GIBRAT; Sébastien FERRÉ; Dominique LAVENIER,La reproductibilité est la capacité d'une expérience à être répétée à l'identique par sonauteur ou par un tiers. Elle assure que les résultats seront équivalents à des momentsdifférents et dans des conditions différentes. C'est un des principes fondamentaux quiconditionnent le caractère scientifique d'une étude et la capacité à généraliser sesconclusions. L'accroissement de la reproductibilité scientifique est un enjeu essentiel pouraccélérer la productivité scientifique. Pour la favoriser; les analyses de données; quireprésentent la partie in silico des protocoles expérimentaux; doivent être formalisées. Cesprocessus peuvent être implémentés sous forme de chaînes de traitements. En pratique;celles-ci sont souvent de nature hétérogène et peu structurées; limitant la capacitéd'échanges et la maintenabilité. Les systèmes de gestion de workflows (Workflow …,*,*,*
On Provenance and Reuse of scientific workflows to analyze big biological data,Sarah Cohen-Boulakia,Typical analysis processes in the Life Sciences are complex; multi-staged; and large. One ofthe most important challenges is to properly represent; manage; and execute such in-silicoexperiments. As a response to these needs; scientific workflow management systems havebeen introduced. They provide an environment to guide a scientific analysis process fromdesign to execution. This area is largely driven by the bioinformatics community and alsoattracts attention in fields like geophysics or climate research. In a scientific workflow; theanalysis processes are represented at a high level of abstraction which enhances flexibility;reuse; and modularity while allowing for optimization; parallelization; provenance tracking;debugging etc. Differences with business and ETL workflows have been studied extensively[7]: scientific workflows have building blocks which are complex user-defined functions …,*,*,*
BioGuide: A User-centric approach for querying biological data,Sarah Cohen-Boulakia,Page 1. 1 Sarah Cohen-Boulakia; Bolzano; Interdisciplinary Seminar Series Laboratoire deRecherche en Informatique (CNRS UMR 8623) University of Paris-Sud; Orsay; France BioGuide:A User-centric approach for querying biological data Sarah Cohen-Boulakia Computer Scienceand IT with/for Biology:An interdisciplinary Seminar Series KRDB Research Centre; Faculty ofComputer Science Free University of Bozen-Bolzano; Italy Page 2. 2 Sarah Cohen-Boulakia;Bolzano; Interdisciplinary Seminar Series Biological data sources • More and more numerous: >700 (NAR DB issue) • Highly heterogeneous: format; schema… • Variable content – Distinctbiological entities (Gene; Disease…) – Distinct attributes for the same entity • SwissProt: Gene(name) • EMBL: Gene (AC; description; sequence…) • Distinct points of view: focus – eg focusof SwissProt is Protein → A source is specialized in its focus Page 3. 3 …,*,*,*
WInGS: A reliability controlled genomic data warehouse for yeast,David Abergel; Sarah Cohen Boulakia; Frédéric Lemoine; Christine Froidevaux; Michel Termier,Abstract. Data banks heterogeneity; redundant and divergent data make biologicalresources hard to use. Moreover; query languages provided with actual systems are notexpressive enough for users to perform complex analyses. In order to take benefit fromcomplementary data; genomists have to perform manual crosses of information issued frommultiple sources. In the particular context of genome-scale studies related to yeast; wedesigned an integration system; WInGS; which contains data related to the ORFs locations;expression; annotation... These data are mainly retrieved from the GenBank; SGD and MIPSsources. To address the problem of data divergence; we propose several strategies forsolving conflicts which require the information storage in a unique location. Thus; wedecided to adopt the warehouse architecture for WInGS (Warehouse of InterORFs aNd …,*,*,*
BioGuide: Supporting the Scientist during Data Sources Querying,Sarah Cohen-Boulakia,Abstract. Life sciences are continuously evolving so that the number and size of newsources providing specialized information in biological sciences have augmentedsignificantly in the last few years; as well as the number of tools required to carry outbioinformatics tasks. As a consequence; scientists are increasingly confronted with theproblem of selecting appropriate sources and tools. To address this problem; we havedesigned BioGuide [2]; a user-centric framework that helps scientists choose sources andtools according to their preferences and strategy. BioGuide allows the user to specify his/herquery through a user-friendly visual interface. Availability: http://www. lri. fr/~ cohen/bioguide/bioguide. html.,Computer Science & IT with/for Biology,*,*
GeneValorization: Supplementary Material,Sarah Cohen-Boulakia,ABSTRACT This document contains supplementary information to the application notespaper on GeneValorization. In particular; it provides information about the architecture ofGeneValorization; new examples of use with performance information and a completerelated work section.,*,*,*
