Multiobjective evolutionary algorithms: A survey of the state of the art,Aimin Zhou; Bo-Yang Qu; Hui Li; Shi-Zheng Zhao; Ponnuthurai Nagaratnam Suganthan; Qingfu Zhang,Abstract A multiobjective optimization problem involves several conflicting objectives andhas a set of Pareto optimal solutions. By evolving a population of solutions; multiobjectiveevolutionary algorithms (MOEAs) are able to approximate the Pareto optimal set in a singlerun. MOEAs have attracted a lot of research effort during the last 20 years; and they are stillone of the hottest research areas in the field of evolutionary computation. This paper surveysthe development of MOEAs primarily during the last eight years. It covers algorithmicframeworks such as decomposition-based MOEAs (MOEA/Ds); memetic MOEAs;coevolutionary MOEAs; selection and offspring reproduction operators; MOEAs with specificsearch methods; MOEAs for multimodal problems; constraint handling and MOEAs;computationally expensive multiobjective optimization problems (MOPs); dynamic MOPs …,Swarm and Evolutionary Computation,2011,979
Multiobjective optimization test instances for the CEC 2009 special session and competition,Qingfu Zhang; Aimin Zhou; Shizheng Zhao; Ponnuthurai Nagaratnam Suganthan; Wudong Liu; Santosh Tiwari,I. INTRODUCTION Due largely to the nature of multiobjective evolutionary algorithms(MOEAs); their behaviors and performances are mainly studied experimentally. In the past20 years; Several continuous multiobjective optimization problem (MOP) test suites havebeen proposed the evolutionary computation community [1]-[9]; which have played ancrucial role in developing and studying MOEAs. However; more test instances are needed toresemble complicated real-life problems and thus stimulate the MOEA research. This reportsuggest a set of unconstrained (bound constrained) MOP test instances and a set of generalconstrained test instances for the CEC09 algorithm contest. It also provides performanceassessment guidelines.,University of Essex; Colchester; UK and Nanyang technological University; Singapore; special session on performance assessment of multi-objective optimization algorithms; technical report,2008,518
RM-MEDA: A regularity model-based multiobjective estimation of distribution algorithm,Qingfu Zhang; Aimin Zhou; Yaochu Jin,Under mild conditions; it can be induced from the Karush-Kuhn-Tucker condition that thePareto set; in the decision space; of a continuous multiobjective optimization problem is apiecewise continuous (m-1)-D manifold; where m is the number of objectives. Based on thisregularity property; we propose a regularity model-based multiobjective estimation ofdistribution algorithm (RM-MEDA) for continuous multiobjective optimization problems withvariable linkages. At each generation; the proposed algorithm models a promising area inthe decision space by a probability distribution whose centroid is a (m-1)-D piecewisecontinuous manifold. The local principal component analysis algorithm is used for buildingsuch a model. New trial solutions are sampled from the model thus built. A nondominatedsorting-based selection is used for choosing solutions for the next generation. Systematic …,IEEE Transactions on Evolutionary Computation,2008,439
Combining model-based and genetics-based offspring generation for multi-objective optimization using a convergence criterion,Aimin Zhou; Yaochu Jin; Qingfu Zhang; Bernhard Sendhoff; Edward Tsang,In our previous work conducted by Aimin Zhou et. al.;(2005); it has been shown that theperformance of multi-objective evolutionary algorithms can be greatly enhanced if theregularity in the distribution of Pareto-optimal solutions is used. This paper suggests a newhybrid multi-objective evolutionary algorithm by introducing a convergence based criterionto determine when the model-based method and when the genetics-based method shouldbe used to generate offspring in each generation. The basic idea is that the genetics-basedmethod; ie; crossover and mutation; should be used when the population is far away fromthe Pareto front and no obvious regularity in population distribution can be observed. Whenthe population moves towards the Pareto front; the distribution of the individuals will showincreasing regularity and in this case; the model-based method should be used to …,Evolutionary Computation; 2006. CEC 2006. IEEE Congress on,2006,129
Prediction-based population re-initialization for evolutionary dynamic multi-objective optimization,Aimin Zhou; Yaochu Jin; Qingfu Zhang; Bernhard Sendhoff; Edward Tsang,Abstract Optimization in changing environment is a challenging task; especially whenmultiple objectives are to be optimized simultaneously. The basic idea to address dynamicoptimization problems is to utilize history information to guide future search. In this paper;two strategies for population re-initialization are introduced when a change in theenvironment is detected. The first strategy is to predict the new location of individuals fromthe location changes that have occurred in the history. The current population is thenpartially or completely replaced by the new individuals generated based on prediction. Thesecond strategy is to perturb the current population with a Gaussian noise whose variance isestimated according to previous changes. The prediction based population re-initializationstrategies; together with the random re-initialization method; are then compared on two bi …,International Conference on Evolutionary Multi-Criterion Optimization,2007,103
Approximating the set of Pareto-optimal solutions in both the decision and objective spaces by an estimation of distribution algorithm,Aimin Zhou; Qingfu Zhang; Yaochu Jin,Most existing multiobjective evolutionary algorithms aim at approximating the Pareto front(PF); which is the distribution of the Pareto-optimal solutions in the objective space. In manyreal-life applications; however; a good approximation to the Pareto set (PS); which is thedistribution of the Pareto-optimal solutions in the decision space; is also required by adecision maker. This paper considers a class of multiobjective optimization problems(MOPs); in which the dimensionalities of the PS and the PF manifolds are different so that agood approximation to the PF might not approximate the PS very well. It proposes aprobabilistic model-based multiobjective evolutionary algorithm; called MMEA; forapproximating the PS and the PF simultaneously for an MOP in this class. In the modelingphase of MMEA; the population is clustered into a number of subpopulations based on …,IEEE transactions on evolutionary computation,2009,90
A population prediction strategy for evolutionary dynamic multiobjective optimization,A. Zhou; Y. Jin; Q. Zhang,This paper investigates how to use prediction strategies to improve the performance ofmultiobjective evolutionary optimization algorithms in dealing with dynamic environments.Prediction-based methods have been applied to predict some isolated points in bothdynamic single objective optimization and dynamic multiobjective optimization. We extendthis idea to predict a whole population by considering the properties of continuous dynamicmultiobjective optimization problems. In our approach; called population prediction strategy(PPS); a Pareto set is divided into two parts: a center point and a manifold. A sequence ofcenter points is maintained to predict the next center; and the previous manifolds are used toestimate the next manifold. Thus; PPS could initialize a whole population by combining thepredicted center and estimated manifold when a change is detected. We systematically …,IEEE Transactions on Cybernetics,2014,74
A model-based evolutionary algorithm for bi-objective optimization,Aimin Zhou; Qingfu Zhang; Yaochu Jin; Edward Tsang; Tatsuya Okabe,The Pareto optimal solutions to a multi-objective optimization problem often distribute veryregularly in both the decision space and the objective space. Most existing evolutionaryalgorithms do not explicitly take advantage of such a regularity. This paper proposed amodel-based evolutionary algorithm (M-MOEA) for bi-objective optimization problems.Inspired by the ideas from estimation of distribution algorithms; M-MOEA uses a probabilitymodel to capture the regularity of the distribution of the Pareto optimal solutions. The localprincipal component analysis (local PCA) and the least-squares method are employed forbuilding the model. New solutions are sampled from the model thus built. At alternategenerations; M-MOEA uses crossover and mutation to produce new solutions. The selectionin M-MOEA is the same as in non-dominated sorting genetic algorithm-II (NSGA-II) …,Evolutionary Computation; 2005. The 2005 IEEE Congress on,2005,68
A fast particle swarm optimization algorithm with cauchy mutation and natural selection strategy,Changhe Li; Yong Liu; Aimin Zhou; Lishan Kang; Hui Wang,Abstract The standard Particle Swarm Optimization (PSO) algorithm is a novel evolutionaryalgorithm in which each particle studies its own previous best solution and the group'sprevious best to optimize problems. One problem exists in PSO is its tendency of trappinginto local optima. In this paper; a fast particle swarm optimization (FPSO) algorithm isproposed by combining PSO and the Cauchy mutation and an evolutionary selectionstrategy. The idea is to introduce the Cauchy mutation into PSO in the hope of preventingPSO from trapping into a local optimum through long jumps made by the Cauchy mutation.FPSO has been compared with another improved PSO called AMPSO [12] on a set ofbenchmark functions. The results show that FPSO is much faster than AMPSO on all the testfunctions.,International Symposium on Intelligence Computation and Applications,2007,59
Solving dynamic TSP with evolutionary approach in real time,Aimin Zhou; Lishan Kang; Zhenyu Yan,Many real world optimization problems are time-dependent and some of them can bemodeled by the dynamic TSPs (DTSPs). A DTSP is harder than a general TSP; which is aNP-hard problem; because the city number and the cost matrix of a DTSP are time varying.Although DTSP is a very common and important model in real world systems; few literatureshave discussed this related issues. There are many open questions about DTSP urgentlyneeded to be answered. We first give a mathematical model and the optimization objectivefor DTSP. Then we discuss why evolutionary algorithms (EAs) are effective for solvingDTSPs and give some key points for designing efficient DTSP EAs. By defining threedynamic operators; we proposed an evolutionary algorithm for DTSPs. The experimentsshow the new algorithm is suitable for solving DTSPs. At the end; we also give some …,Evolutionary Computation; 2003. CEC'03. The 2003 Congress on,2003,47
Adaptive replacement strategies for MOEA/D,Zhenkun Wang; Qingfu Zhang; Aimin Zhou; Maoguo Gong; Licheng Jiao,Multiobjective evolutionary algorithms based on decomposition (MOEA/D) decompose amultiobjective optimization problem into a set of simple optimization subproblems and solvethem in a collaborative manner. A replacement scheme; which assigns a new solution to asubproblem; plays a key role in balancing diversity and convergence in MOEA/D. This paperproposes a global replacement scheme which assigns a new solution to its most suitablesubproblems. We demonstrate that the replacement neighborhood size is critical forpopulation diversity and convergence; and develop an approach for adjusting this sizedynamically. A steady-state algorithm and a generational one with this approach have beendesigned and experimentally studied. The experimental results on a number of testproblems have shown that the proposed algorithms have some advantages.,IEEE transactions on cybernetics,2016,40
A multioperator search strategy based on cheap surrogate models for evolutionary optimization,Wenyin Gong; Aimin Zhou; Zhihua Cai,It is well known that in evolutionary algorithms (EAs); different reproduction operators maybe suitable for different problems or in different running stages. To improve the algorithmperformance; the ensemble of multiple operators has become popular. Most ensembletechniques achieve this goal by choosing an operator according to a probability learnedfrom the previous experience. In contrast to these ensemble techniques; in this paper wepropose a cheap surrogate model-based multioperator search strategy for evolutionaryoptimization. In our approach; a set of candidate offspring solutions are generated by usingthe multiple offspring reproduction operators; and the best one according to the surrogatemodel is chosen as the offspring solution. Two major advantages of this approach are: 1)each operator can generate a solution for competition compared to the probability-based …,IEEE transactions on Evolutionary Computation,2015,40
Are all the subproblems equally important? Resource allocation in decomposition-based multiobjective evolutionary algorithms,Aimin Zhou; Qingfu Zhang,Decomposition-based multiobjective evolutionary algorithms (MOEAs) decompose amultiobjective optimization problem into a set of scalar objective subproblems and solvethem in a collaborative way. A naïve way to distribute computational effort is to treat all thesubproblems equally and assign the same computational resource to each subproblem.This paper proposes a generalized resource allocation (GRA) strategy for decomposition-based MOEAs by using a probability of improvement vector. Each subproblem is chosen toinvest according to this vector. An offline measurement and an online measurement of thesubproblem hardness are used to maintain and update this vector. Utility functions areproposed and studied for implementing a reasonable and stable online resource allocationstrategy. Extensive experimental studies on the proposed GRA strategy have been …,IEEE Transactions on Evolutionary Computation,2016,36
Constrained subproblems in a decomposition-based multiobjective evolutionary algorithm,Luping Wang; Qingfu Zhang; Aimin Zhou; Maoguo Gong; Licheng Jiao,A decomposition approach decomposes a multiobjective optimization problem into anumber of scalar objective optimization subproblems. It plays a key role in decomposition-based multiobjective evolutionary algorithms. However; many widely used decompositionapproaches; originally proposed for mathematical programming algorithms; may not be verysuitable for evolutionary algorithms. To help decomposition-based multiobjectiveevolutionary algorithms balance the population diversity and convergence in an appropriatemanner; this letter proposes to impose some constraints on the subproblems. Experimentshave been conducted to demonstrate that our proposed constrained decompositionapproach works well on most test instances. We further propose a strategy for adaptivelyadjusting constraints by using information collected from the search. Experimental results …,IEEE Transactions on Evolutionary Computation,2016,31
Benchmarking algorithms for dynamic travelling salesman problems,Lishan Kang; Aimin Zhou; Bob McKay; Yan Li; Zhuo Kang,Dynamic optimisation problems are becoming increasingly important; meanwhile; progressin optimisation techniques and in computational resources are permitting the developmentof effective systems for dynamic optimisation; resulting in a need for objective methods toevaluate and compare different techniques. The search for effective techniques may be seenas a multi-objective problem; trading off time complexity against effectiveness; hencebenchmarks must be able to compare techniques across the Pareto front; not merely at asingle point. We propose benchmarks for the dynamic travelling salesman problem; adaptedfrom the CHN-144 benchmark of 144 Chinese cities for the static travelling salesmanproblem. We provide an example of the use of the benchmark; and illustrate the informationthat can be gleaned from analysis of the algorithm performance on the benchmarks.,Evolutionary Computation; 2004. CEC2004. Congress on,2004,30
Multi-objective mobile agent-based sensor network routing using MOEA/D,Andreas Konstantinidis; Christoforos Charalambous; Aimin Zhou; Qingfu Zhang,Mobile agents are often used in wireless sensor networks for distributed target detection withthe goal of minimizing the transmission of non-critical data that negatively affects theperformance of the network. A challenge is to find optimal mobile agent routes for minimizingthe data path loss and the sensors energy consumption as well as maximizing the dataaccuracy. Existing approaches deal with the objectives individually; or by optimizing oneand constraining the others or by combining them into a single objective. This often results inmissing “good” tradeoff solutions. Only few approaches have tackled the Mobile Agent-based Distributed Sensor Network Routing problem as a Multiobjective OptimizationProblem (MOP) using conventional Multi-Objective Evolutionary Algorithms (MOEAs). It iswell known that the incorporation of problem specific knowledge in MOEAs is a difficult …,Evolutionary Computation (CEC); 2010 IEEE Congress on,2010,29
A surrogate-assisted evolutionary algorithm for minimax optimization,Aimin Zhou; Qingfu Zhang,Minimax optimization requires to minimize the maximum output in all possible scenarios. It isa very challenging problem to evolutionary computation. In this paper; we propose asurrogate-assisted evolutionary algorithm; Minimax SAEA; for tackling minimax optimizationproblems. In Minimax SAEA; a surrogate model based on Gaussian process is built toapproximate the mapping between the decision variables and the objective value. In eachgeneration; most of the new solutions are evaluated based on the surrogate model and onlythe best one is evaluated by the actual objective function. Minimax SAEA is tested on sixbenchmark problems and the experimental results show that Minimax SAEA cansuccessfully solve five of them within 110 function evaluations.,Evolutionary Computation (CEC); 2010 IEEE Congress on,2010,24
An estimation of distribution algorithm with cheap and expensive local search methods,Aimin Zhou; Jianyong Sun; Qingfu Zhang,In an estimation of distribution algorithm (EDA); global population distribution is modeled bya probabilistic model; from which new trial solutions are sampled; whereas individuallocation information is not directly and fully exploited. In this paper; we suggest to combinean EDA with cheap and expensive local search (LS) methods for making use of both globalstatistical information and individual location information. In our approach; part of a newsolution is sampled from a modified univariate histogram probabilistic model and the rest isgenerated by refining a parent solution through a cheap LS method that does not need anyfunction evaluation. When the population has converged; an expensive LS method isapplied to improve a promising solution found so far. Controlled experiments have beencarried out to investigate the effects of the algorithm components and the control …,IEEE Transactions on Evolutionary Computation,2015,23
A multiobjective evolutionary algorithm based on decomposition and probability model,Aimin Zhou; Qingfu Zhang; Guixu Zhang,Many real world applications require optimizing multiple objectives simultaneously.Multiobjective evolutionary algorithm based on decomposition (MOEA/D) is a newframework for dealing with such kind of multiobjective optimization problems (MOPs).MOEA/D focuses on how to maintain a set of scalarized sub-problems to approximate theoptimum of a MOP. This paper addresses the offspring reproduction operator in MOEA/D. Itis arguable that; to design efficient offspring generators; the properties of both the algorithmto use and the problem to tackle should be considered. To illustrate this idea; a generatorbased on multivariate Gaussian models is proposed under the MOEA/D framework in thispaper. In the new generator; both the local and global population distribution information isextracted by a set of Gaussian distribution models; new trial solutions are sampled from …,Evolutionary Computation (CEC); 2012 IEEE Congress on,2012,21
Global multiobjective optimization via estimation of distribution algorithm with biased initialization and crossover,Aimin Zhou; Qingfu Zhang; Yaochu Jin; Bernhard Sendhoff; Edward Tsang,Abstract Multiobjective optimization problems with many local Pareto fronts is a bigchallenge to evolutionary algorithms. In this paper; two operators; biased initialization andbiased crossover; are proposed to improve the global search ability of RM-MEDA; a recentlyproposed multiobjective estimation of distribution algorithm. Biased initialization insertsseveral globally Pareto optimal solutions into the initial population; biased crossovercombines the location information of some best solutions found so far and globally statisticalinformation extracted from current population. Experiments have been conducted to studythe effects of these two operators.,Proceedings of the 9th annual conference on Genetic and evolutionary computation,2007,20
A Self-Organizing Multiobjective Evolutionary Algorithm,Hu Zhang; Aimin Zhou; Qingfu Zhang; Xiao-Zhi Gao; Jun Zhang,Under mild conditions; the Pareto front (Pareto set) of a continuous m-objective optimizationproblem forms an (m-1)-dimensional piecewise continuous manifold. Based on this property;this paper proposes a self-organizing multiobjective evolutionary algorithm. At eachgeneration; a self-organizing mapping method with (m-1) latent variables is applied toestablish the neighborhood relationship among current solutions. A solution is only allowedto mate with its neighboring solutions to generate a new solution. To reduce thecomputational overhead; the self-organizing training step and the evolution step areconducted in an alternative manner. In other words; the self-organizing training is performedonly one single step at each generation. The proposed algorithm has been applied to anumber of test instances and compared with some state-of-the-art multiobjective …,IEEE Transactions on Evolutionary Computation,2016,18
A replacement strategy for balancing convergence and diversity in MOEA/D,Zhenkun Wang; Qingfu Zhang; Maoguo Gong; Aimin Zhou,This paper studies the replacement schemes in MOEA/D and proposes a new replacementnamed global replacement. It can improve the performance of MOEA/D. Moreover; trade-offsbetween convergence and diversity can be easily controlled in this replacement strategy. Italso shows that different problems need different trade-offs between convergence anddiversity. We test the MOEA/D with this global replacement on three sets of benchmarkproblems to demonstrate its effectiveness.,Evolutionary Computation (CEC); 2014 IEEE Congress on,2014,18
Dynamic multi-objective differential evolution for solving constrained optimization problem,Lina Jia; Sanyou Zeng; Dong Zhou; Aimin Zhou; Zhengjun Li; Hongyong Jing,Dynamic constrained multi-objective differential evolution (DCMODE) is designed for solvingconstrained optimization problem (COP). Main feature presented in this paper is to constructdynamic multi-objective optimization problem (DMOP) from COP. The two evolvedobjectives are original function objective and violation objective. Constraints are controlledby dynamic environments; where the relaxed constraints boundaries are gradually tightenedto original boundaries. After this dynamic process; DMOP solutions are close to COPsolution. This new algorithm is tested on benchmark problems of special session atCEC2006 with 100% success rates of all problems. Compared with several state-of-the-artDE variants referred in this paper; our algorithm outperforms or performs similarly to them.The satisfactory results suggest that it is efficient and generic when handling inequality …,Evolutionary Computation (CEC); 2011 IEEE Congress on,2011,15
A decomposition based estimation of distribution algorithm for multiobjective traveling salesman problems,Aimin Zhou; Feng Gao; Guixu Zhang,Abstract The traveling salesman problem (TSP) is a well known NP-hard benchmarkproblem for discrete optimization. However; there is a lack of TSP test instances formultiobjective optimization and some current TSP instances are combined to form amultiobjective TSP (MOTSP). In this paper; we present a way to systematically designMOTSP instances based on current TSP test instances; of which the degree of conflictbetween the objectives is measurable. Furthermore; we propose an approach; namedmultiobjective estimation of distribution algorithm based on decomposition (MEDA/D); whichutilizes decomposition based techniques and probabilistic model based methods; to tacklethe newly designed MOTSP test suite. In MEDA/D; an MOTSP is decomposed into a set ofscalar objective sub-problems and a probabilistic model; using both priori and learned …,Computers & Mathematics with Applications,2013,14
Dynamic constrained multi-objective model for solving constrained optimization problem,Sanyou Zeng; Shizhong Chen; Jiang Zhao; Aimin Zhou; Zhengjun Li; Hongyong Jing,Constrained optimization problem (COP) is skillfully converted into dynamic constrainedmulti-objective optimization problem (DCMOP) in this paper. Then dynamic constrainedmulti-objective evolutionary algorithms (DCMOEAs) can be used to solve the COP problemby solving the DCMOP problem. Seemingly; a complex DCMOEA algorithm is used to solvea relatively simple COP problem. However; the DCMOEA algorithm can adopt Paretodomination to achieve a good trade off between fast converging and global searching; andtherefore a DCMOEA algorithm can effectively solve a COP problem by solving the DCMOPproblem. An instance of DCMOEA was used to to solve 13 widely used constraintbenchmark problems; The experimental results suggest it outperforms or performs similarlyto other state-of-the-art algorithms referred to in this paper. The efficient performance of …,Evolutionary Computation (CEC); 2011 IEEE Congress on,2011,14
An MOEA/D with multiple differential evolution mutation operators,Yang Li; Aimin Zhou; Guixu Zhang,In evolutionary algorithms; the reproduction operators play an important role. It is arguablethat different operators may be suitable for different kinds of problems. Therefore; it is naturalto combine multiple operators to achieve better performance. To demonstrate this idea; inthis paper; we propose an MOEA/D with multiple differential evolution mutation operatorscalled MOEA/D-MO. MOEA/D aims to decompose a multiobjective optimization problem(MOP) into a number of single objective optimization problems (SOPs) and optimize thoseSOPs simultaneously. In MOEA/D-MO; we combine multiple operators to do reproduction.Three mutation strategies with randomly selected parameters from a parameter pool areused to generate new trial solutions. The proposed algorithm is applied to a set of testinstances with different complexities and characteristics. Experimental results show that …,Evolutionary Computation (CEC); 2014 IEEE Congress on,2014,12
A differential evolution with an orthogonal local search,Zhenzhen Dai; Aimin Zhou; Guixu Zhang; Sanyi Jiang,Differential evolution (DE) is a kind of evolutionary algorithms (EAs); which are populationbased heuristic global optimization methods. EAs; including DE; are usually criticized fortheir slow convergence comparing to traditional optimization methods. How to speed up theEA convergence while keeping its global search ability is still a challenge in the EAcommunity. In this paper; we propose a differential evolution method with an orthogonallocal search (OLSDE); which combines orthogonal design (OD) and EA for globaloptimization. In each generation of OLSDE; a general DE process is used firstly; and then anOD based local search is utilized to improve the quality of some solutions. The proposedOLSDE is applied to a variety of test instances and compared with a basic DE method andan orthogonal based DE method. The experimental results show that OLSDE is promising …,Evolutionary Computation (CEC); 2013 IEEE Congress on,2013,10
Modelling the population distribution in multi-objective optimization by generative topographic mapping,Aimin Zhou; Qingfu Zhang; Yaochu Jin; Bernhard Sendhoff; Edward Tsang,Abstract Under mild conditions; the Pareto set of a continuous multi-objective optimizationproblem exhibits certain regularity. We have recently advocated taking into considerationsuch regularity in designing multi-objective evolutionary algorithms. Following our previouswork on using Local Principal Component Analysis for capturing the regularity; this paperpresents a new approach for acquiring and using the regularity of the Pareto set inevolutionary algorithms. The approach is based on the Generative Topographic Mappingand can be regarded as an Estimation of Distribution Algorithm. It builds models of thedistribution of promising solutions based on regularity patterns extracted from the previoussearch; and samples new solutions from the models thus built. The proposed algorithm hasbeen compared with two other state-of-the-art algorithms; NSGA-II and SPEA2 on a set of …,*,2006,10
Combination of EDA and DE for continuous biobjective optimization,Aimin Zhou; Qingfu Zhang; Yaochu Jin; Bernhard Sendhoff,The Pareto front (Pareto set) of a continuous optimization problem with m objectives is a (m-1) dimensional piecewise continuous manifold in the objective space (the decision space)under some mild conditions. Based on this regularity property in the objective space; wehave recently developed several multiobjective estimation of distribution algorithms (EDAs).However; this property has not been utilized in the decision space. Using the regularityproperty in both the objective and decision space; this paper proposes a simple EDA formultiobjective optimization. Since the location information has not efficiently used in EDAs; acombination of EDA and differential evolution (DE) is suggested for improving thealgorithmic performance. The hybrid method and the pure EDA method proposed in thispaper; and a DE based method are compared on several test instances. Experimental …,Evolutionary Computation; 2008. CEC 2008.(IEEE World Congress on Computational Intelligence). IEEE Congress on,2008,9
Automatic clustering method based on evolutionary optimisation,Cong Liu; Aimin Zhou; Guixu Zhang,How to set the cluster number plays a key role in many clustering applications. To addressthis issue; this study introduces an automatic clustering method based on evolutionaryalgorithms (EAs). The basic idea is to convert a clustering problem into a global optimisationproblem and tackle it by an EA. A new validity index; which balances the inter-clusterconsistency and the intra-cluster consistency; is proposed to be the objective function. Threeadaptive coding schemes; which can deal with variable-length optimisation problems byusing a fixed-length chromosome; are designed to detect the cluster number automatically.The validity index and adaptive coding schemes are incorporated in an EA for automaticclustering. The authors approach is compared with some widely used validity indices and anadaptive coding scheme on some artificial data sets and two real-world problems. The …,IET Computer Vision,2013,8
A multiobjective cellular genetic algorithm based on 3D structure and cosine crowding measurement,Hu Zhang; Shenmin Song; Aimin Zhou; XZ Gao,Abstract Multiobjective cellular genetic algorithms (MOcGAs) are variants of evolutionarycomputation algorithms by organizing the population into grid structures; which are usually2D grids. This paper proposes a new MOcGA; namely cosine multiobjective cellular geneticalgorithm (C-MCGA); for continuous multiobjective optimization. The CMCGA introduces twonew components: a 3D grid structure and a cosine crowding measurement. The firstcomponent is used to organize the population. Compared with a 2D grid; the 3D grid offers avertical expansion of cells. The second one simultaneously considers the crowdingdistances and location distributions for measuring the crowding degree values for thesolutions. The simulation results show that C-MCGA outperforms two typical MOcGAs andtwo state-of-the-art algorithms; NSGA-II and SPEA2; on a given set of test instances …,International Journal of Machine Learning and Cybernetics,2015,7
An estimation of distribution algorithm based on decomposition for the multiobjective TSP,Feng Gao; Aimin Zhou; Guixu Zhang,The multiobjective evolutionary algorithm based on decomposition (MOEA/D) has gainedmuch attention recently. It is suitable to use scalar objective optimization techniques fordealing with multiobjective optimization problems. In this paper; we propose a newapproach; named multiobjective estimation of distribution algorithm based on decomposition(MEDA/D); which combines MOEA/D with probabilistic model based methods formultiobjective traveling salesman problems (MOTSPs). In MEDA/D; an MOTSP isdecomposed into a set of scalar objective sub-problems and a probabilistic model; usingboth priori and learned information; is built to guide the search for each subproblem. By thecooperation of neighbor sub-problems; MEDA/D could optimize all the sub-problemssimultaneously and thus find an approximation to the original MOTSP in a single run. The …,Natural Computation (ICNC); 2012 Eighth International Conference on,2012,7
Non-negative matrix factorization: a short survey on methods and applications,Zhengyu Huang; Aimin Zhou; Guixu Zhang,Abstract Non-negative matrix factorization (NMF) has been shown to be useful for a varietyof practical applications. To meet the requirements of various applications; some extensionsof NMF have been proposed as well. This paper presents a short survey on some recentdevelopments of NMF on both the algorithms and applications. Some potentialimprovements of NMF are also suggested for future study.,*,2012,7
An estimation of distribution algorithm based on nonparametric density estimation,Luhan Zhou; Aimin Zhou; Guixu Zhang; Chuan Shi,Probabilistic models play a key role in an estimation of distribution algorithm (EDA).Generally; the form of a probabilistic model has to be chosen before executing an EDA. Ineach generation; the probabilistic model parameters will be estimated by training the modelon a set of selected individuals and new individuals are then sampled from the probabilisticmodel. In this paper; we propose to use probabilistic models in a different way: firstlygenerate a set of candidate points; then find some as offspring solutions by a filter which isbased on a nonparametric density estimation method. Based on this idea; we propose anonparametric estimation of distribution algorithm (nEDA) for global optimization. The majordifferences between nEDA and traditional EDAs are (1) nEDA uses a generating filteringstrategy to create new solutions while traditional EDAs use a model building-sampling …,Evolutionary Computation (CEC); 2011 IEEE Congress on,2011,7
Modeling regularity to improve scalability of model-based multiobjective optimization algorithms,Yaochu Jin; Aimin Zhou; Qingfu Zhang; Bernhard Sendhoff; Edward Tsang,Summary Model-based multiobjective optimization is one class of metaheuristics for solvingmultiobjective optimization problems; where a probabilistic model is built from the currentdistribution of the solutions and new candidate solutions are generated from the model. Onemain difficulty in model-based optimization is constructing a probabilistic model that is ableto effectively capture the structure of the problems to enable efficient search. This chapteradvocates a new type of probabilistic model that takes the regularity in the distribution ofPareto-optimal solutions into account. We compare our model to two other model-basedmultiobjective algorithms on a number of test problems to demonstrate that it is scalable tohigh-dimensional optimization problems with or without linkage linkage among the designvariables.,*,2008,7
Modelling the regularity in estimation of distribution algorithm for continuous multi-objective evolutionary optimization with variable linkages,Qingfu Zhang; Aimin Zhou; Yaochu Jin,*,IEEE Transactions on Evolutionary Computation,2006,7
A classification and pareto domination based multiobjective evolutionary algorithm,Jinyuan Zhang; Aimin Zhou; Guixu Zhang,In multiobjective evolutionary algorithms; most selection operators are based on theobjective values or the approximated objective values. It is arguable that the selection inevolutionary algorithms is a classification problem in nature; ie; selection equals toclassifying the selected solutions into one class and the unselected ones into another class.Following this idea; we propose a classification based preselection for multiobjectiveevolutionary algorithms. This approach maintains two external populations: one is a positivedata set which contains a set ofgood'solutions; and the other is a negative data set containsa set ofbad'solutions. In each generation; the two external populations are used to train aclassifier firstly; then the classifier is applied to filter the newly generated candidate solutionsand only the ones labeled as positive are kept as the offspring solutions. The proposed …,Evolutionary Computation (CEC); 2015 IEEE Congress on,2015,6
Approximation model guided selection for evolutionary multiobjective optimization,Aimin Zhou; Qingfu Zhang; Guixu Zhang,Abstract Selection plays a key role in a multiobjective evolutionary algorithm (MOEA). Thedominance based selection operators or indicator based ones are widely used in mostcurrent MOEAs. This paper studies another kind of selection; in which a model is firstly builtto approximate the Pareto front and then guides the selection of promising solutions into thenext generation. Based on this idea; we propose two approximation model guided selection(AMS) operators in this paper: one uses a zero-order model to approximate the Pareto front;and the other uses a first-order model. The experimental results show that the new AMSoperators performs well on some test instances.,International Conference on Evolutionary Multi-Criterion Optimization,2013,6
A decomposition based estimation of distribution algorithm for multiobjective knapsack problems,Yang Li; Aimin Zhou; Guixu Zhang,Multiobjective knapsack problems (MOKPs) are useful for both theoretical studies andpractical applications. This paper proposes a novel algorithm; named multiobjectiveestimation of distribution algorithm based on decomposition (MEDA/D); for dealing withMOKPs. In MEDA/D; a probabilistic model based offspring reproduction operator isincorporated into the multiobjective evolutionary algorithm based on decomposition(MOEA/D). The population is maintained by the MOEA/D framework and new solutions aresampled from the probabilistic models. MEDA/D is applied to a set of test instances andcompared with an MOEA/D with generic crossover/mutation operators. The statistical resultsshow that the new approach is promising for dealing with MOKPs.,Natural Computation (ICNC); 2012 Eighth International Conference on,2012,5
A multiobjective evolutionary algorithm based on decomposition and preselection,Jinyuan Zhang; Aimin Zhou; Guixu Zhang,Abstract The preselection aims to choose promising offspring solutions from a candidate setin evolutionary algorithms. Usually the preselection process is based on the real orestimated objective values; which might be expensive. It is arguable that the preselection isdoing classification in nature; which requires to know a solution is good or not instead ofknowing how good it is. In this paper we apply a classification based preselection (CPS) to amultiobjective evolutionary algorithm based on decomposition (MOEA/D). In eachgeneration; a set of candidate solutions are generated for each subproblem and only a goodone is chosen as the offspring by the CPS. The modified MOEA/D; denoted as MOEA/D-CPS; is applied to a set of test instances; and the experimental results suggest that the CPScan successfully improve the performance of MOEA/D.,Bio-Inspired Computing-Theories and Applications,2015,4
On neighborhood exploration and subproblem exploitation in decomposition based multiobjective evolutionary algorithms,Aimin Zhou; Yuting Zhang; Guixu Zhang; Wenyin Gong,The decomposition based multiobjective evolutionary algorithm; denoted as MOEA/D; is anopen framework for multiobjective optimization. This paper addresses the reproductionoperation in MOEA/D. Generally; the solutions from a neighborhood of a subproblem arechosen as the mating pool for offspring reproduction. Since the Pareto set of an MOP showssome kind of structure in the decision space; the newly generated solutions based on themating pool are arguable more likely to distribute along the population structure; which iscalled neighborhood exploration; and less likely to push a solution forward along thesubproblem; which is called subproblem exploitation. To balance neighborhood explorationand subproblem exploitation; we propose to utilize both history and neighbor solutions foroffspring reproduction. This idea is implemented through two operators based on the …,Evolutionary Computation (CEC); 2015 IEEE Congress on,2015,4
A clustering based multiobjective evolutionary algorithm,Hu Zhang; Shenmin Song; Aimin Zhou; Xiao-Zhi Gao,In this paper; we propose a clustering based multiobjective evolutionary algorithm(CLUMOEA) to deal with the multiobjective optimization problems with irregular Pareto frontshapes. CLUMOEA uses a k-means clustering method to discover the population structureby partitioning the solutions into several clusters; and it only allows the solutions in the samecluster to do the reproduction. To reduce the computational cost and balance the explorationand exploitation; the clustering process and evolutionary process are integrated togetherand they are performed simultaneously. In addition to the clustering; CLUMOEA also uses adistance tournament selection to choose the more similar mating solutions to accelerate theconvergence. Besides; a cosine nondominated selection method considering the locationand distance information of the solutions are further presented to construct the final …,Evolutionary Computation (CEC); 2014 IEEE Congress on,2014,4
Simulated annealing with probabilistic neighborhood for traveling salesman problems,Yang Li; Aimin Zhou; Guixu Zhang,The traveling salesman problem (TSP) is a classical combinatorial optimization problem.Due to its NP-hard nature; modern heuristic methods are usually applied to find anapproximation of the best tour of a TSP. It has been proved that most of the edges of a besttour are linked by neighbor cities. By using this heuristic information; a probabilisticneighborhood model is defined in this paper to guide the tour constructing in a heuristicmethod. This probabilistic neighborhood model is then applied in the framework of asimulated annealing (SA) algorithm. The proposed algorithm is compared to a basic SAalgorithm on a set of test instances. The preliminary results show that an SA withprobabilistic neighborhood can outperform a generic SA.,Natural Computation (ICNC); 2011 Seventh International Conference on,2011,4
Adaptive modelling strategy for continuous multi-objective optimization,Aimin Zhou; Qingfu Zhang; Yaochu Jin; Bernhard Sendhoff,The Pareto optimal set of a continuous multi-objective optimization problem is a piecewisecontinuous manifold under some mild conditions. We have recently developed several multi-objective evolutionary algorithms based on this property. However; the modelling methodsused in these algorithms are rather costly. In this paper; a cheap and effective modellingstrategy is proposed for building the probabilistic models of promising solutions. A newcriterion is proposed for measuring the convergence of the algorithm. The locality degree ofeach local model is adjusted according to the proposed convergence criterion. Experimentalresults show that the algorithm with the proposed strategy is very promising.,Evolutionary Computation; 2007. CEC 2007. IEEE Congress on,2007,4
Simultaneous Bayesian Clustering and Feature Selection Through Student's t Mixtures Model,Jianyong Sun; Aimin Zhou; Simeon Keates; Shengbin Liao,In this paper; we proposed a generative model for feature selection under the unsupervisedlearning context. The model assumes that data are independently and identically sampledfrom a finite mixture of Student's t distributions; which can reduce the sensitiveness tooutliers. Latent random variables that represent the features' salience are included in themodel for the indication of the relevance of features. As a result; the model is expected tosimultaneously realize clustering; feature selection; and outlier detection. Inference iscarried out by a tree-structured variational Bayes algorithm. Full Bayesian treatment isadopted in the model to realize automatic model selection. Controlled experimental studiesshowed that the developed model is capable of modeling the data set with outliersaccurately. Furthermore; experiment results showed that the developed algorithm …,IEEE transactions on neural networks and learning systems,2017,3
An estimation of distribution algorithm guided by mean shift,Hui Fang; Aimin Zhou; Guixu Zhang,The estimation of distribution algorithm is widely used to solve global optimization problemsin recent years. The basic idea is using machine learning methods to extract relevantfeatures of the search space among the selected individuals and to construct a probabilisticmodel for sampling new solutions. As we know; EDAs mainly focus on the global distributioninformation of population and are lack of solution location information. In this paper; weextend our previous work to propose a new EDA guided by the mean shift method; which isoriginally proposed as a density estimation method and is used as a local search method inthis paper. In the new approach; at first a set of candidate solutions are generated by EDA.Then the mean shift method is used to refine some good parent solutions. Finally thesampled candidate solutions and the refined solutions are combined to form the offspring …,Evolutionary Computation (CEC); 2016 IEEE Congress on,2016,3
A locally weighted metamodel for pre-selection in evolutionary optimization,Qiuxiao Liao; Aimin Zhou; Guixu Zhang,The evolutionary algorithms are usually criticized for their slow convergence. To address thisweakness; a variety of strategies have been proposed. Among them; the metamodel orsurrogate based approaches are promising since they replace the original optimizationobjective by a metamodel. However; the metamodel building itself is expensive andtherefore the metamodel based evolutionary algorithms are commonly applied to expensiveoptimization. In this paper; we propose an alternative metamodel; named locally weightedmetamodel (LWM); for the pre-selection in evolutionary optimization. The basic idea is toestimate the objective values of candidate offspring solutions for an individual; and choosethe most promising one as the offspring solution. Instead of building a global model as manyother algorithms do; a LWM is built for each candidate offspring solution in our approach …,Evolutionary Computation (CEC); 2014 IEEE Congress on,2014,3
Estimation of distribution algorithms for continuous multiobjective optimization,Aimin Zhou,*,*,2009,3
Modelling the regularity in an estimation of distribution algorithm for continuous multiobjective optimisation with variable linkages,Qingfu Zhang; Aimin Zhou; Yaochu Jin,Abstract Under mild conditions; it can be induced from the Karush-Kuhn-Tucker conditionthat the Pareto set; in the decision space; of a continuous multiobjective optimizationproblem is (m− 1)-D piecewise continuous; where m is the number of objectives. Based onthis regularity property; we propose a Regularity Model based Multiobjective Estimation ofDistribution Algorithm (RM-MEDA) for continuous multiobjective optimization problems withvariable linkages. At each generation; the proposed algorithm models a promising area inthe decision space by a probability distribution whose centroid is a (m− 1)-D piecewisecontinuous manifold. The Local PCA algorithm is used for building such a model. New trailsolutions are sampled from the model thus built. A non-dominated sorting based selection isused for choosing solutions for the next generation. Systematic experiments have shown …,Dept. Comput. Sci.; Univ. Essex; Colchester; UK; Tech. Rep. CSM-459,2006,3
Pan-sharpening of multi-spectral images using a new variational model,Guixu Zhang; Faming Fang; Aimin Zhou; Fang Li,In remote-sensing image processing; pan-sharpening is used to obtain a high-resolutionmulti-spectral image by combining a low-resolution multi-spectral image with acorresponding high-resolution panchromatic image. In this article; to preserve the geometry;spectrum; and correlation information of the original images; three hypotheses arepresented; ie (1) the geometry information contained in the pan-sharpened image shouldalso be contained in the panchromatic bands;(2) the upsampled multi-spectral image can beseen as a blurred form of the fused image with an unknown kernel; and (3) the fused bandsshould keep the correlation between each band of the upsampled multi-spectral image. Avariational energy functional is then built based on the assumptions; of which the minimizeris the target fused image. The existence of a minimizer of the proposed energy is further …,International Journal of Remote Sensing,2015,2
Regularized boost for semi-supervised ranking,Zhigao Miao; Juan Wang; Aimin Zhou; Ke Tang,Abstract Semi-supervised ranking is a relatively new and important learning probleminspired by many applications. Motivated by the prior work on regularization in semi-supervised learning; we introduce a local smooth regularizer that can exploit the manifoldstructure of the data to leverage the unlabeled data. The regularizer is general and can beapplied to any paired comparison ranking model. By minimizing the pairwise loss subject tothis regularization penalty based on the sequential ensemble learning framework; a semi-supervised regularized boosting algorithm for ranking is derived. Each stage of boosting isfast and efficient. The proposed algorithm shares the same theoretical justification andimplementation effectiveness as in RankBoost. Experimental results on benchmark datasetsdemonstrate that the proposed algorithm is effective and comparable to some other state …,*,2015,2
Adaptive image segmentation by using mean-shift and evolutionary optimisation,Cong Liu; Aimin Zhou; Qian Zhang; Guixu Zhang,Undersegmentation or oversegmentation is a challenge faced in image segmentationmethods; and it is extreme important to determine the optimal number of regions (clusters) ofan image in real-world applications. In this study; we introduce an adaptive strategy to do so.The basic idea is to firstly oversegment an image by using the Mean-shift (MS) method; andthen segment the obtained oversegmented results by using an evolutionary algorithm. In thesecond stage; a feature is extracted for each region obtained by the MS method; and a newfitness function is designed to determine the optimal number of clusters. The adaptiveapproach is applied to a variety of images; and the experimental results show that ourmethod is both efficient and effective for image segmentation.,IET Image Processing,2014,2
A Novel Blind Spectral Unmixing Method Based on Error Analysis of Linear Mixture Model,Chunzhi Li; Faming Fang; Aimin Zhou; Guixu Zhang,It is well known that the linear mixture model (LMM) is attracting much attention due to itssimplicity. However; some theoretical analysis reveals that the traditional LMM also impedesthe improvement of blind spectral unmixing. For this reason; we propose a novel blindspectral unmixing method (NBSUM) in this letter. NBSUM utilizes the conjugate gradient tocalculate end-member spectral and abundance; which can not only overcome someshortcomings of the traditional LMM but also provide more accurate results. NBSUM iscompared with some state-of-the-art approaches on both synthetic and real hyperspectraldata sets; and the experimental results demonstrate the efficacy of the proposed method.,IEEE Geosci. Remote Sensing Lett.,2014,2
MCGA: a multiobjective cellular genetic algorithm based on a 3D grid,Hu Zhang; Shenming Song; Aimin Zhou,Abstract This paper proposes a new cellular multiobjective genetic algorithm based on a 3Dgrid structure. The basic idea is to organize the candidate solutions by a 3D grid; and thereproduction and replacement operators are based on the 3D grid. The proposed algorithmis compared with two 2D cellular multiobjective genetic algorithms on the DTLZ test suite;and the statistical results indicate that our approach performs better than the comparedalgorithms according to both the diversity and convergence metrics. Furthermore; ourapproach is computational more stable.,International Conference on Intelligent Data Engineering and Automated Learning,2013,2
Combining model-based and genetics-based offspring generation for multi-objective optimization using a convergence criterion,*,A system and method for combining the model-based and genetics-based methods arecombined according to a convergence criterion. When the population is not converged; thegenetics-based approach is used; and when the population is converged; the model-basedmethod is used to generate offspring. The algorithm benefits from using a model-basedoffspring generation only when the population shows a certain degree of regularity; ie;converged in a stochastic sense. In addition; a more sophisticated method to construct thestochastic part of the model can be used. Also a biased Gaussian noise (the mean of thenoise is not zero); as well as a white Gaussian noise (the mean of the noise is zero) can bepreferably used for the stochastic part of the model.,*,2010,2
A hybrid estimation of distribution algorithm with differential evolution for global optimization,Bing Dong; Aimin Zhou; Guixu Zhang,In evolutionary algorithms; it is difficult to balance the exploration and exploitation. Usually;global search is utilized to find promising solutions; and local search is beneficial to theconvergence of the solutions in the population. Combing different search strategies is apromising way to take advantages of different methods. Following the idea of DE/EDA; thispaper proposes another way to combine estimation of distribution algorithm and differentialevolution for global optimization. The basic idea is to choose either differential evolution orestimation of distribution algorithm for generating new trial solutions. To improve thealgorithm performance; a local search strategy is used as well. The new approach; namedas EDA/DE-EIG; is systematically compared with two state-of-art algorithms; and theexperimental results show the advantages of our method.,Computational Intelligence (SSCI); 2016 IEEE Symposium Series on,2016,1
Image segmentation framework based on multiple feature spaces,Cong Liu; Aimin Zhou; Chunxue Wu; Guixu Zhang,Image segmentation plays a key role in many fields such as image processing andrecognition. Although various segmentation methods have been proposed in recentdecades; most of these methods are based on only a single feature space. How to combinevarious features to image segmentation is a challenge problem. To address this problem;the authors propose to combine different features based on evolutionary multiobjectiveoptimisation. Two optimisation objectives; which are based on colour and texture features;respectively; are therefore designed for image segmentation. The experiments show that theauthor's method is able to combine multiple features for image segmentation successfully.,IET Image Processing,2014,1
Unsupervised robust Bayesian feature selection,Jianyong Sun; Aimin Zhou,In this paper; we proposed a generative graphical model for unsupervised robust featureselection. The model assumes that the data are independent and identically sampled from afinite mixture of Student-t distribution for dealing with outliers. The Student t-distributionworks as the building block for robust clustering and outlier detection. Random variables thatrepresent the features' saliency are included in the model for feature selection. As a result;the model is expected to simultaneously realise unsupervised clustering; feature selectionand outlier detection. The inference is carried out by a tree-structured variational Bayes (VB)algorithm. The feature selection capability is realised by estimating the feature salienciesassociated with the features. The adoption of full Bayesian treatment in the model realisesautomatic model selection. Experimental studies showed that the developed algorithm …,Neural Networks (IJCNN); 2014 International Joint Conference on,2014,1
An Evolutionary Approach for Image Registration,Jing Zhang; Aimin Zhou; Guixu Zhang,Abstract Image registration plays an important role in many real-world applications such asremote sensing. A key issue of image registration is to find the hidden relationship betweenthe input image and the reference image. In many cases; the hidden relationship ispresented by a coordinate transformation matrix. Therefore; an image registration can beformulated as an optimization problem. In this paper; we propose to use evolutionaryalgorithms to optimize the transformation matrix. Instead of finding an optimal mappingbetween each pixel in the input and reference images; some local image features which areexpressed as control points; are firstly extracted from the two images. An evolutionaryalgorithm is then applied to find the optimal mapping between the control points. Finally; theinput image is registrated by the optimal transformation. The proposed approach is …,*,2012,1
Information fusion in offspring generation: A case study in DE and EDA,Hui Fang; Aimin Zhou; Hu Zhang,Abstract Both differential evolution (DE) and estimation of distribution algorithm (EDA) arepopular and effective evolutionary algorithms (EAs) in solving global optimization problems.The two algorithms utilize different kinds of information for generating offspring solutions. Inthe former; the mutation and crossover operators use the individual information to create trialsolutions; while in the later; a probabilistic model is built for sampling new trial solutions;which extracts the population distribution information. It is therefore natural to make use ofboth kinds of information for generating solutions. In this paper; we propose an algorithmthat hybridizes DE and EDA; named as DE/GM; which utilizes both DE crossover/mutationoperators and a Gaussian probabilistic model based operator for offspring generation. Thebasic idea is to generate some of trial solutions by the EDA operator; and to generate the …,Swarm and Evolutionary Computation,2018,*
A Novel Sugar Transporter from Dianthus spiculifolius; DsSWEET12; Affects Sugar Metabolism and Confers Osmotic and Oxidative Stress Tolerance in Arabidopsis,Aimin Zhou; Hongping Ma; Shuang Feng; Shufang Gong; Jingang Wang,Abstract Plant SWEETs (sugars will eventually be exported transporters) play a role in plantgrowth and plant response to biotic and abiotic stresses. In the present study; DsSWEET12from Dianthus spiculifolius was identified and characterized. Real-time quantitative PCRanalysis revealed that DsSWEET12 expression was induced by sucrose starvation;mannitol; and hydrogen peroxide. Colocalization experiment showed that the DsSWEET12-GFP fusion protein was localized to the plasma membrane; which was labeled with FM4-64dye; in Arabidopsis and suspension cells of D. spiculifolius. Compared to wild type plants;transgenic Arabidopsis seedlings overexpressing DsSWEET12 have longer roots and havea greater fresh weight; which depends on sucrose content. Furthermore; a relative rootlength analysis showed that transgenic Arabidopsis showed higher tolerance to osmotic …,International journal of molecular sciences,2018,*
A novel cold-regulated gene from Phlox subulata; PsCor413im1; enhances low temperature tolerance in Arabidopsis,Aimin Zhou; Hongwei Sun; Shuang Feng; Mi Zhou; Shufang Gong; Jingang Wang; Shuzhen Zhang,Abstract Low temperature stress adversely affects plant growth; development; and cropproductivity. Analysis of the function of genes in the response of plants to low temperaturestress is essential for understanding the mechanism of chilling and freezing tolerance. In thisstudy; PsCor413im1; a novel cold-regulated gene isolated from Phlox subulata; wastransferred to Arabidopsis to investigate its function under low temperature stress. Real-timequantitative PCR analysis revealed that PsCor413im1 expression was induced by cold andabscisic acid. Subcellular localization revealed that PsCor413im1-GFP fusion protein waslocalized to the periphery of the chloroplast; consistent with the localization of chloroplastinner membrane protein AtCor413im1; indicating that PsCor413im1 is a chloroplastmembrane protein. Furthermore; the N-terminal of PsCor413im1 was determined to be …,Biochemical and biophysical research communications,2018,*
NaCl-induced expression of AtVHA-c5 gene in the roots plays a role in response of Arabidopsis to salt stress,Aimin Zhou; Enhui Liu; Hongping Ma; Shuang Feng; Shufang Gong; Jingang Wang,Abstract Key message Suppression of AtVHA-c5 expression results in changes in H+ andNa+ fluxes of roots; and increase sensitivity to salt in Arabidopsis. Abstract Vacuolar-type H+-ATPase (V-ATPase); a multisubunit endomembrane proton pump; is essential in plantgrowth and response to environmental stresses. In the present study; the function ofArabidopsis V-ATPase subunit c5 (AtVHA-c5) gene in response to salt stress wasinvestigated. Subcellular localization showed that AtVHA-c5 was mainly localized toendosomes and the vacuolar membrane in Arabidopsis. The analysis of quantitative real-time PCR showed that expression of AtVHA-c5 gene was induced by NaCl stress.Histochemical analysis revealed that AtVHA-c5 was expressed in the root epidermis ofuntreated Arabidopsis and in the whole root elongation zone after NaCl treatment …,Plant cell reports,2018,*
Preselection via Classification: A Case Study on Evolutionary Multiobjective Optimization,Jinyuan Zhang; Aimin Zhou; Ke Tang; Guixu Zhang,Abstract: In evolutionary algorithms; a preselection operator aims to select the promisingoffspring solutions from a candidate offspring set. It is usually based on the estimated or realobjective values of the candidate offspring solutions. In a sense; the preselection can betreated as a classification procedure; which classifies the candidate offspring solutions intopromising ones and unpromising ones. Following this idea; we propose a classificationbased preselection (CPS) strategy for evolutionary multiobjective optimization. Whenapplying classification based preselection; an evolutionary algorithm maintains two externalpopulations (training data set) that consist of some selected good and bad solutions foundso far; then it trains a classifier based on the training data set in each generation. Finally ituses the classifier to filter the unpromising candidate offspring solutions and choose a …,arXiv preprint arXiv:1708.01146,2017,*
Accelerating MOEA/D by Nelder-Mead method,Hanwei Zhang; Aimin Zhou; Guixu Zhang; Hemant Kumar Singh,The multiobjective evolutionary algorithm based on decomposition (MOEA/D) converts amultiobjective optimization problem into a set of single-objective subproblems; and tacklesthem simultaneously. In MOEA/D; the offspring generation is a crucial part to increase theconvergence of the algorithm and maintain the diversity of the solution set. Currently; themajority of reproduction operators consider the quality of neighborhood exploration; ie; thecapability to distribute along the population structure; while few operators have goodcapability for subproblem exploitation; ie; the ability to push solutions forward along thesubproblems. To address this issue in this paper; we introduce one of the derivative-freeoptimization methods; Nelder-Mead simplex (NMS) method; to MOEA/D to accelerate thealgorithm convergence. The NMS operator is combined with a differential evolution (DE) …,Evolutionary Computation (CEC); 2017 IEEE Congress on,2017,*
A decomposition based multiobjective evolutionary algorithm with semi-supervised classification,Xiaoji Chen; Chuan Shi; Aimin Zhou; Bin Wu; Zixing Cai,In multiobjective evolutionary algorithms; how to select the optimal solutions from theoffspring candidate set significantly affects the optimization process. Usually; the selectionprocess is largely based on the real objective values or surrogate model estimatingobjective values. However; these selection processes are very time consuming sometimes;especially for some real optimization problems. Recently; some researches began to employsupervised classification to assist offspring selection; but these works are difficult to preparethe exact positive and negative samples or time consuming of parameter tuning problems. Inorder to solve these disadvantages; we propose a decomposition based multiobjectiveevolutionary algorithm with semi-supervised classification. This approach using randomsampling and non-dominated sorting to construct semi supervised classifier. In each …,Evolutionary Computation (CEC); 2017 IEEE Congress on,2017,*
A Mean Shift Assisted Differential Evolution Algorithm,Hui Fang; Aimin Zhou; Guixu Zhang,Abstract It is well known that Differential Evolution (DE) algorithm has been widely applied tosolve global optimization problems during the last decades. DE is usually criticized for theslow convergence. To improve the algorithm performance; we propose an algorithm calledMSDE that utilizes a local search operator based on mean shift. In MSDE; one offspringsolution is generated by the mean shift based search operator; and the others are created bythe DE search operator. A test suite of 12 benchmark functions with different characteristicsare chosen to evaluate our approach. The experimental results suggest that MSDE cansuccessfully improve the performance of DE and have a faster convergence rate on thegiven test suite.,Bio-Inspired Computing-Theories and Applications,2016,*
Sampling in latent space for a mulitiobjective estimation of distribution algorithm,Bing Dong; Aimin Zhou; Guixu Zhang,A regularity model-based multiobjective estimation of distribution algorithm (RM-MEDA) hasbeen proposed for continuous multiobjective optimization problems. Generating promisingsolutions to approximate the population is significant to RM-MEDA. In the reproduction ofRM-MEDA; it adopts a Latin square design strategy to sample points in the latent space thatis extended to cover the whole Pareto set. However; the setting of the extension scale isproblem-dependent to some extent. To circumvent this issue; we propose a differentialevolution based sampling (DES) scheme for RM-MEDA. DES mutates the projections of theparent solutions in the latent space to generate promising candidate offspring solutions. Theempirical experiment results have shown the significant advantages of the DES schemecomparing to the Latin square design.,Evolutionary Computation (CEC); 2016 IEEE Congress on,2016,*
Self-adaptive spectral cluster number detecting with particle swarm optimization algorithm,Chupeng Zeng; Aimin Zhou; Guixu Zhang,Spectral clustering algorithms have been playing an important role in solving manyproblems in pattern recognition and image processing. As a well-known spectral clusteringalgorithm; Normalized Cut has been proved powerful in image segmentation and dataclustering. Morever spectral clustering has shown to be more effective in finding clustersthan many traditional algorithms such as k-means. However; how to decide the number ofclusters is always a crucial problem we confront. It's just yet acknownledge that evolutionaryalgorithms have a powerful ability to solve such optimization problems. In this paper; weapply a Validity Measure for Fuzzy Clustering (VMFC) to determine the cluster number inspectral clustering with the Particle Swarm Optimization selecting the optimal number ofclusters from several possible choices.,Evolutionary Computation (CEC); 2016 IEEE Congress on,2016,*
Learning from Non-Stationary Stream Data in Multiobjective Evolutionary Algorithm,Jianyong Sun; Hu Zhang; Aimin Zhou; Qingfu Zhang,Abstract: Evolutionary algorithms (EAs) have been well acknowledged as a promisingparadigm for solving optimisation problems with multiple conflicting objectives in the sensethat they are able to locate a set of diverse approximations of Pareto optimal solutions in asingle run. EAs drive the search for approximated solutions through maintaining a diversepopulation of solutions and by recombining promising solutions selected from thepopulation. Combining machine learning techniques has shown great potentials since theintrinsic structure of the Pareto optimal solutions of an multiobjective optimisation problemcan be learned and used to guide for effective recombination. However; existingmultiobjective EAs (MOEAs) based on structure learning spend too much computationalresources on learning. To address this problem; we propose to use an online learning …,arXiv preprint arXiv:1606.05169,2016,*
Parameter selection for variational pan-sharpening by using evolutionary algorithm,Yang Xiao; Faming Fang; Qian Zhang; Aimin Zhou; Guixu Zhang,Pan-sharpening is a technique that generates a high spatial resolution multi-spectral imagemaking use of both the spectral information contained in a low spatial resolution multi-spectral image and the spatial information contained in a high spatial resolutionpanchromatic image. The pan-sharpening method usually contains some parameters. Theyare usually problem dependent and need to be set properly. In this article; we propose avariational method for pan-sharpening and use an evolutionary algorithm (EA) to choose theoptimal parameters automatically. In our method; two quality measurements are combined toform an optimization objective function of the EA; and the parameters are encoded as anindividual vector in the EA. The optimal parameters are generated by optimizing theobjective function of the EA. The new method is compared with some other variational …,Remote Sensing Letters,2015,*
An estimation of distribution algorithm with cheap and expensive local search,and Q. Zhang A. Zhou; J. Sun,*,IEEE Transactions on Evolutionary Computation,2015,*
An Antinoise Method for Hyperspectral Unmixing,Chunzhi Li; Aimin Zhou; Guixu Zhang; Faming Fang,In this letter; we propose an antinoise method for hyperspectral unmixing. In the antinoisemethod; all noises are addressed. The following techniques are applied: 1) an endmemberdictionary is constructed first to initialize the solution; 2) an approximated L 0 norm constraintis employed to prune the dictionary and fulfill the sparse coding; and 3) the Itakura-Saitodivergence; instead of the Square of Euclidean Distance divergence; is utilized to constructa novel optimization function. The experimental results on both synthetic and realhyperspectral data sets demonstrate the efficacy of the proposed method.,IEEE Geosci. Remote Sensing Lett.,2015,*
A probability model based evolutionary algorithm with priori and posteriori knowledge for multiobjective knapsack problems,Yang Li; Aimin Zhou; Guixu Zhang,Most evolutionary algorithms utilize the posteriori knowledge learned from the runningprocess to guide the search. It is arguable that the priori knowledge about the problems totackle can also play an important role in problem solving. To demonstrate the importance ofboth priori and posteriori knowledge; in this paper; we proposes a decomposition basedestimation of distribution algorithm with priori and posteriori knowledge (MEDA/D-PP) totackle multiobjective knapsack problems (MOKPs). In MEDA/D-PP; an MOKP isdecomposed into a number of single objective subproblems and those subproblems areoptimized simultaneously. A probability model; which incorporates both priori and posterioriknowledge; is built for each subproblem to sample new trail solutions. The proposed methodis applied to a variety of test instances and the experimental results show that the …,Intelligent Control and Automation (WCICA); 2014 11th World Congress on,2014,*
Practical path-based methods for clustering arbitrary shaped data sets,Cong Liu; Aimin Zhou; Qiannan Du; Guixu Zhang,Path-based clustering is a well-known method for extracting arbitrary shaped clusters.However; its high time complexity limits some possible applications. In this paper; wepropose two new algorithms to speed up the original path-based method. A basic methodfocuses on the path-distance calculation. A modified Floyd algorithm is applied to reduce thetime complexity from Θ (n 2 m+ n 3 log n) to Θ (n 3+ nk). An improved method emphasizeslarge scale data sets. A preprocess is used to reduce the number of data points to the path-based algorithm. Moreover; this algorithm can automatic determine the number of clustersby a box clustering. The new approaches are applied to a variety of test data sets witharbitrary shapes and the experimental results show that our method is efficient in dealingwith the given problems.,Natural Computation (ICNC); 2013 Ninth International Conference on,2013,*
Hyperspectral band selection based on evolutionary optimization,Qiannan Du; Aimin Zhou; Cong Liu; Guixu Zhang,A hyperspectral image consists of a series of spectral bands which has brought greatchallenges to image processing and analysis. To alleviate the curse of dimensionality; bandselection is therefore applied to the hyperspectral images. In this paper; a two-step methodis proposed for band selection. In the first step; the band selection is converted to a globaloptimization problem and tackled by evolutionary optimization. To this end; a new fitnessfunction is designed as the optimization objective and a differential evolution (DE) algorithmis employed to optimize the objective and find the optimal bands. In the second step; asimplified optimum idea factor (SOIF) is used for a fine selection. The K-nearest neighbor(KNN) and support vector machine (SVM) classifiers are then used to evaluate the obtainedbands. The experiment on the AVIRIS images demonstrates that our approach is more …,Natural Computation (ICNC); 2013 Ninth International Conference on,2013,*
Parameter evolution for a particle swarm optimization algorithm,Aimin Zhou; Guixu Zhang; Andreas Konstantinidis,Abstract Setting appropriate parameters of an evolutionary algorithm (EA) is challenging inreal world applications. On one hand; the characteristics of a real world problem are usuallyunknown. On the other hand; in different running stages of an EA; the best parameters maybe different. Thus adaptively tuning algorithm parameters online is preferred. In this paper;we propose to use an estimation of distribution algorithm (EDA) to do this for a particleswarm optimization (PSO) algorithm. The major characteristic of our approach is that thereare two evolving processes simultaneously: one for tackling the original problem; and theother for optimizing PSO parameters. For the former evolving process; a set of particles aremaintained; while for the later; a probability distribution model of the PSO parameters ismaintained throughout the run. In the reproduction procedure; the PSO parameters are …,International Symposium on Intelligence Computation and Applications,2010,*
RM-MEDA: A regularity model-based multiobjective estimation of distribution algorithm (vol 12; pg 41; 2008),Qingfu Zhang; Aimin Zhou; Yaochu Jin,*,IEEE TRANSACTIONS ON EVOLUTIONARY COMPUTATION,2008,*
Objective Handling-Prediction-Based Population Re-initialization for Evolutionary Dynamic Multi-objective Optimization,Aimin Zhou; Yaochu Jin; Qingfu Zhang; Bernhard Sendhoff; Edward Tsang,*,Lecture Notes in Computer Science,2007,*
