A survey on representation; composition and application of preferences in database systems,Kostas Stefanidis; Georgia Koutrika; Evaggelia Pitoura,Abstract Preferences have been traditionally studied in philosophy; psychology; andeconomics and applied to decision making problems. Recently; they have attracted theattention of researchers in other fields; such as databases where they capture soft criteria forqueries. Databases bring a whole fresh perspective to the study of preferences; bothcomputational and representational. From a representational perspective; the centralquestion is how we can effectively represent preferences and incorporate them in databasequerying. From a computational perspective; we can look at how we can efficiently processpreferences in the context of database queries. Several approaches have been proposedbut a systematic study of these works is missing. The purpose of this survey is to provide aframework for placing existing works in perspective and highlight critical open challenges …,ACM Trans. Database Syst,2011,140
Adding context to preferences,Kostas Stefanidis; Evaggelia Pitoura; Panos Vassiliadis,To handle the overwhelming amount of information currently available; personalizationsystems allow users to specify the information that interests them through preferences. Mostoften; users have different preferences depending on context. In this paper; we introduce amodel for expressing such contextual preferences. Context is modeled as a set ofmultidimensional attributes. We formulate the context resolution problem as the problem of(a) identifying those preferences that qualify to encompass the context state of a query and(b) selecting the most appropriate among them. We also propose an algorithm for contextresolution that uses a data structure; called the profile tree; that indexes preferences basedon their associated context. Finally; we evaluate our approach from two perspectives:usability and performance.,Data Engineering; 2007. ICDE 2007. IEEE 23rd International Conference on,2007,106
“You May Also Like” Results in Relational Databases,Kostas Stefanidis; Marina Drosou; Evaggelia Pitoura,ABSTRACT In this position paper; we consider extending relational database systems with arecommendation functionality. In particular; we propose that; along with the results of eachquery; the user gets additional recommended results that we call “You May Also Like” orYmal results. We discuss a suite of different approaches to computing Ymal results andexploit one that uses only the database content and the query results. Some preliminaryevaluation results are also provided.,Proc. PersDB; Lyon; France,2009,66
Fast group recommendations by applying user clustering,Eirini Ntoutsi; Kostas Stefanidis; Kjetil Nørvåg; Hans-Peter Kriegel,Abstract Recommendation systems have received significant attention; with most of theproposed methods focusing on personal recommendations. However; there are contexts inwhich the items to be suggested are not intended for a single user but for a group of people.For example; assume a group of friends or a family that is planning to watch a movie or visita restaurant. In this paper; we propose an extensive model for group recommendations thatexploits recommendations for items that similar users to the group members liked in the past.We do not exhaustively search for similar users in the whole user base; but we pre-partitionusers into clusters of similar ones and use the cluster members for recommendations. Weefficiently aggregate the single user recommendations into group recommendations byleveraging the power of a top-k algorithm. We evaluate our approach in a real dataset of …,International Conference on Conceptual Modeling,2012,55
Fast contextual preference scoring of database tuples,Kostas Stefanidis; Evaggelia Pitoura,Abstract To provide users with only relevant data from the huge amount of availableinformation; personalization systems utilize preferences to allow users to express theirinterest on specific pieces of data. Most often; user preferences vary depending on thecircumstances. For instance; when with friends; users may like to watch thrillers; whereas;when with their kids; they may prefer to watch cartoons. Contextual preference systemsaddress this challenge by supporting preferences that depend on the values of contextualattributes such as the surrounding environment; time or location. In this paper; we addressthe problem of finding interesting data items based on contextual preferences that assigninterest scores to pieces of data based on context. To this end; we propose a number of pre-processing steps. Instead of pre-computing scores for all data items under all potential …,Proceedings of the 11th international conference on Extending database technology: Advances in database technology,2008,47
PerK: personalized keyword search in relational databases through preferences,Kostas Stefanidis; Marina Drosou; Evaggelia Pitoura,Abstract Keyword-based search in relational databases allows users to discover relevantinformation without knowing the database schema or using complicated queries. However;such searches may return an overwhelming number of results; often loosely related to theuser intent. In this paper; we propose personalizing keyword database search by utilizinguser preferences. Query results are ranked based on both their relevance to the query andtheir preference degree for the user. To further increase the quality of results; we considertwo new metrics that evaluate the goodness of the result as a set; namely coverage of manyuser interests and content diversity. We present an algorithm for processing preferencequeries that uses the preferential order between keywords to direct the joining of relevanttuples from multiple relations. We then show how to reduce the complexity of this …,Proceedings of the 13th International Conference on Extending Database Technology,2010,46
Preference-aware publish/subscribe delivery with diversity,Marina Drosou; Kostas Stefanidis; Evaggelia Pitoura,Abstract In publish/subscribe systems; users describe their interests via subscriptions andare notified whenever new interesting events become available. Typically; in such systems;all subscriptions are considered equally important. However; due to the abundance ofinformation; users may receive overwhelming amounts of events. In this paper; we proposeusing a ranking mechanism based on user preferences; so that only top-ranked events aredelivered to each user. Since many times top-ranked events are similar to each other; wealso propose increasing the diversity of delivered events. Furthermore; we examine anumber of different delivering policies for forwarding ranked events to users; namely aperiodic; a sliding-window and a history-based one. We have fully implemented ourapproach in SIENA; a popular publish/subscribe middleware system; and report …,Proceedings of the Third ACM International Conference on Distributed Event-Based Systems,2009,42
Entity resolution in the web of data,Vassilis Christophides; Vasilis Efthymiou; Kostas Stefanidis,Abstract In recent years; several knowledge bases have been built to enable large-scaleknowledge sharing; but also an entity-centric Web search; mixing both structured data andtext querying. These knowledge bases offer machine-readable descriptions of real-worldentities; eg; persons; places; published on the Web as Linked Data. However; due to thedifferent information extraction tools and curation policies employed by knowledge bases;multiple; complementary and sometimes conflicting descriptions of the same real-worldentities may be provided. Entity resolution aims to identify different descriptions that refer tothe same entity appearing either within or across knowledge bases. The objective of thisbook is to present the new entity resolution challenges stemming from the openness of theWeb of data in describing entities by an unbounded number of knowledge bases; the …,Synthesis Lectures on the Semantic Web,2015,40
Nearest keyword search in XML documents,Yufei Tao; Stavros Papadopoulos; Cheng Sheng; Kostas Stefanidis,Abstract This paper studies the nearest keyword (NK) problem on XML documents. Ingeneral; the dataset is a tree where each node is associated with one or more keywords.Given a node q and a keyword w; an NK query returns the node that is nearest to q amongall the nodes associated with w. NK search is not only useful as a stand-alone operator butalso as a building brick for important tasks such as XPath query evaluation and keywordsearch. We present an indexing scheme that answers NK queries efficiently; in terms of bothpractical and worst-case performance. The query cost is provably logarithmic to the numberof nodes carrying the query keyword. The proposed scheme occupies space linear to thedataset size; and can be constructed by a fast algorithm. Extensive experimentation confirmsour theoretical findings; and demonstrates the effectiveness of NK retrieval as a primitive …,Proceedings of the 2011 ACM SIGMOD International Conference on Management of data,2011,35
A context-aware preference database system,Kostas Stefanidis; Evaggelia Pitoura; Panos Vassiliadis,Purpose–A context-aware system is a system that uses context to provide relevantinformation or services to its users. While there has been a variety of context middlewareinfrastructures and context-aware applications; little work has been done on integratingcontext into database management systems. The purpose of this paper is to consider apreference database system that supports context-aware queries; that is; queries whoseresults depend on the context at the time of their submission. Design/methodology/approach–The paper proposes using data cubes to store the dependencies between context-dependent preferences and database relations and on-line analytical processingtechniques for processing context-aware queries. This allows for the manipulation of thecaptured context data at various levels of abstraction; for instance; in the case of a context …,International Journal of Pervasive Computing and Communications,2008,34
Context in Databases,Evaggelio Pitoura; Kostas Stefanidis; AB Zaslavsky,*,University of Ioannina; Greece,2004,34
Modeling and storing context-aware preferences,Kostas Stefanidis; Evaggelia Pitoura; Panos Vassiliadis,Abstract Today; the overwhelming volume of information that is available to an increasinglywider spectrum of users creates the need for personalization. In this paper; we consider adatabase system that supports context-aware preference queries; that is; preference querieswhose result depends on the context at the time of their submission. We use data cubes tostore the associations between context-dependent preferences and database relations andOLAP techniques for processing context-aware queries; thus allowing the manipulation ofthe captured context data at different levels of abstractions. To improve query performance;we use an auxiliary data structure; called context tree; which indexes the results ofpreviously computed preference-aware queries based on their associated context. We showhow these cached results can be used to process both exact and approximate context …,Advances in Databases and Information Systems,2006,31
Managing contextual preferences,Kostas Stefanidis; Evaggelia Pitoura; Panos Vassiliadis,Abstract To handle the overwhelming amount of information currently available;personalization systems allow users to specify through preferences which pieces of datainterest them. Most often; users have different preferences depending on context. In thispaper; we introduce a model for expressing such contextual preferences. Context ismodeled using a set of hierarchical attributes; thus allowing context specification at variouslevels of detail. We formulate the context resolution problem as the problem of selectingappropriate preferences based on context for personalizing a query. We also proposealgorithms for context resolution based on data structures that index preferences byexploiting the hierarchical nature of the context attributes. Finally; we evaluate our approachfrom two perspectives: usability and performance. Usability evaluates the overheads …,Information Systems,2011,28
grecs: A group recommendation system based on user clustering,Irene Ntoutsi; Kostas Stefanidis; Kjetil Norvag; Hans-Peter Kriegel,Abstract In this demonstration paper; we present gRecs; a system for grouprecommendations that follows a collaborative strategy. We enhance recommendations withthe notion of support to model the confidence of the recommendations. Moreover; wepropose partitioning users into clusters of similar ones. This way; recommendations for usersare produced with respect to the preferences of their cluster members without extensivelysearching for similar users in the whole user base. Finally; we leverage the power of a top-kalgorithm for locating the top-k group recommendations.,International Conference on Database Systems for Advanced Applications,2012,26
Parallel meta-blocking: Realizing scalable entity resolution over large; heterogeneous data,Vasilis Efthymiou; George Papadakis; George Papastefanatos; Kostas Stefanidis; Themis Palpanas,Entity resolution constitutes a crucial task for many applications; but has an inherentlyquadratic complexity. Typically; it scales to large volumes of data through blocking: similarentities are clustered into blocks so that it suffices to perform comparisons only within eachblock. Meta-blocking further increases efficiency by cleaning the overlapping blocks fromunnecessary comparisons. However; even Meta-blocking can be time-consuming: applyingit to blocks with 7.4 million entities and 2.21011 comparisons takes almost 8 days on amodern high-end server. In this paper; we parallelize Meta-blocking based on MapReduce.We propose a simple strategy that explicitly creates the core concept of Meta-blocking; theblocking graph. We then describe an advanced strategy that creates the blocking graphimplicitly; reducing the overhead of data exchange. We also introduce a load balancing …,Big Data (Big Data); 2015 IEEE International Conference on,2015,21
On designing archiving policies for evolving RDF datasets on the Web,Kostas Stefanidis; Ioannis Chrysakis; Giorgos Flouris,Abstract When dealing with dynamically evolving datasets; users are often interested in thestate of affairs on previous versions of the dataset; and would like to execute queries onsuch previous versions; as well as queries that compare the state of affairs across differentversions. This is especially true for datasets stored in the Web; where the interlinking aspect;combined with the lack of central control; do not allow synchronized evolution of interlinkeddatasets. To address this requirement the obvious solution is to store all previous versions;but this could quickly increase the space requirements; an alternative solution is to storeadequate deltas between versions; which are generally smaller; but this would create theoverhead of generating versions at query time. This paper studies the trade-offs involved inthese approaches; in the context of archiving dynamic RDF datasets over the Web. Our …,International Conference on Conceptual Modeling,2014,21
A flexible framework for understanding the dynamics of evolving RDF datasets,Yannis Roussakis; Ioannis Chrysakis; Kostas Stefanidis; Giorgos Flouris; Yannis Stavrakas,Abstract The dynamic nature of Web data gives rise to a multitude of problems related to thedescription and analysis of the evolution of RDF datasets; which are important to a largenumber of users and domains; such as; the curators of biological information where changesare constant and interrelated. In this paper; we propose a framework that enablesidentifying; analysing and understanding these dynamics. Our approach is flexible enoughto capture the peculiarities and needs of different applications on dynamic data; while beingformally robust due to the satisfaction of the completeness and unambiguity properties. Inaddition; our framework allows the persistent representation of the detected changesbetween versions; in a manner that enables easy and efficient navigation among versions;automated processing and analysis of changes; cross-snapshot queries (spanning …,International Semantic Web Conference,2015,20
Contextual recommendations for groups,Kostas Stefanidis; Nafiseh Shabib; Kjetil Nørvåg; John Krogstie,Abstract Recommendation systems have received significant attention; with most of theproposed methods focusing on recommendations for single users. Recently; there are alsoapproaches aiming at either group or context-aware recommendations. In this paper; weaddress the problem of contextual recommendations for groups. We exploit a hierarchicalcontext model to extend a typical recommendation model to a general context-aware onethat tackles the information needs of a group. We base the computation of contextual grouprecommendations on a subset of preferences of the users that present the most similarbehavior to the group; that is; the users with the most similar preferences to the preferencesof the group members; for a specific context. This subset of preferences includes the oneswith context equal to or more general than the given context.,International Conference on Conceptual Modeling,2012,20
On supporting context-aware preferences in relational database systems,Kostas Stefanidis; Evaggelia Pitoura; Panos Vassiliadis,Abstract. A context-aware system is a system that uses context to provide relevantinformation or services to its users. While there has been a variety of context middlewareinfrastructures and context-aware applications; little work has been done in integratingcontext into database management systems. In this paper; we consider a preference systemthat facilitates context-aware OLAP queries; that is OLAP queries whose result depends onthe context at the time of their submission. We propose using data cubes to store thedependencies between context and database relations and OLAP techniques for themanipulation of context-aware queries.,International Workshop on Managing Context Information in Mobile and Pervasive Environments,2005,20
Contextual Database Preferences.,Evaggelia Pitoura; Kostas Stefanidis; Panos Vassiliadis,Abstract As both the volume of data and the diversity of users accessing them increase; userpreferences offer a useful means towards improving the relevance of the query results to theinformation needs of the specific user posing the query. In this article; we focus onenhancing preferences with context. Context may express conditions on situations externalto the database or related to the data stored in the database. We outline models forexpressing both types of preferences. Then; given a user query and its surrounding context;we consider the problem of selecting related preferences to personalize the query.,IEEE Data Eng. Bull.,2011,16
Entity resolution in the web of data.,Kostas Stefanidis; Vasilis Efthymiou; Melanie Herschel; Vassilis Christophides,Page 1. Entity Resolution in the Web of Data Kostas Stefanidis1; Vasilis Efthymiou1;2; MelanieHerschel3;4; Vassilis Christophides5 kstef@ics.forth.gr; vefthym@ics.forth.gr; melanie.herschel@lri.fr vassilis.christophides@technicolor.com 1FORTH; 2University of Crete; 3Université ParisSud;4Inria Saclay; 5Paris R&I Center; Technicolor Page 2. LOD Cloud and the Web of Data 2Media Government Geographic Publications User-generated Life sciences Cross-domain Page3. LOD Cloud and the Web of Data 3 adapted from Suchanek & Weikum tutorial@SIGMOD 2013Page 4. LOD Cloud and the Web of Data 4 24.9M entities 2.16 Billion triples 50;000 properties40M entities 1.9 Billion triples 10M entities 120M triples adapted from Suchanek & Weikumtutorial@SIGMOD 2013 Page 5. Entities: An Invaluable Asset 5 Monuments “Entities” is whata large part of our knowledge is about Page 6. Entities: An Invaluable Asset …,WWW (Companion Volume),2014,15
On relaxing contextual preference queries,Kostas Stefanidis; Evaggelia Pitoura; Panos Vassiliadis,Personalization systems exploit preferences for providing users with only relevant data fromthe huge volume of information that is currently available. We consider preferences thatdependent on context; such as the location of the user. We model context as a set ofattributes; each taking values from hierarchical domains. Often; the context of the query maybe too specific to match any of the given preferences. In this paper; we consider possibleexpansions of the query context produced by relaxing one or more of its context attributes. Ahierarchical attribute may be relaxed upwards by replacing its value by a more general one;downwards by replacing its value by a set of more specific values or sideways by replacingits value by sibling values in the hierarchy. We present an algorithm based on a prefix-basedrepresentation of context for identifying the preferences whose context matches the …,Mobile Data Management; 2007 International Conference on,2007,14
Parallel meta-blocking for scaling entity resolution over big heterogeneous data,Vasilis Efthymiou; George Papadakis; George Papastefanatos; Kostas Stefanidis; Themis Palpanas,Abstract Entity resolution constitutes a crucial task for many applications; but has aninherently quadratic complexity. In order to enable entity resolution to scale to large volumesof data; blocking is typically employed: it clusters similar entities into (overlapping) blocks sothat it suffices to perform comparisons only within each block. To further increase efficiency;Meta-blocking is being used to clean the overlapping blocks from unnecessarycomparisons; increasing precision by orders of magnitude at a small cost in recall. Despiteits high time efficiency though; using Meta-blocking in practice to solve entity resolutionproblem on very large datasets is still challenging: applying it to 7.4 million entities takes(almost) 8 full days on a modern high-end server. In this paper; we introduce scalablealgorithms for Meta-blocking; exploiting the MapReduce framework. Specifically; we …,Information Systems,2017,13
A framework for modeling; computing and presenting time-aware recommendations,Kostas Stefanidis; Eirini Ntoutsi; Mihalis Petropoulos; Kjetil Nørvåg; Hans-Peter Kriegel,Abstract Lately; recommendation systems have received significant attention. Most existingapproaches though; recommend items of potential interest to users by completely ignoringthe temporal aspects of ratings. In this paper; we argue that time-aware recommendationsneed to be pushed in the foreground. We introduce an extensive model for time-awarerecommendations from two perspectives. From a fresh-based perspective; we propose usingdifferent aging schemes for decreasing the effect of historical ratings and increasing theinfluence of fresh and novel ratings. From a context-based perspective; we focus onproviding different suggestions under different temporal specifications. To facilitate userbrowsing; we propose an effective presentation layer for time-aware recommendationsbased on user preferences and summaries for the suggested items. Our experiments with …,*,2013,12
Strength lies in differences: Diversifying friends for recommendations through subspace clustering,Eirini Ntoutsi; Kostas Stefanidis; Katharina Rausch; Hans-Peter Kriegel,Abstract Nowadays; WWW brings overwhelming variety of choices to consumers.Recommendation systems facilitate the selection by issuing recommendations to them.Recommendations for users; or groups; are determined by considering users similar to theusers in question. Scanning the whole database for locating similar users; though; isexpensive. Existing approaches build cluster models by employing full-dimensionalclustering to find sets of similar users. As the datasets we deal with are high-dimensionaland incomplete; full-dimensional clustering is not the best option. To this end; we explore thefault-tolerant subspace clustering approach. We extend the concept of fault tolerance todensity-based subspace clustering; and to speed up our algorithms; we introduce thesignificance threshold for considering only promising dimensions for subspace extension …,Proceedings of the 23rd ACM International Conference on Conference on Information and Knowledge Management,2014,11
A framework for time-aware recommendations,Kostas Stefanidis; Irene Ntoutsi; Kjetil Nørvåg; Hans-Peter Kriegel,Abstract Recently; recommendation systems have received significant attention. However;most existing approaches focus on recommending items of potential interest to users;without taking into consideration how temporal information influences the recommendations.In this paper; we argue that time-aware recommendations need to be pushed in theforeground. We introduce an extensive model for time-aware recommendations from twoperspectives. From a fresh-based perspective; we propose using a suite of aging schemestowards making recommendations mostly depend on fresh and novel user preferences.From a context-based perspective; we focus on providing different suggestions underdifferent temporal specifications. The proposed strategies are experimentally evaluatedusing real movies ratings.,International Conference on Database and Expert Systems Applications,2012,11
Big Data Entity Resolution: From Highly to Somehow Similar Entity Descriptions in the Web,Vasilis Efthymiou; Kostas Stefanidis; Vassilis Christophides,In the Web of data; entities are described by interlinked data rather than documents on theWeb. In this work; we focus on entity resolution in the Web of data; ie; identifying descriptionsthat refer to the same real-world entity. To reduce the required number of pairwisecomparisons; methods for entity resolution perform blocking as a pre-processing step. Ablocking technique places similar entity descriptions into blocks and executes comparisonsonly between descriptions within the same block. We experimentally evaluate blockingtechniques proposed for the Web of data and present dataset characteristics that determinethe effectiveness and efficiency of such methods. Furthermore; we analyze thecharacteristics of the missed matching entity descriptions and examine different types oflinks that blocking techniques can potentially identify.,2015 IEEE International Conference on Big Data (IEEE BigData 2015),2015,10
Preferential publish/subscribe,Marina Drosou; Evaggelia Pitoura; Kostas Stefanidis,ABSTRACT In publish/subscribe systems; subscribers express their interests in specificevents and get notified about all published events that match their interests. As the amountof information generated increases rapidly; to control the amount of data delivered to users;we propose enhancing publish/subscribe systems with a ranking mechanism; so that onlythe top-ranked matching events are delivered. Ranking is based on letting users expresstheir preferences on events by ordering the associated subscriptions. To avoid the blockingof new notifications by top-ranked old ones; we associate with each notification an expirationtime. We have fully implemented our approach in SIENA; a popular publish/subscribemiddleware system.,Proceeding of the 2nd International Workshop on Personalized Access; Profile Management and Context Awareness: Databases (PersDB 2008); in conjunction with the VLDB 2008 Conference,2008,9
Exploring subspace clustering for recommendations,Katharina Rausch; Eirini Ntoutsi; Kostas Stefanidis; Hans-Peter Kriegel,Abstract Typically; recommendations are computed by considering users similar to the userin question. However; scanning the whole database of users for locating similar users isexpensive. Existing approaches build user profiles by employing full-dimensional clusteringto find sets of similar users. As the datasets we deal with are high-dimensional andincomplete; full-dimensional clustering is not the best option. To this end; we explore thefault tolerance subspace clustering approach that detects clusters of similar users insubspaces of the original feature space and also allows for missing values. Our experimentson real movie datasets show that the diversification of the similar users through subspaceclustering results in better recommendations comparing to traditional collaborative filteringand full dimensional clustering approaches.,Proceedings of the 26th International Conference on Scientific and Statistical Database Management,2014,7
Preference-based query personalization,Georgia Koutrika; Evaggelia Pitoura; Kostas Stefanidis,Abstract In the context of database queries; computational methods for handling preferencescan be broadly divided into two categories. Query personalization methods consider thatuser preferences are provided as a user profile separately from the query and dynamicallydetermine how this profile will affect the query results. On the other hand; preferential queryanswering methods consider that preferences are explicitly expressed within queries. Thefocus of this chapter is on query personalization methods. We will first describe howpreferences can be represented and stored in user profiles. Then; we will discuss howpreferences are selected from a user profile and applied to a query.,*,2013,7
Enabling social search in time through graphs,Kostas Stefanidis; Georgia Koloniari,Abstract Recently; social networks have attracted considerable attention. The huge volumeof information contained in them; as well as their dynamic nature; make the problem ofsearching social data challenging. In this work; we envision the design of a completeframework for social search by exploiting both the underlying social graph and the temporalinformation available in social networks. To encompass the numerous search needs; ourframework includes a time-aware graph and query model. To deploy the proposed querymodel over any social network; we define a logical algebra that provides a set of operatorsrequired for query evaluation; and for supporting a ranking functionality. We conclude bypresenting SQTime; a prototype that implements our framework.,Proceedings of the 5th International Workshop on Web-scale Knowledge Representation Retrieval & Reasoning,2014,6
Representation; composition and application of preferences in databases,Georgia Koutrika; Evaggelia Pitoura; Kostas Stefanidis,This tutorial provides an overview of the key research results in the area of user preferencesfrom a database perspective. The objective is to survey in a systematic and holistic way anumber of approaches for preference representation and composition; querying withpreferences and preference learning. Open research problems are also presented.,Data Engineering (ICDE); 2010 IEEE 26th International Conference on,2010,6
On novelty in publish/subscribe delivery,Dimitris Souravlias; Marina Drosou; Kostas Stefanidis; Evaggelia Pitoura,In publish/subscribe systems; users express their interests in specific items of informationand get notified when relevant data items are produced. Such systems allow users to stayinformed without the need of going through huge amounts of data. However; as the volumeof data being created increases; some form of ranking of matched events is needed to avoidoverwhelming the users. In this work-in-progress paper; we explore novelty as a rankingcriterion. An event is considered novel; if it matches a subscription that has rarely beenmatched in the past.,Data Engineering Workshops (ICDEW); 2010 IEEE 26th International Conference on,2010,6
Benchmarking blocking algorithms for web entities,Vasilis Efthymiou; Kostas Stefanidis; Vassilis Christophides,An increasing number of entities are described by interlinked data rather than documents onthe Web. Entity Resolution (ER) aims to identify descriptions of the same real-world entitywithin one or across knowledge bases in the Web of data. To reduce the required number ofpairwise comparisons among descriptions; ER methods typically perform a pre-processingstep; called blocking; which places similar entity descriptions into blocks and thus onlycompare descriptions within the same block. We experimentally evaluate several blockingmethods proposed for the Web of data using real datasets; whose characteristicssignificantly impact their effectiveness and efficiency. The proposed experimental evaluationframework allows us to better understand the characteristics of the missed matching entitydescriptions and contrast them with ground truth obtained from different kinds of …,IEEE Transactions on Big Data,2016,4
Understanding Ontology Evolution Beyond Deltas.,Georgia Troullinou; Giannis Roussakis; Haridimos Kondylakis; Kostas Stefanidis; Giorgos Flouris,ABSTRACT The dynamic nature of the data on the Web gives rise to a multitude of problemsrelated to the description and analysis of the evolution of such data. Traditional approachesfor identifying and analyzing changes are descriptive; focusing on the provision of a “delta”that describes the changes and often overwhelming the user with loads of information. Here;we take an alternative approach which aims at giving a high-level overview of the changeprocess and at identifying the most important changes in the ontology. For doing so; weconsider different metrics of “change intensity”; taking into account the changes that affectedeach class and its neighborhood; as well as ontological information related to theimportance and connectivity of each class in the different versions. We argue that thisapproach will allow a better understanding of the intent (rather than the actions) of the …,EDBT/ICDT Workshops,2016,4
D2V: A Tool for Defining; Detecting and Visualizing Changes on the Data Web.,Yannis Roussakis; Ioannis Chrysakis; Kostas Stefanidis; Giorgos Flouris,Abstract. The dynamic nature of Web data gives rise to the need of understanding andanalyzing the dynamics of individual datasets. As a matter of fact; the value of a dynamicdataset lies not only in its content; but also in its evolution history; which in someapplications (eg; trend analysis and identification); is more important than the data itself. Inthis paper; we present D2V; a tool that assists users in analyzing and visualizing theevolution history of dynamic RDF datasets. D2V is a flexible and powerful tool for defining;representing; detecting and presenting custom changes between datasets versions. Wetreat changes as first-class citizens; in a way that supports different modes of navigation onthe deltas between any pair of versions; as well as the visualization of the evolution historyof a given dataset. 1,International Semantic Web Conference (Posters & Demos),2015,4
Exploratory Search in Databases and the Web.,Georgia Koutrika; Laks VS Lakshmanan; Mirek Riedewald; Kostas Stefanidis,The traditional way a user interacts with a database system is through queries. Structuredquery languages; such as SQL for relational data; XQuery for XML; and SPARQL for RDFdata; allow users to submit queries that may precisely capture their information needs; butusers need to be familiar with the underlying ontology and data structure and of course thequery language itself. Moreover; users need to some extent be familiar with the content ofthe database and have a clear understanding of their information needs. Theserequirements stand as the weaknesses of this interaction mode. As data stored in databasesgrows in unprecedented rates and becomes accessible to diverse and less technicallyoriented audience; new forms of data exploration and interaction become increasingly moreattractive. The World Wide Web represents the largest and arguably the most complex …,EDBT/ICDT Workshops,2014,4
A framework for grouping and summarizing keyword search results,Orestis Gkorgkas; Kostas Stefanidis; Kjetil Nørvåg,Abstract With the rapid growth of the Web; keyword-based searches become extremelyambiguous. To guide users to identify the results of their interest; in this paper; we consideran alternative way for presenting the results of a keyword search. In particular; we propose aframework for organizing the results into groups that contain results with similar content andrefer to similar temporal characteristics. Moreover; we provide summaries of results as hintsfor query refinement. A summary of a result set is expressed as a set of popular keywords inthe result set. Finally; we report evaluation results of the effectiveness of our approach.,East European Conference on Advances in Databases and Information Systems,2013,4
Social search queries in time,Georgia Koloniari; Kostas Stefanidis,ABSTRACT Recently; social networks have attracted considerable attention. The hugevolume of information contained in them; as well as their dynamic nature; makes theproblem of searching social data challenging. In this position paper; to increase theeffectiveness of social search queries; we propose exploiting the temporal informationavailable in social networks. In particular; we introduce different types of queries aiming atsatisfying information needs from different perspectives. We present a formal graph andquery model augmented with time and outline methods for query processing andtimedependent ranking. Finally; we identify several directions for future work.,In PersDB,2013,4
Finding the right set of users: generalized constraints for group recommendations,Kostas Stefanidis; Evaggelia Pitoura,Abstract: Recently; group recommendations have attracted considerable attention. Ratherthan recommending items to individual users; group recommenders recommend items togroups of users. In this position paper; we introduce the problem of forming an appropriategroup of users to recommend an item when constraints apply to the members of the group.We present a formal model of the problem and an algorithm for its solution. Finally; weidentify several directions for future work.,arXiv preprint arXiv:1302.6580,2013,4
Minoan ER: Progressive Entity Resolution in the Web of Data,Vasilis Efthymiou; Kostas Stefanidis; Vassilis Christophides,Entity resolution aims to identify descriptions of the same entity within or across knowledgebases. In this work; we present the Minoan ER platform for resolving entities described bylinked data in the Web (eg; in RDF). To reduce the required number of comparisons; MinoanER performs blocking to place similar descriptions into blocks and executes comparisons toidentify matches only between descriptions within the same block. Moreover; it explores in apay-as-you-go fashion any intermediate results of matching to obtain similarity evidence ofentity neighbors and discover new candidate description pairs for resolution.,19th International Conference on Extending Database Technology; EDBT 2016,2016,3
Top-k computations in mapreduce: A case study on recommendations,Vasilis Efthymiou; Kostas Stefanidis; Eirini Ntoutsi,Top-k is a well-studied problem in the literature; due to its wide spectrum of applications; likeinformation retrieval; database querying; Web search and data mining. In the big data era;the volume of the data and their velocity; call for efficient parallel solutions that overcome therestricted resources of a single machine. Our motivating application is recommenders; whichtypically deal with big numbers of users and items; but other applications might benefit aswell; like keyword search. In this paper; we propose a parallel top-k MapReduce algorithmthat; unlike existing MapReduce solutions; manages to handle cases in which the k resultsdo not fit in memory.,Big Data (Big Data); 2015 IEEE International Conference on,2015,3
A flexible framework for defining; representing and detecting changes on the data web,Yannis Roussakis; Ioannis Chrysakis; Kostas Stefanidis; Giorgos Flouris; Yannis Stavrakas,Abstract: The dynamic nature of Web data gives rise to a multitude of problems related to theidentification; computation and management of the evolving versions and the relatedchanges. In this paper; we consider the problem of change recognition in RDF datasets; ie;the problem of identifying; and when possible give semantics to; the changes that led fromone version of an RDF dataset to another. Despite our RDF focus; our approach issufficiently general to engulf different data models that can be encoded in RDF; such asrelational or multi-dimensional. In fact; we propose a flexible; extendible and data-model-independent methodology of defining changes that can capture the peculiarities and needsof different data models and applications; while being formally robust due to the satisfactionof the properties of completeness and unambiguity. Further; we propose an ontology of …,arXiv preprint arXiv:1501.02652,2015,3
Report on the first international workshop on exploratory search in databases and the web (exploredb 2014),Georgia Koutrika; Laks VS Lakshmanan; Mirek Riedewald; Kostas Stefanidis,Databases are well-organized collections of data. Structured query languages; such as SQL;XQuery; and SPARQL; enable users to formulate precise queries over the data stored in adatabase. To be successful; users need to be familiar with the query language and theunderlying data organization. They also need to understand; to some extent; the data stored;and have a fairly clear idea of what they are looking for. In contrast; the World Wide Webrepresents the largest and arguably the most complex repository of content; where theabove assumptions do not hold. Structured and unstructured data; files and records;multimedia and text; scientific and usergenerated data co-exist peacefully on the Web. Free-text queries provide an easy way for users to express their information seeking needswithout having to worry about the underlying data organization. Search engines typically …,ACM SIGMOD Record,2014,3
Report on the second international workshop on exploratory search in databases and the web (exploredb 2015),Georgia Koutrika; Laks VS Lakshmanan; Mirek Riedewald; Mohamed A Sharaf; Kostas Stefanidis,To make Big Data that is growing in both size and diversity widely accessible; datamanagement and analysis systems have to provide appropriate exploration services. Ananalysis might include structured (relations; tables); semi-structured (XML); and“unstructured”(text) data; linked together through relationships encoded as a graph. Some ofthe data can be precise; others might be probabilistic [15]; eg; due to measurement error orbecause it was generated by a statistical model. At the same time; the community of potentialusers is becoming more diverse as well; ranging from database experts and domainscientists to citizen scientists. These users need system services that help them understandthe data and enable them to find relevant information; even if they do not completelycomprehend the content and relationships in a complex data collection. This broad goal …,ACM SIGMOD Record,2016,2
SQTime: Time-enhanced Social Search Querying,Panagiotis Lionakis; Kostas Stefanidis; Georgia Koloniari,Abstract In this paper; we present SQTime; a system for social search queries that exploittemporal information available in social networks. Specifically; SQTime introduces differenttypes of queries aiming at satisfying information needs from different perspectives. SQTimeis built upon a social graph and query model both augmented with time; and developsmethods for query processing and time-dependent ranking.,International Conference on Conceptual Modeling,2014,2
Approximate contextual preference scoring in digital libraries,Kostas Stefanidis; Evaggelia Pitoura,Abstract The increasing availability of a wide variety of digital libraries provides aheterogeneous population of users with access to a heterogeneous collection of data. Tohelp users find interesting items from this huge volume of available information;personalization systems allow users to directly or indirectly indicate preferences. Suchpreferences may depend on context; for instance; on the device used to access information.In this paper; we consider a preference model that allows users to assign interest scores topieces of data based on context. We address the problem of locating interesting data itemsefficiently by exploiting some form of precomputation. To this end; instead of computingscores for all data items in all potential context states; we exploit the hierarchical nature ofcontext attributes to identify representative context states and compute scores for them …,Proc. of Workshop on Personalized Access; Profile Management; and Context Awareness in Digital Libraries (PersDL),2007,2
Multi-aspect Entity-centric Analysis of Big Social Media Archives,Pavlos Fafalios; Vasileios Iosifidis; Kostas Stefanidis; Eirini Ntoutsi,Abstract Social media archives serve as important historical information sources; and thusmeaningful analysis and exploration methods are of immense value for historians;sociologists and other interested parties. In this paper; we propose an entity-centricapproach to analyze social media archives and we define measures that allow studying howentities are reflected in social media in different time periods and under different aspects(like popularity; attitude; controversiality; and connectedness with other entities). A casestudy using a large Twitter archive of 4 years illustrates the insights that can be gained bysuch an entity-centric multi-aspect analysis.,International Conference on Theory and Practice of Digital Libraries,2017,1
Fairness in Group Recommendations in the Health Domain,Maria Stratigi; Haridimos Kondylakis; Kostas Stefanidis,During the last decade; the number of users who look for health-related information hasimpressively increased. On the other hand; health professionals have less and less time torecommend useful sources of such information online to their patients. To this direction; wetarget at streamlining the process of providing useful online information to patients by theircaregivers and improving as such the opportunities that patients have to inform themselvesonline about diseases and possible treatments. Using our system; relevant and high qualityinformation is delivered to patients based on their profile; as represented in their personalhealthcare record data; facilitating an easy interaction by minimizing the necessary manualeffort. Specifically; in this paper; we propose a model for group recommendations followingthe collaborative filtering approach. Since in collaborative filtering is crucial to identify the …,Data Engineering (ICDE); 2017 IEEE 33rd International Conference on,2017,1
Web-scale Blocking; Iterative and Progressive Entity Resolution,Kostas Stefanidis; Vassilis Christophides; Vasilis Efthymiou,Entity resolution aims to identify descriptions of the same entity within or across knowledgebases. In this work; we provide a comprehensive and cohesive overview of the key researchresults in the area of entity resolution. We are interested in frameworks addressing the newchallenges in entity resolution posed by the Web of data in which real world entities aredescribed by interlinked data rather than documents. Since such descriptions are usuallypartial; overlapping and sometimes evolving; entity resolution emerges as a central problemboth to increase dataset linking; but also to search the Web of data for entities and theirrelations. We focus on Web-scale blocking; iterative and progressive solutions for entityresolution. Specifically; to reduce the required number of comparisons; blocking isperformed to place similar descriptions into blocks and executes comparisons to identify …,Data Engineering (ICDE); 2017 IEEE 33rd International Conference on,2017,1
Versioning for Linked Data: Archiving Systems and Benchmarks.,Vassilis Papakonstantinou; Giorgos Flouris; Irini Fundulaki; Kostas Stefanidis; Giannis Roussakis,Abstract. As LOD datasets are constantly evolving; both at schema and instance level; thereis a need for systems that support e ciently storing and querying such evolving data. The aimof this paper is to describe the way that such RDF archiving systems could be evaluated bypresenting the different benchmarks in the literature; as long as the stateof-the-art archivingsystems that currently exist. In addition; the weak points of such benchmarks are mentioned;and a blueprint is provided on how we are willing to deal with them.,BLINK@ ISWC,2016,1
A flexible framework for understanding the dynamics of evolving RDF sdatasets: Extended version,Yannis Roussakis; Ioannis Chrysakis; Kostas Stefanidis; Giorgos Flouris; Yannis Stavrakas,Abstract. The dynamic nature of Web data gives rise to a multitude of problems related to thedescription and analysis of the evolution of RDF datasets; which are important to a largenumber of users and domains; such as; the curators of biological information where changesare constant and interrelated. In this paper; we propose a framework that enablesidentifying; analysing and understanding these dynamics. Our approach is flexible enoughto capture the peculiarities and needs of different applications on dynamic data; while beingformally robust due to the satisfaction of the completeness and unambiguity properties. Inaddition; our framework allows the persistent representation of the detected changesbetween versions; in a manner that enables easy and efficient navigation among versions;automated processing and analysis of changes; cross-snapshot queries (spanning …,*,2015,1
Keyword Search on RDF Graphs: It is more than just searching for keywords,Kostas Stefanidis; Irini Fundulaki,Abstract In this paper; we propose a model for enabling users to search RDF data viakeywords; thus; allowing them to discover relevant information without using complicatedqueries or knowing the underlying ontology or vocabulary. We aim at exploiting thecharacteristics of the RDF data to increase the quality of the ranked query results. Weconsider different dimensions for evaluating the value of results and achieving relevance;personalization and diversity.,International Semantic Web Conference,2015,1
Context-aware distance semantics for inconsistent database systems,Anna Zamansky; Ofer Arieli; Kostas Stefanidis,Abstract Many approaches for consistency restoration in database systems have to deal withthe problem of an exponential blowup in the number of possible repairs. For this reason;recent approaches advocate more flexible and fine grained policies based on the reasoner'spreference. In this paper we take a further step towards more personalized inconsistencymanagement by incorporating ideas from context-aware systems. The outcome is a generaldistance-based approach to inconsistency maintenance in database systems; controlled bycontext-aware considerations.,International Conference on Information Processing and Management of Uncertainty in Knowledge-Based Systems,2014,1
gRecs: exploiting the power of data mining techniques for efficient computation of group recommendations,Kostas Stefanidis; K Norvag,*,ERCIM News,2013,1
Related Work on Context-Aware Systems,Kostas Stefanidis; Evaggelia Pitoura,Schilit [1] notes that three important aspects of context are: where you are; who you are with;and what resources are nearby. Context encompasses more than just the user's location;because other things of interest are also mobile and changing. Context includes lighting;noise level; network connectivity; communication costs; communication bandwidth; andeven the social situation; eg; whether you are with your manager or with a co-worker.Context has been tied to ubiquitous computing; although the term has had several meaningsthat differ subtly. One challenge of mobile distributed computing is to exploit the changingenvironment with a new class of applications that are aware of the context in which they arerun. Such context-aware software adapts according to the location of use; the collection ofnearby people; hosts; and accessible devices; as well as to changes to such things over …,*,2004,1
Simplifying Entity Resolution on Web Data with Schema-agnostic; Non-iterative Matching,Vasilis Efthymiou; George Papadakis; Kostas Stefanidis; Vassilis Christophides,Entity Resolution (ER) aims to identify different descriptions in various Knowledge Bases(KBs) that refer to the same entity. ER is challenged by the Variety; Volume and Veracity ofdescriptions published in the Web of Data. To address them; we propose the MinoanERframework that fulfills full automation and support of highly heterogeneous entities.MinoanER leverages a token-based similarity of entities to define a new metric that derivesthe similarity of neighboring entities from the most important relations; indicated only bystatistics. For high efficiency; similarities are computed from a set of schema-agnostic blocksand processed in a non-iterative way that involves four threshold-free heuristics. Wedemonstrate that the effectiveness of MinoanER is comparable to existing ER tools over realKBs exhibiting low heterogeneity in terms of entity types and content. Yet; MinoanER …,34th IEEE International Conference on Data (ICDE),2018,*
WeBrowse: Leveraging User Clicks for Content Discovery in Communities of a Place,Giuseppe Scavo; Zied Ben Houidi; Stefano Traverso; Renata Teixeira; Marco Mellia; Murray Goulden; Peter Tolmie; Richard Mortier; Tom Lodge; Anna-Kaisa Pietilainen; Renata Teixeira; Marina Lucena; Francesco Bronzino; Renata Teixeira; Diego Da Hora; Renata Teixeira; Karel Van Doorselaer; Zeinab Hmedeh; Harry Kourdounakis; Vassilis Christophides; Cédric Du Mouza; Michel Scholl; Nicolas Travers; Floris Geerts; Thomas Unger; Grigoris Karvounarakis; Irini Fundulaki; Vassilis Christophides; Diego Neves da Hora; Renata Teixeira; Karel Van Doorselaer; Koen Van Oost,Découvrez celles et ceux qui sont honorés cette année pour leurs contributions majeuresaux sciences du numérique; au déploiement d'innovations riches de promesses pour notresociété ainsi qu'au bon fonctionnement de l'institut. Les lauréats 2017 des cinq prix Inriaétaient à l'honneur le 7 novembre 2017; lors de l'événement consacré aux 50 ans d'Inria auCENTQUATRE.,Proceedings of the ACM on Human-Computer Interaction,2017,*
On Achieving Diversity in Recommender Systems,Marialena Kyriakidi; Kostas Stefanidis; Yannis Ioannidis,Abstract Throughout our digital lives; we are getting recommendations for about almosteverything we do; buy or consume. In that way; the field of recommender systems has beenevolving vastly to match the increasing user needs accordingly. News; products; ideas andpeople are only a few of the things that we can be recommended with daily. However; evenwith the many years of research; several areas still remain unexplored. The focus of thispaper revolves around such an area; namely on how to achieve diversity in single-user andgroup recommendations. Specifically; we decouple diversity from strictly revolving arounditems; and consider it as an orthogonal dimension that can be incorporated independently atdifferent times in the recommender's workflow. We consider various definitions of diversity;taking into account either data items or users characteristics; and study how to cope with …,Proceedings of the ExploreDB'17,2017,*
Web-Scale Blocking; Iterative and Progressive Entity Resolution,Vassilis Christophides; Kostas Stefanidis,*,2017 IEEE 33rd International Conference on Data Engineering (ICDE),2017,*
On Recommending Evolution Measures: A Human-aware Approach,Kostas Stefanidis; Haridimos Kondylakis; Georgia Troullinou,As knowledge bases are constantly evolving; there is a clear need for monitoring andanalyzing the changes that occur on them. Traditional approaches for studying the evolutionof data focus on providing humans with deltas that include loads of information. In this work;we envision a processing model that recommends evolution measures taking into accountparticular challenges; such as relatedness; transparency; diversity; fairness and anonymity.We target at supporting humans with complementary measures that offer high-leveloverviews of the changes to help them understand how data of interest evolves.,Data Engineering (ICDE); 2017 IEEE 33rd International Conference on,2017,*
Social Search and Querying,Georgia Koloniari; Panagiotis Lionakis; Kostas Stefanidis,Due to the increasing popularity of social networks and the vast amount of information inthem; recently there have been many efforts in enhancing web search based on social data.Specifically; social networks contain different types of data; namely data about the network;ie; data for which users visit the network; data about the users and their social connections;and data about the social activities users perform. The richness of data that social networksknow about users comes through the rich information users voluntarily provide that reflectstheir interests. Therefore; an effective and efficient way to query social data is essential forsatisfying the users search needs. This has lead to the emergence of social search andquerying that utilizes the underlying graph structure and the content of a social network toprovide both more personalized and expressive search features for the users. The way in …,*,2017,*
Blocking for Entity Resolution in the Web of Data: Challenges and Algorithms,Kostas Stefanidis,Abstract In the Web of data; entities are described by interlinked data rather than documentson the Web. In this talk; we focus on entity resolution in the Web of data; ie; on the problem ofidentifying descriptions that refer to the same real-world entity within one or acrossknowledge bases in the Web of data. To reduce the required number of pairwisecomparisons among descriptions; methods for entity resolution typically perform apreprocessing step; called blocking; which places similar entity descriptions into blocks andexecutes comparisons only between descriptions within the same block. The objective ofthis talk is to present challenges and algorithms for blocking for entity resolution; stemmingfrom the Web openness in describing; by an unbounded number of KBs; a multitude of entitytypes across domains; as well as the high heterogeneity (semantic and structural) of …,*,2017,*
Group Recommendations in MapReduce,Vasilis Efthymiou; Petros Zervoudakis; Kostas Stefanidis; Dimitris Plexousakis,Abstract Recommender systems have received significant attention; with most of theproposed methods focusing on recommendations for single users. However; there arecontexts in which the items to be suggested are not intended for a user but for a group ofpeople. For example; assume a group of friends or a family that is planning to watch a movieor visit a restaurant. In this paper; we propose an extensive model for grouprecommendations that exploits recommendations for items that similar users to the groupmembers liked in the past. We follow two different approaches for offering recommendationsto the members of a group: considering the members of a group as a single user; andrecommending to this user items that similar users liked; or estimating first how much eachgroup member would like an item; and then; recommend the items that would (dis) satisfy …,*,2017,*
Report on the Third International Workshop on Exploratory Search in Databases and the Web (ExploreDB 2016),Senjuti Basu Roy; Kostas Stefanidis; Georgia Koutrika; Laks VS Lakshmanan; Mirek Riedewald,The traditional way of interaction between a user and a database system is through queries;for which the correctness and completeness of their answers are key challenges. Structuredquery languages; such as SQL; XQuery; and SPARQL; allow users to submit queries thatmay precisely identify their information needs; but often require users to be familiar with thestructure of data; the content of the database; and also have a clear understanding of theirneeds. As databases get larger and accessible to a more diverse audience; new forms ofdata exploration and interaction become increasingly more attractive to aid users navigatethrough the information space and overcome the challenges of information overload [6; 5].The Web represents the largest and most complex repository of content. Users seekinformation through two predominant modes: by browsing or by searching. In the first …,ACM SIGMOD Record,2016,*
Recommendations beyond the ratings matrix,Eirini Ntoutsi; Kostas Stefanidis,Abstract Recommender systems have become indispensable for several Web sites; such asAmazon; Netflix and Google News; helping users navigate through the abundance ofavailable choices. Although the field has advanced impressively in the last years withrespect to models; usage of heterogeneous information; such as ratings and text reviews;and recommendations for modern applications beyond purchases; almost all of theapproaches rely on the data that exist within the recommender and on user explicit input. Ina rapidly connected world; though; information is not isolated and does not necessarily lie inthe database of a single recommender. Rather; Web offers tremendous amount ofinformation on almost everything; from items to users and their tendency to certain items; butalso information on general trends and demographics. We envision an out-of-the-box …,Proceedings of the Workshop on Data-Driven Innovation on the Web,2016,*
D2V–Understanding the Dynamics of Evolving Data: A Case Study in the Life Sciences,Kostas Stefanidis; Giorgos Flouris; Ioannis Chrysakis; Yannis Roussakis,To address the problem of managing evolving datasets and understanding their evolution;we have developed D2V [L1]; a research prototype designed for studying the dynamics ofweb data and the associated Linked Open Data (LOD). Specifically; D2V is able to detectand analyse changes and the evolution history of LOD datasets; thereby allowing remoteusers of a dataset to identify changes; even if they have no access to the actual changeprocess. Interestingly; it also empowers users to perform sophisticated analysis on theevolution data; so as to understand how datasets (or parts of them) evolve; and how thisevolution is related to the data itself. For instance; one may be interested in specific types ofevolution; eg; classes becoming obsolete; or in the evolution of a specific entity (eg; aspecific disease or genome). Our tool aims to become a critical addition to the arsenal of …,ERCIM NEWS,2016,*
Proceedings of the 19th International Conference on Extending Database Technology; EDBT,Evaggelia Pitoura; Sofian Maabout; Koutrika Georgia; Amélie Marian; Tanca Letizia; Ioana Manolescu; Kostas Stefanidis,Toggle navigation. HAL: HAL; HALSHS; TEL; MédiHAL; Liste des portails; AURéHAL; API;Documentation. Episciences.org; Sciencesconf.org; Support. Connexion: Connexion; Créerun compte; Mot de passe oublié ? Login oublié ? fr; en. Accueil; Dépôt; Consultation: Lesderniers dépôts; Par type de publication; Par discipline; Par année de publication; Parstructure de recherche; Les portails de l'archive; Les collections. Recherche; Documentation:Tutoriels; Compte et profil: Pourquoi créer un compte et un profil dans HAL; Créer son compteet son profil dans HAL; Modifier son compte ou son profil dans HAL; Modifier son mot depasse; Login ou mot de passe oublié; Les droits associés au profil. Déposer: Avant decommencer; Les types de publication acceptés …,*,2016,*
Preferences in Databases,Kostas Stefanidis,Page 1. + Kostas Stefanidis kostas.stefanidis@uta.fi Autumn 2016 http://www.uta.fi/sis/tie/dbir/index.html http://people.uta.fi/~kostas.stefanidis/dbir16/dbir16-main.html Databases andInformation Retrieval Integration TIETS42 Preferences in Databases Page 2. IntroductionPreferences guide human decisions eg; “which ice-cream flavor to buy?” eg; “which investmentfunds to choose?” Preferences have been studied in philosophy; psychology; economics; etceg; in philosophy: reasoning on values; desires; duties TODAY's topic: Preferences in Databases2 Page 3. Introduction Why considering preferences in databases? What are the challenges?What next? What has been done so far? 3 Page 4. Why Preferences in Databases? Empty-answerproblem Too-many-answers problem The Boolean database answer model: all or nothing!Databases on the Web: 7;500TB (19TB is the surface Web) …,*,2016,*
Cluster-based Contextual Recommendations.,Kostas Stefanidis; Eirini Ntoutsi,ABSTRACT In this work; we address the problem of contextual recommendations byexploiting the concept of fault-tolerant subspace clustering. Specifically; we pre-partitionusers that have similarly rated subsets of data items into clusters and associate with eachcluster a context situation. Context is defined as any internally stored information that can beused to characterize the data per se. Then; given a query context; we identify the clusterswith the most similar context; and use their members for making suggestions in acollaborative filtering manner.,EDBT,2016,*
NaviSoc: A Socially Enhanced Real-time Navigator,Nikolaos Louloudakis; Vasileios Theodosiadis; Haridimos Kondylakis; Kostas Stefanidis,As the usage of social networks becomes more and more ubiquitous and people commutemore often today; social streams have become a valuable source for many kinds ofapplications. For example; the various social streams could be exploited for choosing theoptimal path (eg; The shortest and/or the fastest) to reach a desired destination. To thisdirection; we present a novel navigation system; called NaviSoc. NaviSoc is a location-based; context-aware recommendation system proposing dynamically and in real-time; thebest route according to the user's context (eg; Preferences and budget). The system takesadvantage of social streams in order to identify unprecedented (eg; Traffic jam; protest) orsocial events occurring in a specific place. Then; using this knowledge; the systemdynamically readjusts the proposed navigation path. An initial evaluation; performed on …,Data Mining Workshop (ICDMW); 2014 IEEE International Conference on,2014,*
Inconsistency management based on relevance degrees,Anna Zamansky1 Ofer Arieli; Kostas Stefanidis,Inconsistency handling in constrained databases is a primary issue in the context ofconsistent query answering; data integration; and data exchange. The standard approachesto this issue are usually based on the principle of minimal change; aspiring to achieveconsistency via a minimal amount of data modifications (see; eg;[2; 6; 7]). A key question inthis respect is how to choose among the different possibilities of restoring the consistency of('repairing') a database. Earlier approaches to inconsistency management were based onthe assumption that there should be some fixed; pre-determined way of repairing adatabase. Recently; there has been a paradigm shift towards user-controlled inconsistencymanagement policies. Works taking this approach provide a possibility for the user toexpress some preference over all possible database repairs; preferring certain repairs to …,bstracts,2014,*
DB & IR Integration (ΗΥ562) Preferences in Databases,Kostas Stefanidis,*,*,2013,*
Nearest Keyword Search in XML Documents,Yufei Tao Stavros Papadopoulos Cheng Sheng; Kostas Stefanidis,ABSTRACT This paper studies the nearest keyword (NK) problem on XML documents. Ingeneral; the dataset is a tree where each node is associated with one or more keywords.Given a node q and a keyword w; an NK query returns the node that is nearest to q amongall the nodes associated with w. NK search is not only useful as a standalone operator butalso as a building brick for important tasks such as XPath query evaluation and keywordsearch. We present an indexing scheme that answers NK queries efficiently; in terms of bothpractical and worst-case performance. The query cost is provably logarithmic to the numberof nodes carrying the query keyword. The proposed scheme occupies space linear to thedataset size; and can be constructed by a fast algorithm. Extensive experimentation confirmsour theoretical findings; and demonstrates the effectiveness of NK retrieval as a primitive …,*,2011,*
A Survey of Peer-to-Peer Systems,Kostas Stefanidis,Abstract Peer-to-Peer systems have become; in a short period of time; one of the fastestgrowing and most popular applications. The decentralized and distributed nature of p2psystems leads to living aside the client-server model. In p2p model each node takes both theroles of client and server. As a client; it can query and download its wanted data files fromother nodes and as a server; it can provide data files to other nodes. Two main objectives inp2p systems are data location and search for interesting data. In order to present thesetopics; we survey various structured and unstructured p2p systems. We also study content-based p2p systems that are systems with clusters of nodes; according to the content of theirdata files. We point replication strategies and techniques and we show how range queriesare performed.,Department of Computer Science; University of Ioannina; Greece,2009,*
A context aware preference database system,P Vassiliadis; K Stefanidis; E Pitoura,Skip navigation …,*,2007,*
Preference Queries in Context: An Overview,Kostas Stefanidis; Evaggelia Pitoura; Panos Vassiliadis,ABSTRACT To handle the overwhelming amount of information currently available;personalization systems allow users to specify the information that interests them throughpreferences. In general; users may have different preferences depending on context; forinstance; on the current weather; time or location. In this paper; we define a model forexpressing contextual preferences. We model context as an ordered set of multidimensionalattributes. Then; user preferences can be specified as functions over these context attributes.We formulate the problem of identifying the preferences that are most relevant to a queryand present an algorithm that locates them. We also introduce index structures that exploitcontextual information for (a) storing preferences and (b) caching the results of queriesbased on their context.,Hellenic Data Management Symposium (HDMS),2006,*
Schema-agnostic Blocking for Entity Resolution over Noisy Heterogeneous Data,Tiago Brasileiro Araújo; Carlos Eduardo Santos Pires; Demetrio Gomes; Thiago Pereira da Nóbrega Mestre; Dimas Cassimiro do Nascimento; Kostas Stefanidis,Abstract. The increasing use of Web systems (eg; digital libraries; social networks; and e-commerce) has become a valuable source of semistructured data. In this context; the EntityResolution task emerges as a fundamental step to integrate multiple knowledge bases oridentify similarities between the data (ie; entities). Usually; blocking techniques are widelyapplied as the initial step of Entity Resolution approaches in order to avoid computing thecomparisons between all pairs of entities (quadratic cost). In practice; heterogeneous andnoisy data increase the difficulties faced by blocking techniques. To address thesechallenges; we proposed the NA-BLOCKER technique; which is capable of tolerating noisydata to extract information regarding the schema and generate high-quality blocks (ie;blocks that contain only entities with high chances of being considered correspondents) …,*,*,*
FairGRecs: Fair Group Recommendations by Exploiting Personal Health Information,Maria Stratigi; Haridimos Kondylakis; Kostas Stefanidis,Abstract. Nowadays; the number of people who search for information related to health hassignificantly increased; while the time of health professionals for recommending onlineuseful sources of information has been reduced to a great extend. FairGRecs aims to offervaluable information to users; in the form of suggestions; via their caregivers; and improveas such the opportunities that users have to inform themselves online about health problemsand possible treatments. Specifically; we propose a model for group recommendationsincorporating the notion of fairness; following the collaborative filtering approach. Forcomputing similarities between users; we define a novel measure that is based on thesemantic distance between users' health problems. Our special focus is on providingvaluable suggestions to a caregiver who is responsible for a group of users. We interpret …,*,*,*
SPBv: Benchmarking Linked Data Archiving Systems,Vassilis Papakonstantinou; Giorgos Flouris; Irini Fundulaki; Kostas Stefanidis; Giannis Roussakis,Abstract. As Linked Open Data (LOD) datasets are constantly evolving; both at schema andinstance level; there is a need for systems that efficiently support storing and querying ofsuch evolving data. However; there is a limited number of such systems and even fewerbenchmarks that test their performance. In this paper; we describe in detail the first version ofthe SPBv benchmark developed in the context of the HOBBIT EU H2020 project. SPBv aimsto test the ability of archiving systems to efficiently manage evolving Linked Data datasetsand queries evaluated across multiple versions of these datasets. We discuss thebenchmark data generator and the query workload; and we describe a set of experimentswe conducted with Virtuoso and R43ples systems.,*,*,*
Social-based Collaborative Filtering,Kostas Stefanidis; Eirini Ntoutsi; Haridimos Kondylakis; Yannis Velegrakis; Collaborative Filtering Using Social Data,Collaborative filtering is a special category of recommender systems that generaterecommendations to the users about certain items; eg; products or services; by relying onpreferences of similar users. Social-based collaborative filtering exploits the vast amount ofdata generated in the social networks to improve the quality of recommendations. Such dataare utilized for different purposes; eg; to deal with traditional recommendation problems;such as the cold start problem; which is caused due to lack of user-related data in therecommender; to derive a better quality user neighborhood by integrating user-relatedinformation from the social networks and to enrich the recommendations by capturingdifferent aspects of the users as they are manifested through the content they share and theirinteractions in the social networks.,*,*,*
EU Project No: 601043 (Integrated Project (IP)) DIACHRON,Christoph Lange; Natalja Friesen; Santiago Londoño; Ioannis Chrysakis; Kostas Stefanidis; Giorgos Flouris,Dissemination level: Public Type of Document: Report Contractual date of delivery: M16 ActualDate of Delivery: Deliverable Number: D5.2 Deliverable Name: Software prototype of thecrawling; ranking and appraisal services Deliverable Leader: UBONN Work package(s): WP5Status & version: 1.0 Number of pages: 50 WP contributing to the deliverable: WP5 WP / Taskresponsible: T5.2; T5.3 Coordinator (name / contact): Jeremy Debattista /jeremy.debattista@iais-extern.fraunhofer.de (UBONN) Other Contributors: Christoph Lange;Natalja Friesen; and Santiago Londoño (UBONN); Ioannis Chrysakis; Kostas Stefanidis; andGiorgos Flouris (FORTH) EC Project Officer: Federico Milani Keywords: data qualityframework; quality metadata; quality metrics; dataset ranking; dataset crawling Abstract: Thereport describes the Data Quality Framework required to analyse and assess datasets for …,*,*,*
EU Project No: 601043 (Integrated Project (IP)) DIACHRON,Kostas Stefanidis; Christos Pateritsas; Natalja Friesen; Christoph Lange; Ruslan Kovalov; Ahsan Iqbal,This is a technical deliverable; in which we provide documentation regarding the finalversion of the implementation of the DIACHRON services of WP3. In addition; we provide thefinal version of the specifications of these services; with emphasis on any differences withrespect to what was reported in Deliverables D3. 1 [5] and D3. 2 [6]. Figure 1 shows(enclosed in yellow) the components described in this deliverable; and their interactionswithin the context of the entire DIACHRON platform. The corresponding services of eachcomponent have already been implemented and we have uploaded the source code in theproject's github account for internal use by the partners (https://github. com/diachron). Allservices will be formally deployed as part of the final integrated DIACHRON environment inDeliverable D6. 5 in M30. In the following; we describe the new back-end implementation …,*,*,*
Information Hunting: The Many Faces of Recommendations for Data Exploration,Kostas Stefanidis; Eirini Ntoutsi; Haridimos Kondylakis,With the growing complexity of the Web; users often find themselves overwhelmed by themass of choices available. For example; shopping for DVDs or clothes online becomes moreand more difficult; as the variety of offers increases rapidly and gets unmanageable. Tofacilitate users in their selection process; recommender systems provide suggestions ofpotential interest on items. In particular; recommender systems aim at givingrecommendations to users by estimating their item preferences and recommending thoseitems featuring the maximal predicted preference. The prerequisite for determining suchrecommendations is information on the users' interests; eg; the users' purchasehistory.Recently; big data poses several new challenges for computing recommendations;such as the need for quick understanding and consuming data; as well as the need for …,*,*,*
EU Project No: 601043 (Integrated Project (IP)) DIACHRON,Michalis Chortis; Kostas Stefanidis; Christos Pateritsas; Natalja Friesen; Christoph Lange,Work package (s): WP3 Status & version: Final version 1.0 Number of pages: 91 WPcontributing to the deliverable: WP3 WP/Task responsible: WP3: T3. 1; T3. 2; T3. 3Coordinator (name/contact): Giorgos Flouris (fgeo@ ics. forth. gr) Other Contributors: YannisRoussakis (FORTH); Ioannis Chrysakis (FORTH); Michalis Chortis (FORTH); KostasStefanidis (FORTH); Christos Pateritsas (ATHENA); Theodora Galani (ATHENA); NataljaFriesen (UBONN); Christoph Lange (UBONN) EC Project Officer: Federico Milani,*,*,*
gRecs: A collaborative filtering framework for group recommendations,Eirini Ntoutsi; Kostas Stefanidis; Kjetil Nørvåg; Hans-Peter Kriegel,Page 1. gRecs: A collaborative filtering framework for group recommendations Eirini Ntoutsi1;Kostas Stefanidis2; Kjetil Norvag2; Hans-Peter Kriegel1 Department of Computer and InformationScience; Norwegian Uni. of Science and Technology (NTNU) ;Trondheim; Norway Institute forInformatics; Ludwig- Maximilians-Universität (LMU) München; Germany 1 2 The 36th AnnualConference of the German Classification Society on Data Analysis; Machine Learning andKnowledge Discovery; 1-3 August 2012; Hildesheim Page 2. Department of Computer andInformation Science; Norwegian University of Science and Technology; Trondheim; NorwayInstitute for Informatics; Ludwig- Maximilians-Universität (LMU) München; Germany Outline ∎Introduction ∎ Personal recommendations ∎ Group recommendations framework ∎ Grouprecommendations computation ∎ Experiments ∎ Conclusions & Outlook 2 Page 3 …,*,*,*
Preference-Driven Keyword Search in Relational Databases,Kostas Stefanidis; Marina Drosou; Evaggelia Pitoura,Abstract Keyword-based search in relational databases allows users to discover relevant informationwithout knowing the database schema or using complicated queries. However; such searchesmay return an overwhelming number of results. In this paper; we propose personalizing keyworddatabase search by allowing users to express preferences. User preferences depend oncontext. Given the context of a keyword query; the related preferences are selected and usedto rank the results. We present an algorithm for incorporating preferences in computing thetop-k most pertinent to the user results. The algorithm uses the keyword appearances in the preferencesto direct the joining of relevant tuples from multiple relations. We then extend this baseline algorithmto: (i) enhance the diversity of its results and (ii) improve its performance by sharing computationalsteps. Finally; we report results of an evaluation of our approach along two perspectives …,*,*,*
Preference Queries in Context,Kostas Stefanidis; Evaggelia Pitoura; Panos Vassiliadis,ABSTRACT To handle the overwhelming amount of information currently available;personalization systems allow users to specify the information that interests them throughpreferences. In general; users may have different preferences depending on context; forinstance; on the current weather; time or location. In this paper; we define a model forexpressing contextual preferences. We model context as an ordered set of multidimensionalattributes. Then; user preferences can be specified as functions over these context attributes.We formulate the problem of identifying the preferences that are most relevant to a queryand present an algorithm that locates them. We also introduce index structures that exploitcontextual information for (a) storing preferences and (b) caching the results of queriesbased on their context.,*,*,*
Preference Modeling and Orders,Kostas Stefanidis; Evaggelia Pitoura,The purpose of this paper is to present fundamental notions of preference modeling. Ingeneral; the research literature on preferences is extensive. In the context of databasequeries; there are two different approaches for expressing preferences: a qualitative and aquantitative one. In the qualitative approach [1–3]; the preferences between the tuples in theanswer to a query are specified directly; typically using binary preference relations. In thequantitative approach [4–7]; preferences are expressed indirectly by using scoring functionsthat associate a numeric score with every tuple of the query answer. Then; a tuple t1 ispreferred to a tuple t2 if and only if the score of t1 is higher than the score of t2. In the rest ofthe paper; we explain all our rigorous definitions with examples that refer to a Moviesrelation. In particular; we shall use the relation,*,*,*
