The use of CARIN language and algorithms for information integration: The Picsel system,Francois Goasdoue; Veronique Lattes; Marie-Christine Rousset,PICSEL is an information integration system over sources that are distributed and possiblyheterogeneous. The approach which has been chosen in PICSEL is to define an informationserver as a knowledge-based mediator in which CARIN is used as the core logicalformalism to represent both the domain of application and the contents of informationsources relevant to that domain. In this paper; we describe the way the expressive power ofthe CARIN language is exploited in the PICSEL information integration system; whilemaintaining the decidability of query answering. We illustrate it on examples coming fromthe tourism domain; which is the first real case that we have to consider in PICSEL; incollaboration with the travel agency Degriftour. see,International Journal of Cooperative Information Systems,2000,208
Distributed Reasoning in a Peer-to-Peer Setting: Application to the Semantic Web.,Philippe Adjiman; Philippe Chatalic; François Goasdoué; Marie-Christine Rousset; Laurent Simon,*,J. Artif. Intell. Res.(JAIR),2006,147
View selection in semantic web databases,François Goasdoué; Konstantinos Karanasos; Julien Leblay; Ioana Manolescu,Abstract We consider the setting of a Semantic Web database; containing both explicit dataencoded in RDF triples; and implicit data; implied by the RDF semantics. Based on a queryworkload; we address the problem of selecting a set of views to be materialized in thedatabase; minimizing a combination of query processing; view storage; and viewmaintenance costs. Starting from an existing relational view selection method; we devisenew algorithms for recommending view sets; and show that they scale significantly beyondthe existing relational ones when adapted to the RDF context. To account for implicit triplesin query answers; we propose a novel RDF query reformulation algorithm and an innovativeway of incorporating it into view selection in order to avoid a combinatorial explosion in thecomplexity of the selection process. The interest of our techniques is demonstrated …,Proceedings of the VLDB Endowment,2011,88
SomeRDFS in the semantic web,Philippe Adjiman; François Goasdoué; Marie-Christine Rousset,Abstract The Semantic Web envisions a world-wide distributed architecture wherecomputational resources will easily inter-operate to coordinate complex tasks such as queryanswering. Semantic marking up of web resources using ontologies is expected to providethe necessary glue for making this vision work. Using ontology languages;(communities of)users will build their own ontologies in order to describe their own data. Adding semanticmappings between those ontologies; in order to semantically relate the data to share; givesrise to the Semantic Web: data on the web that are annotated by ontologies networkedtogether by mappings. In this vision; the Semantic Web is a huge semantic peer datamanagement system. In this paper; we describe the SomeRDFS peer data managementsystems that promote a” simple is beautiful” vision of the Semantic Web based on data …,*,2007,67
Construction de médiateurs pour intégrer des sources d’information multiples et hétérogènes: le projet PICSEL,Marie-Christine Rousset; Alain Bidault; Christine Froidevaux; Helene Gagliardi; Francois Goasdoue; C Reynaud; B Safar,Résumé Le nombre croissant de données accessibles via des réseaux (intranet; internet;etc.) pose le probleme de l'intégration de sources d'information préexistantes; souventdistantes et hétérogenes; afin de faciliter leur interrogation par un large public. Une despremieres approches proposées en intégration d'informations prône la construction demédiateurs. Un médiateur joue un rôle d'interface de requêtes entre un utilisateur et dessources de données. Il donnea l'utilisateur l'illusion d'interroger un systeme homogene etcentralisé en lui évitant d'avoira trouver les sources de données pertinentes pour sarequête; de les interroger unea une; et de combiner lui-même les informations obtenues.L'objectif de cet article est de présenter le projet PICSEL 1 qui offre un environnementdéclaratif de construction de médiateurs. PICSEL se distingue des systemes d'intégration …,Revue I3 (Information-Interaction-Intelligence),2002,59
Answering queries using views: A KRDB perspective for the semantic web,François Goasdoué; Marie-Christine Rousset,Abstract In this article; we investigate a first step towards the long-term vision of the SemanticWeb by studying the problem of answering queries posed through a mediated ontology tomultiple information sources whose content is described as views over the ontologyrelations. The contributions of this paper are twofold. We first offer a uniform logical settingwhich allows us to encompass and to relate the existing work on answering and rewritingqueries using views. In particular; we make clearer the connection between the problem ofrewriting queries using views and the problem of answering queries using extensions ofviews. Then we focus on an instance of the problem of rewriting conjunctive queries usingviews through an ontology expressed in a description logic; for which we exhibit a completealgorithm.,ACM Transactions on Internet Technology (TOIT),2004,54
RDF analytics: lenses over semantic graphs,Dario Colazzo; François Goasdoué; Ioana Manolescu; Alexandra Roatiş,Abstract The development of Semantic Web (RDF) brings new requirements for dataanalytics tools and methods; going beyond querying to semantics-rich analytics throughwarehouse-style tools. In this work; we fully redesign; from the bottom up; core data analyticsconcepts and tools in the context of RDF data; leading to the first complete formal frameworkfor warehouse-style RDF analytics. Notably; we define i) analytical schemas tailored toheterogeneous; semantics-rich RDF graph; ii) analytical queries which (beyond relationalcubes) allow flexible querying of the data and the schema as well as powerful aggregationand iii) OLAP-style operations. Experiments on a fully-implemented platform demonstratethe practical interest of our approach.,Proceedings of the 23rd international conference on World wide web,2014,42
Querying distributed data through distributed ontologies: a simple but scalable approach,François Goasdoué; M-C Rousset,This framework for peer-to-peer data-sharing systems allows efficient query answering overa network of semantically related peers. A simple class-based language appropriate forpractical applications defines peer schemas as hierarchies of atomic classes and mappingsas inclusions of logical combinations of atomic classes.,IEEE Intelligent Systems,2003,42
WebContent: efficient P2P Warehousing of web data,Serge Abiteboul; Tristan Allard; Philippe Chatalic; Georges Gardarin; Anca Ghitescu; François Goasdoué; Ioana Manolescu; Benjamin Nguyen; Mohamed Ouazara; Aditya Somani; Nicolas Travers; Gabriel Vasile; Spyros Zoupanos,Abstract We present the WebContent platform for managing distributed repositories of XMLand semantic Web data. The platform allows integrating various data processing buildingblocks (crawling; translation; semantic annotation; full-text search; structured XML querying;and semantic querying); presented as Web services; into a large-scale efficient platform.Calls to various services are combined inside ActiveXML [8] documents; which are XMLdocuments including service calls. An ActiveXML optimizer is used to:(i) efficiently distributecomputations among sites;(ii) perform XQuery-specific optimizations by leveraging analgebraic XQuery optimizer; and (iii) given an XML query; chose among several distributedindices the most appropriate in order to answer the query.,Proceedings of the VLDB Endowment,2008,41
Distributed reasoning in a peer-to-peer setting,Philippe Adjiman; Philippe Chatalic; François Goasdoué; M-C Rousset; Laurent Simon,In a peer-to-peer system; there is no centralized control or hierarchical organization: eachpeer is equivalent in functionality and cooperates with other peers in order to solve acollective task. Such systems have evolved from simple keyword-based peer-to-peer filesharing systems like Napster and Gnutella to schema-based peer data managementsystems like Edutella [3] or Piazza [2]; which handle semantic data description and supportcomplex queries for data retrieval. In this paper; we are interested in peer-to-peer inferencesystems in which each peer can answer queries by reasoning from its local (propositional)theory but can also ask queries to some other peers with which it is semantically related bysharing part of its vocabulary. This framework encompasses several applications like peer-to-peer information integration systems or intelligent agents; in which each peer has its own …,Proceedings of the 16th European Conference on Artificial Intelligence,2004,41
Querying Inconsistent Description Logic Knowledge Bases under Preferred Repair Semantics.,Meghyn Bienvenu; Camille Bourgaux; François Goasdoué,Abstract Recently several inconsistency-tolerant semantics have been introduced forquerying inconsistent description logic knowledge bases. Most of these semantics rely onthe notion of a repair; defined as an inclusion-maximal subset of the facts (ABox) which isconsistent with the ontology (TBox). In this paper; we study variants of two popularinconsistencytolerant semantics obtained by replacing classical repairs by various types ofpreferred repair. We analyze the complexity of query answering under the resultingsemantics; focusing on the lightweight logic DL-LiteR. Unsurprisingly; query answering isintractable in all cases; but we nonetheless identify one notion of preferred repair; basedupon priority levels; whose data complexity is “only” coNP-complete. This leads us topropose an approach combining incomplete tractable methods with calls to a SAT solver …,AAAI,2014,40
Somewhere in the semantic web,Philippe Adjiman; Philippe Chatalic; François Goasdoué; M-C Rousset; Laurent Simon,Abstract In this paper; we describe the SomeWhere semantic peer-to-peer datamanagement system that promotes a “small is beautiful” vision of the Semantic Web basedon simple personalized ontologies (eg; taxonomies of classes) but which are distributed at alarge scale. In this vision of the Semantic Web; no user imposes to others his own ontology.Logical mappings between ontologies make possible the creation of a web of people inwhich personalized semantic marking up of data cohabits nicely with a collaborativeexchange of data. In this view; the Web is a huge peer-to-peer data management systembased on simple distributed ontologies and mappings.,International workshop on principles and practice of semantic web reasoning,2005,39
RDF data management in the Amazon cloud,Francesca Bugiotti; François Goasdoué; Zoi Kaoudi; Ioana Manolescu,Abstract Cloud computing has been massively adopted recently in many applications for itselastic scaling and fault-tolerance. At the same time; given that the amount of available RDFdata sources on the Web increases rapidly; there is a constant need for scalable RDF datamanagement tools. In this paper we propose a novel architecture for the distributedmanagement of RDF data; exploiting an existing commercial cloud infrastructure; namelyAmazon Web Services (AWS). We study the problem of indexing RDF data stored withinAWS; by using SimpleDB; a key-value store provided by AWS for small data items. The goalof the index is to efficiently identify the RDF datasets which may have answers for a givenquery; and route the query only to those. We devised and experimented with severalindexing strategies; we discuss experimental results and avenues for future work.,Proceedings of the 2012 Joint EDBT/ICDT Workshops,2012,38
Efficient query answering against dynamic RDF databases,François Goasdoué; Ioana Manolescu; Alexandra Roatiş,Abstract A promising method for efficiently querying RDF data consists of translatingSPARQL queries into efficient RDBMS-style operations. However; answering SPARQLqueries requires handling RDF reasoning; which must be implemented outside therelational engines that do not support it. We introduce the database (DB) fragment of RDF;going beyond the expressive power of previously studied RDF fragments. We devise novelsound and complete techniques for answering Basic Graph Pattern (BGP) queries within theDB fragment of RDF; exploring the two established approaches for handling RDF semantics;namely reformulation and saturation. In particular; we focus on handling database updateswithin each approach and propose a method for incrementally maintaining the saturation;updates raise specific difficulties due to the rich RDF semantics. Our techniques are …,Proceedings of the 16th International Conference on Extending Database Technology,2013,36
Scalability study of peer-to-peer consequence finding,Philippe Adjiman; Philippe Chatalic; François Goasdoué; Marie-Christine Rousset; Laurent Simon,In peer-to-peer inference systems; each peer can reason locally but also solicit some of itsacquaintances; sharing part of its vocabulary. This paper studies both theoretically andexperimentally the problem of computing proper prime implicates for propositional peer-to-peer systems; the global theory (union of all peer theories) of which is not known (asopposed to partition-based reasoning).,International Joint Conference on Artificial Intelligence,2005,33
Cliquesquare: Flat plans for massively parallel RDF queries,François Goasdoué; Zoi Kaoudi; Ioana Manolescu; Jorge-Arnulfo Quiané-Ruiz; Stamatis Zampetakis,As increasing volumes of RDF data are being produced and analyzed; many massivelydistributed architectures have been proposed for storing and querying this data. Thesearchitectures are characterized first; by their RDF partitioning and storage method; andsecond; by their approach for distributed query optimization; ie; determining whichoperations to execute on each node in order to compute the query answers. We presentCliqueSquare; a novel optimization approach for evaluating conjunctive RDF queries in amassively parallel environment. We focus on reducing query response time; and thus seekto build flat plans; where the number of joins encountered on a root-to-leaf path in the plan isminimized. We present a family of optimization algorithms; relying on n-ary (star) equalityjoins to build flat plans; and compare their ability to find the flattest possibles. We have …,Data Engineering (ICDE); 2015 IEEE 31st International Conference on,2015,31
Efficient and effective duplicate detection in hierarchical data,Luis Leitao; Pavel Calado; Melanie Herschel,Although there is a long line of work on identifying duplicates in relational data; only a fewsolutions focus on duplicate detection in more complex hierarchical structures; like XMLdata. In this paper; we present a novel method for XML duplicate detection; called XMLDup.XMLDup uses a Bayesian network to determine the probability of two XML elements beingduplicates; considering not only the information within the elements; but also the way thatinformation is structured. In addition; to improve the efficiency of the network evaluation; anovel pruning strategy; capable of significant gains over the unoptimized version of thealgorithm; is presented. Through experiments; we show that our algorithm is able to achievehigh precision and recall scores in several data sets. XMLDup is also able to outperformanother state-of-the-art duplicate detection solution; both in terms of efficiency and of …,IEEE Transactions on Knowledge and Data Engineering,2013,31
AMADA: web data repositories in the amazon cloud,Andrés Aranda-Andújar; Francesca Bugiotti; Jesús Camacho-Rodríguez; Dario Colazzo; François Goasdoué; Zoi Kaoudi; Ioana Manolescu,Abstract We present AMADA; a platform for storing Web data (in particular; XML documentsand RDF graphs) based on the Amazon Web Services (AWS) cloud infrastructure. AMADAoperates in a Software as a Service (SaaS) approach; allowing users to upload; index; store;and query large volumes of Web data. The demonstration shows (i) the step-by-stepprocedure for building and exploiting the warehouse (storing; indexing; querying) and (ii) themonitoring tools enabling one to control the expenses (monetary costs) charged by AWS forthe operations involved while running AMADA.,Proceedings of the 21st ACM international conference on Information and knowledge management,2012,26
Somewhere in the semantic web,M-C Rousset; Philippe Adjiman; Philippe Chatalic; François Goasdoué; Laurent Simon,Abstract In this paper; we describe the SomeWhere semantic peer-to-peer datamanagement system that promotes a “small is beautiful” vision of the Semantic Web basedon simple personalized ontologies (eg; taxonomies of classes) but which are distributed at alarge scale. In this vision of the Semantic Web; no user imposes to others his own ontology.Logical mappings between ontologies make possible the creation of a web of people inwhich personalized semantic marking up of data cohabits nicely with a collaborativeexchange of data. In this view; the Web is a huge peer-to-peer data management systembased on simple distributed ontologies and mappings.,International Conference on Current Trends in Theory and Practice of Computer Science,2006,26
Query-oriented summarization of RDF graphs,Šejla Čebirić; François Goasdoué; Ioana Manolescu,RDF is the data model of choice for Semantic Web applications. RDF graphs are often largeand heterogeneous; thus users may have a hard time getting familiar with the structure andsemantics of a graph; or determining whether a graph is useful for a certain application. Weconsider answering such questions by inspecting a graph summary; a compact structureconveying as much information as possible about the input graph. A summary isrepresentative of a graph if it represents both its explicit and implicit triples; the latterresulting from RDF Schema constraints. To ensure represen-tativeness; we define a novelRDF-specific summarization framework based on RDF node equivalence and graphquotients; our framework can be instantiated with many different RDF node equivalencerelations. We show that our summaries are representative; and establish a sufficient …,*,2017,25
Modeling information sources for information integration,François Goasdoué; Chantal Reynaud,Abstract A critical problem in building an information mediator is to design knowledge basesdescribing the contents of information sources. Concepts which capture abstractions ininformation sources and which are usable to describe their content must be identified. Thispaper addresses this knowledge acquisition problem in the context of the PICSEL project;when information sources are relational databases. The main contributions are (1) semiautomated techniques for identifying relevant concepts from a database's conceptualschema; and (2) a set of tools for assisting database administrators in mapping theseinteresting concepts on to the domain model of the PICSEL mediator.,International Conference on Knowledge Engineering and Knowledge Management,1999,22
Growing triples on trees: an XML-RDF hybrid model for annotated documents,François Goasdoué; Konstantinos Karanasos; Yannis Katsis; Julien Leblay; Ioana Manolescu; Stamatis Zampetakis,Abstract Since the beginning of the Semantic Web initiative; significant efforts have beeninvested in finding efficient ways to publish; store; and query metadata on the Web. RDF andSPARQL have become the standard data model and query language; respectively; todescribe resources on the Web. Large amounts of RDF data are now available either asstand-alone datasets or as metadata over semi-structured (typically XML) documents. Theability to apply RDF annotations over XML data emphasizes the need to represent andquery data and metadata simultaneously. We propose XR; a novel hybrid data modelcapturing the structural aspects of XML data and the semantics of RDF; also enabling us toreason about XML data. Our model is general enough to describe pure XML or RDFdatasets; as well as RDF-annotated XML data; where any XML node can act as a …,The VLDB Journal,2013,20
Optimizing reformulation-based query answering in RDF,Damian Bursztyn; François Goasdoué; Ioana Manolescu,Reformulation-based query answering is a query processing technique aiming at answeringqueries under constraints. It consists of reformulating the query based on the constraints; sothat evaluating the reformulated query directly against the data (ie; without considering anymore the constraints) produces the correct answer set. In this paper; we consider optimizingreformulation-based query answering in the setting of ontology-based data access; whereSPARQL conjunctive queries are posed against RDF facts on which constraints expressedby an RDF Schema hold. The literature provides query reformulation algorithms for manyfragments of RDF. However; reformulated queries may be complex; thus may not beefficiently processed by a query engine; well established query engines even fail processingthem in some cases. Our contribution is (i) to generalize prior query reformu-lation …,EDBT: 18th International Conference on Extending Database Technology,2015,19
Explaining Inconsistency-Tolerant Query Answering over Description Logic Knowledge Bases.,Meghyn Bienvenu; Camille Bourgaux; François Goasdoué,Abstract Several inconsistency-tolerant semantics have been introduced for queryinginconsistent description logic knowledge bases. This paper addresses the problem ofexplaining why a tuple is a (non-) answer to a query under such semantics. We defineexplanations for positive and negative answers under the brave; AR and IAR semantics. Wethen study the computational properties of explanations in the lightweight description logicDL-LiteR. For each type of explanation; we analyze the data complexity of recognizing(preferred) explanations and deciding if a given assertion is relevant or necessary. Weestablish tight connections between intractable explanation problems and variants ofpropositional satisfiability (SAT); enabling us to generate explanations by exploiting solversfor Boolean satisfaction and optimization problems. Finally; we empirically study the …,AAAI,2016,17
DL-LITER in the Light of Propositional Logic for Decentralized Data Management.,Nada Abdallah; François Goasdoué; Marie-Christine Rousset,Abstract This paper provides a decentralized data model and associated algorithms for peerdata management systems (PDMS) based on the DL-LITER description logic. Our approachrelies on reducing query reformulation and consistency checking for DL-LITER intoreasoning in propositional logic. This enables a straightforward deployment of DL-LITERPDMSs on top of SomeWhere; a scalable propositional peer-to-peer inference system. Wealso show how to use the state-of-the-art Minicon algorithm for rewriting queries using viewsin DL-LITER in the centralized and decentralized cases.,IJCAI,2009,16
CliqueSquare: efficient Hadoop-based RDF query processing,François Goasdoué; Zoi Kaoudi; Ioana Manolescu; Jorge Quiané-Ruiz; Stamatis Zampetakis,Large volumes of RDF data collections are being created; published and used lately invarious contexts; from scientific data to domain ontologies and to open government data; inparticular in the context of the Linked Data movement. Managing such large volumes of RDFdata is challenging due to the sheer size and the heterogeneity. To tackle the sizechallenge; a single isolated machine is not an efficient solution anymore. The MapReduceparadigm is a promising direction providing scalability and massively parallel processing oflarge-volume data. We present CliqueSquare; an efficient RDF data management platformbased on Hadoop; an open source MapReduce implementation; and its file system; HadoopDistributed File System (HDFS). CliqueSquare relies on a novel RDF data partitioningscheme enabling queries to be evaluated efficiently; by minimizing both the number of …,BDA'13-Journées de Bases de Données Avancées,2013,15
RDFViewS: a storage tuning wizard for RDF applications,François Goasdoué; Konstantinos Karanasos; Julien Leblay; Ioana Manolescu,Abstract In recent years; the significant growth of RDF data used in numerous applicationshas made its efficient and scalable manipulation an important issue. In this paper; wepresent RDFViewS; a system capable of choosing the most suitable views to materialize; inorder to minimize the query response time for a specific SPARQL query workload; whiletaking into account the view maintenance cost and storage space constraints. Our systememploys practical algorithms and heuristics to navigate through the search space ofpotential view configurations; and exploits the possibly available semantic information-expressed via an RDF Schema-to ensure the completeness of the query evaluation.,Proceedings of the 19th ACM international conference on Information and knowledge management,2010,15
Fact checking and analyzing the web,François Goasdoué; Konstantinos Karanasos; Yannis Katsis; Julien Leblay; Ioana Manolescu; Stamatis Zampetakis,Abstract Fact checking and data journalism are currently strong trends. The sheer amount ofdata at hand makes it difficult even for trained professionals to spot biased; outdated orsimply incorrect information. We propose to demonstrate FactMinder; a fact checking andanalysis assistance application. SIGMOD attendees will be able to analyze documents usingFactMinder and experience how background knowledge and open data repositories helpbuild insightful overviews of current topics.,Proceedings of the 2013 ACM SIGMOD International Conference on Management of Data,2013,14
Efficient OLAP operations for RDF analytics,Elham Akbari Azirani; François Goasdoué; Ioana Manolescu; Alexandra Roatis,RDF is the leading data model for the Semantic Web; and dedicated query languages suchas SPARQL 1.1; featuring in particular aggregation; allow extracting information from RDFgraphs. A framework for analytical processing of RDF data was introduced in [1]; whereanalytical schemas and analytical queries (cubes) are fully re-designed for heterogeneous;semantic-rich RDF graphs. In this novel analytical setting; we consider the followingoptimization problem: how to reuse the materialized result of a given RDF analytical query(cube) in order to compute the answer to another cube. We provide view-based rewritingalgorithms for these cube transformations; and demonstrate experimentally their practicalinterest.,Data Engineering Workshops (ICDEW); 2015 31st IEEE International Conference on,2015,12
SomeWhere: a scalable peer-to-peer infrastructure for querying distributed ontologies,M-C Rousset; Philippe Adjiman; Philippe Chatalic; François Goasdoué; Laurent Simon,Abstract In this invited talk; we present the SomeWhere approach and infrastructure forbuilding semantic peer-to-peer data management systems based on simple personalizedontologies distributed at a large scale. Somewhere is based on a simple class-based datamodel in which the data is a set of resource identifiers (eg; URIs); the schemas are (simple)definitions of classes possibly constrained by inclusion; disjunction or equivalencestatements; and mappings are inclusion; disjunction or equivalence statements betweenclasses of different peer ontologies. In this setting; query answering over peers can be doneby distributed query rewriting; which can be equivalently reduced to distributedconsequence finding in propositional logic. It is done by using the message-passingdistributed algorithm that we have implemented for consequence finding of a clause wrt a …,OTM Confederated International Conferences" On the Move to Meaningful Internet Systems",2006,11
Teaching an RDBMS about ontological constraints,Damian Bursztyn; François Goasdoué; Ioana Manolescu,Abstract In the presence of an ontology; query answers must reflect not only data explicitlypresent in the database; but also implicit data; which holds due to the ontology; even thoughit is not present in the database. A large and useful set of ontology languages enjoys FOLreducibility of query answering: answering a query can be reduced to evaluating a certainfirst-order logic (FOL) formula (obtained from the query and ontology) against only theexplicit facts. We present a novel query optimization framework for ontology-based dataaccess settings enjoying FOL reducibility. Our framework is based on searching within a setof alternative equivalent FOL queries; ie; FOL reformulations; one with minimal evaluationcost when evaluated through a relational database system. We apply this framework to theDL-Lite R Description Logic underpinning the W3C's OWL2 QL ontology language; and …,Proceedings of the VLDB Endowment,2016,10
Query-driven repairing of inconsistent DL-Lite knowledge bases,Meghyn Bienvenu; Camille Bourgaux; François Goasdoué,We consider the problem of query-driven repairing of inconsistent DL-Lite knowledge bases:query answers are computed under inconsistency-tolerant semantics; and the user providesfeedback about which answers are erroneous or missing. The aim is to find a set of ABoxmodifications (deletions and additions); called a repair plan; that addresses as many of thedefects as possible. After formalizing this problem and introducing different notions ofoptimality; we investigate the computational complexity of reasoning about optimal repairplans and propose interactive algorithms for computing such plans. For deletion-only repairplans; we also present a prototype implementation of the core components of the algorithm.,IJCAI: International Joint Conference on Artificial Intelligence,2016,10
Reformulation-based query answering in RDF: alternatives and performance,Damian Bursztyn; François Goasdoué; Ioana Manolescu,Abstract Answering queries over Semantic Web data; ie; RDF graphs; must account for bothexplicit data and implicit data; entailed by the explicit data and the semantic constraintsholding on them. Two main query answering techniques have been devised; namelySaturation-based (S at) which precomputes and adds to the graph all implicit information;and Reformulation-based (R ef) which reformulates the query based on the graphconstraints; so that evaluating the reformulated query directly against the explicit data (ie;without considering the constraints) produces the query answer. While S at is well known; Ref has received less attention so far. In particular; reformulated queries often perform poorlyif the query is complex. Our demonstration showcases a large set of R ef techniques;including but not limited to one we proposed recently. The audience will be able to 1: test …,Proceedings of the VLDB Endowment,2015,10
Réécriture de requêtes en termes de vues dans carin et intégration d'informations,François Goasdoué,Résumé Dans cette these; nous nous interessons au probleme de reecriture de requetes entermes de vues dans le cadre de l'integration d'informations. Plus precisement; nousetudions ce probleme lorsque les langages de requetes; de vues et de reecrituresappartiennent a la famille de langages carin regroupant les logiques de description et leslangages construits a partir de regles de horn sans symbole de fonction et sans negation.Les differentes contributions de cette these sont liees a l'integration d'informations et a larepresentation des connaissances. La premiere contribution concerne l'etude du lien entrele probleme de reecriture de requetes en termes de vues et celui de repondre a une requetea partir d'extensions de vues. Il n'est en general pas possible d'obtenir toutes les reponses aune requete pouvant etre calculees a partir d'extensions de vues en reecrivant cette …,*,2001,10
Efficient query answering in DL-Lite through FOL reformulation,Damian Bursztyn; François Goasdoué; Ioana Manolescu,We propose a general query optimization framework for formalisms enjoying DL Lite ofquery answering; for which it reduces to the evaluation of a FOL query against facts. Thisframework allows searching within a set of alternative equivalent FOL queries; ie; FOL re-formulations; one with minimal evaluation cost when evaluated through a relationaldatabase management system. We provide two algorithms; an exhaustive and a greedy; forexploring the optimization space. This framework is applied to the lightweight descriptionlogic DL-LiteR underpinning the W3C's OWL2 QL profile; for which an experimentalevaluation validates the interest and applicability of our technique.,28th International Workshop on Description Logics,2015,8
The semantic web from an industry perspective,Alain Léger; Johannes Heinecke; Lyndon JB Nixon; Pavel Shvaiko; Jean Charlet; Paola Hobson; François Goasdoué,Abstract Semantic Web technology is being increasingly applied in a large spectrum ofapplications in which domain knowledge is conceptualized and formalized (eg; by means ofan ontology) in order to support diversified and automated knowledge processing (eg;reasoning) performed by a machine. Moreover; through an optimal combination of(cognitive) human reasoning and (automated) machine reasoning and processing; it ispossible for humans and machines to share complementary tasks. The spectrum ofapplications is extremely large and to name a few: corporate portals and knowledgemanage-ment; e-commerce; e-work; e-business; healthcare; e-government; naturallanguage understanding and automated translation; information search; data and servicesintegration; social networks and collaborative filtering; knowledge mining; business …,Reasoning Web International Summer School,2006,8
Compilation and approximation of conjunctive queries by concept descriptions,François Goasdoué; Marie-Christine Rousset,Abstract. In this paper; we characterize the logical correspondence between conjunctivequeries and concept descriptions. We exhibit a necessary and sufficient condition for thecompilation of a conjunctive query into an equivalent AC;£ concept description. We providea necessary and sufficient condition for the approximation of conjunctive queries bymaximally subsumed ACN concept descriptions.,ECAI,2002,8
Materialized view-based processing of RDF queries,François Goasdoué; Konstantinos Karanasos; Julien Leblay; Ioana Manolescu,The increasing interest in the RDF data model has turned the efficient processing of queriesover RDF datasets to a challenging and crucial task. Indeed; the triple format of the RDFdata model; along with the lack of structure that characterizes it; raise new challenges indata management both in terms of performance and scalability. In this paper; we considerimproving the performance of RDF query evaluation by using materialized views. Startingfrom a workload of queries; we describe the space of possible views to materialize; weintroduce ways for assessing the optimality of each view set and we propose practicalalgorithms for exploring the search space. When an RDF Schema is available; our algorithmtakes advantage of it to guarantee the completeness of answering queries. We evaluate theefficiency of our search algorithms and demonstrate the benefits of the materialized views …,Bases de Données Avancées,2010,7
Rewriting conjunctive queries using views in description logics with existential restrictions,Francois Goasdoue; Marie-Christine Rousset,Abstract this paper; extending the work of [8]; we study the problem of rewriting conjunctivequeries over DL expressions into conjunctive queries using a set of views that are a set ofdistinguished DL expressions; for three DLs allowing existential restrictions: FLE; ALE andALNE. Thus; our rewriting problem is: given a conjunctive query over expressions from a DLL 2 fFLE; ALE; ALNEg and a set of views V over expressions from L; we want to compute arepresentative set of all the rewritings of the query that are conjunctive queries over V. Byrepresentative set we mean that this set contains at least the rewritings that are maximallycontained in the query,In Proceedings of the 2000 International Workshop on Description Logics,2000,7
Getting more RDF support from relational databases,François Goasdoué; Ioana Manolescu; Alexandra Roatiş,Abstract We introduce the database fragment of RDF; which extends the popular DescriptionLogic fragment; in particular with support for incomplete information. We then provide novelsound and complete saturation-and reformulation-based techniques for answering the BasicGraph Pattern queries of SPARQL in this fragment. Notably; we extend the state of the art onpushing RDF query processing within robust/efficient relational database managementsystems. Finally; we experimentally compare our query answering techniques using well-established datasets.,Proceedings of the 21st International Conference on World Wide Web,2012,6
Non-conservative extension of a peer in a p2p inference system,Nada Abdallah; François Goasdoué,Abstract This paper points out that the notion of non-conservative extension of a knowledgebase (KB) is important to the distributed logical setting of peer-to-peer inference systems(P2PIS); aka peer-to-peer semantic systems. It is useful to a peer in order to detect/preventthat a P2PIS corrupts (part of) its knowledge or to learn more about its own applicationdomain from the P2PIS. That notion is all the more important since it has connections withthe privacy of a peer within a P2PIS and with the quality of service provided by a P2PIS. Wetherefore study the following tightly related problems from both the theoretical anddecentralized algorithmic perspectives:(i) deciding whether a P2PIS is a conservativeextension of a given peer and (ii) computing the witnesses to the corruption of a given peer'sKB within a P2PIS so that we can forbid it. We consider here scalable P2PISs that have …,AI communications,2009,6
Systèmes pair-à-pair sémantiques et extension conservative d’une base de connaissances,Nada Abdallah; François Goasdoué,*,Bruno DEFUDE; éditeur: Actes des 24ièmes Journées Bases de Données Avancées (BDA2008),2008,6
Mixed-instance querying: a lightweight integration architecture for data journalism,Raphaël Bonaque; Tien Duc Cao; Bogdan Cautis; François Goasdoué; Javier Letelier; Ioana Manolescu; Oscar Mendoza; Swen Ribeiro; Xavier Tannier,Abstract As the world's affairs get increasingly more digital; timely production andconsumption of news require to efficiently and quickly exploit heterogeneous data sources.Discussions with journalists revealed that content management tools currently at theirdisposal fall very short of expectations. We demonstrate T atooine; a lightweight dataintegration prototype; which allows to quickly set up integration queries across (very)heterogeneous data sources; capitalizing on the many data links (joins) available in thisapplication domain. Our demonstration is based on scenarios we study in collaboration withLe Monde; France's major newspaper.,Proceedings of the VLDB Endowment,2016,5
CliqueSquare in action: Flat plans for massively parallel RDF queries,Benjamin Djahandideh; François Goasdoué; Zoi Kaoudi; Ioana Manolescu; Jorge-Arnulfo Quiané-Ruiz; Stamatis Zampetakis,RDF is an increasingly popular data model for many practical applications; leading to largevolumes of RDF data; efficient RDF data management methods are crucial to allowapplications to scale. We propose to demonstrate CliqueSquare; an RDF data managementsystem built on top of a MapReduce-like infrastructure. The main technical novelty ofCliqueSquare resides in its logical query optimization algorithm; guaranteed to find a logicalplan as flat as possible for a given query; meaning: a plan having the smallest possiblenumber of join operators on top of each other. CliqueSquare's ability to build flat plansallows it to take advantage of a parallel processing framework in order to shorten responsetimes. We demonstrate loading and querying the data; with a particular focus on queryoptimization; and on the performance benefits of CliqueSquare's flat plans.,Data Engineering (ICDE); 2015 IEEE 31st International Conference on,2015,5
SPARQL Query Processing in the Cloud.,Francesca Bugiotti; Jesús Camacho-Rodríguez; François Goasdoué; Zoi Kaoudi; Ioana Manolescu; Stamatis Zampetakis,Since its emergence; cloud computing has been massively adopted due to the scalability;fault-tolerance and elasticity features it offers. Cloud-based platforms free the applicationdeveloper from the burden of administering the hardware and provide resilience to failures;as well as elastic scaling up and down of resources according to the demand. The recentdevelopment of such environments has a significant impact on the data managementresearch community; in which the cloud provides a distributed; shared-nothing infrastructurefor scalable data storage and processing. Many recent works have focused on theperformance and cost analysis of cloud platforms; and on the extension of the services thatthey provide. For instance;[9] focuses on extending public cloud services with basicdatabase primitives; while extensions for the MapReduce paradigm [14] are proposed in …,*,2014,5
Warehousing RDF graphs,Dario Colazzo; François Goasdoué; Ioana Manolescu; Alexandra Roatis,Research in data warehousing (DW) has developed expressive and efficient tools for themultidimensional analysis of large amounts of data. As more data gets produced and sharedin RDF; analytic concepts and tools for analyzing such irregular; graph-shaped; semantic-rich data need to be revisited. We introduce the first all-RDF model for warehousing RDFgraphs. Notably; we define analytical schemas and analytical queries for RDF;corresponding to the relational DW star/snowflake schemas and cubes. We also show howtypical OLAP operations can be performed on our RDF cubes; and experiments on a fully-implemented platform demonstrating the practical interest of our approach.,Bases de Données Avancées,2013,4
Robust module-based data management,François Goasdoué; Marie-Christine Rousset,The current trend for building an ontology-based data management system (DMS) is tocapitalize on efforts made to design a preexisting well-established DMS (a referencesystem). The method amounts to extracting from the reference DMS a piece of schemarelevant to the new application needs-a module-; possibly personalizing it with extraconstraints wrt the application under construction; and then managing a data set using theresulting schema. In this paper; we extend the existing definitions of modules and weintroduce novel properties of robustness that provide means for checking easily that a robustmodule-based DMS evolves safely wrt both the schema and the data of the reference DMS.We carry out our investigations in the setting of description logics which underlie modernontology languages; like RDFS; OWL; and OWL2 from W3C. Notably; we focus on the DL …,IEEE Transactions on Knowledge and Data Engineering,2013,4
Répondre aux requêtes par reformulation dans les bases de données RDF,François Goasdoué; Ioana Manolescu; Alexandra Roatis,Dans RDF; répondre aux requêtes repose soit sur la saturation des données; soit sur lareformulation des requêtes. L'idée des deux techniques est de découpler la notiond'entailment--le mécanisme de raisonnement à partir duquel les réponses aux requêtes sontdéfinies--de l'évaluation de requêtes. Dans cet article; nous étendons l'état de l'art enproposant une technique de réponse aux requêtes par reformulation pour un fragment deRDF plus significatif et un langage de requêtes plus expressif que ceux étudiés dans lalittérature. Nous comparons ensuite expérimentalement cette nouvelle technique avec latechnique standard fondée sur la saturation de données.,RFIA 2012 (Reconnaissance des Formes et Intelligence Artificielle),2012,4
Des triplets sur des arbres: un modele hybride XML-RDF pour documents annotés,François Goasdoué; Konstantinos Karanasos; Yannis Katsis; Julien Leblay; Ioana Manolescu; Stamatis Zampetakis,Une énergie considérable est consacrée à l'enrichissement sémantique de données XMLdu web via des annotations. Celles-ci vont de simples métadonnées jusqu'à des relationssémantiques complexes entre données. Bien que l'idée d'utiliser des annotations soit deplus en plus largement partagée; il reste à définir l'architecture qui permettra de la mettre enœuvre. Dans cet but; nous présentons un framework permettant le stockage et l'interrogationde documents annotés. Nous introduisons (i) le modèle de données XR; dans lequel lesdocuments annotés sont des documents XML décrits sémantiquement par des triplets RDF;et (ii) le langage de requêtes XRQ permettant d'interroger les documents annotés par leurstructure et leur sémantique. Un premier prototype de plate-forme de gestion de documentsannotés; nommé XRP; a été développé; afin de montrer la pertinence de notre approche …,Revue des Sciences et Technologies de l'Information-Série ISI: Ingénierie des Systèmes d'Information,2012,4
Social; Structured; and Semantic Search,Raphaël Bonaque; Bogdan Cautis; François Goasdoué; Ioana Manolescu,Social content such as blogs; tweets; news etc. is a rich source of interconnectedinformation. We identify a set of requirements for the meaningful exploitation of such richcontent; and present a new data model; called S3; which is the first to satisfy them. S3captures social relationships between users; and between users and content; but also thestructure present in rich social content; as well as its semantics. We provide the first top-kkeyword search algorithm taking into account the social; structured; and semanticdimensions and formally establish its termination and correctness. Experiments on realsocial networks demonstrate the efficiency and qualitative advantage of our algorithmthrough the joint exploitation of the social; structured; and semantic dimensions of S3.,*,2015,3
Explaining query answers under inconsistency-tolerant semantics over description logic knowledge bases,Meghyn Bienvenu; Camille Bourgaux; François Goasdoué,Meghyn Bienvenu; Camille Bourgaux; François Goasdoué. Explaining Query Answers un- derInconsistency-Tolerant Semantics over Description Logic Knowledge Bases (Extended Ab-stract). Description Logics; Jun 2015; Athens; Greece. Proceedings of the 28th International Workshopon Description Logics. <http://dl.kr.org/dl2015/>. <hal-01277080> … HAL is a multi-disciplinaryopen access archive for the deposit and dissemination of sci- entific research documents; whetherthey are pub- lished or not. The documents may come from teaching and research institutionsin France or abroad; or from public or private research centers … L'archive ouverte pluridisciplinaireHAL; est destinée au dépôt et `a la diffusion de documents scientifiques de niveaurecherche; publiés ou non; émanant des établissements d'enseignement et de recherche françaisou étrangers; des laboratoires publics ou privés … Meghyn Bienvenu1; Camille …,Description Logics,2015,3
Reasoning on web data: Algorithms and performance,Damian Bursztyn; François Goasdoué; Ioana Manolescu; Alexandra Roatiş,Techniques for efficiently managing Semantic Web data have attracted significant interestfrom the data management and knowledge representation communities. A great deal ofeffort has been invested; especially in the database community; into algorithms and tools forefficient RDF query evaluation. However; the main interest of RDF lies in its blending ofheterogeneous data and semantics. Simple RDF graphs can be seen as collections of facts;which may be further enriched with ontological schemas; or semantic constraints; based onwhich reasoning can be applied to infer new information. Taking into account this implicitinformation is crucial for answering queries.,Data Engineering (ICDE); 2015 IEEE 31st International Conference on,2015,3
Analyse de données RDF. lentilles pour graphes sémantiques,Dario Colazzo; François Goasdoué; Ioana Manolescu; Alexandra Roatis,Le développement du web sémantique (avec l'adoption croissante du standard RDF duW3C) apporte de nouveaux besoins en méthodes et outils d'analyse de données riches; à lafaçon des entrepôts de données; allant au-delà de la simple interrogation. Dans cet article;nous revisitons les concepts et outils fondamentaux de l'analyse de données dans lecontexte de RDF; aﬁn d'obtenir le premier cadre formel pour l'analyse multidimensionnellede données RDF. Notamment; nous déﬁnissons i) des schémas analytiques adaptés à desgraphes RDF hétérogènes et riches en sémantique; ii) des requêtes analytiques qui; au-delà des cubes relationnels; permettent l'interrogation ﬂexible de données et de schémasainsi que de puissantes agrégations et iii) des opérations de type OLAP. Nos expériencessur une plateforme pleinement opérationnelle mettant en œuvre nos résultats démontrent …,Revue des Sciences et Technologies de l'Information-Série ISI: Ingénierie des Systèmes d'Information,2014,3
WaRG: Warehousing RDF Graphs,Dario Colazzo; Tushar Ghosh; François Goasdoué; Ioana Manolescu; Alexandra Roatis,We propose to demonstrate WaRG; a system for performing warehouse-style analytics onRDF graphs. To our knowledge; our framework is the first to keep the warehousing processpurely in the RDF format and take advantage of the heterogeneity and semantics inherent tothis model.,Bases de Données Avancées,2013,3
BGP Query Answering against Dynamic RDF Databases,François Goasdoué; Ioana Manolescu; Alexandra Roatis,A promising method for efficiently querying RDF data consists of translating SPARQLqueries into efficient RDBMS-style operations. However; answering SPARQL queriesrequires handling RDF reasoning; which must be implemented outside the relationalengines that do not support it. We introduce the expressive database (DB) fragment of RDFfor which we devise novel sound and complete techniques for answering Basic GraphPattern (BGP) queries. Our techniques explore the two established approaches for handlingRDF semantics; namely reformulation and saturation; we show how they cope with updates;a complex problem due to the rich RDF semantics. Our algorithms can be deployed on top ofany RDBMS (-style) engine; and we experimentally study their performance trade-offs.,*,2012,3
Gestion décentralisée de données en dl-lite,Nada Abdallah; François Goasdoué,Cet article propose un modèle décentralisé de données et les algorithmes associés afin demettre en oeuvre des systèmes pair-à-pair de gestion de données (PDMS) fondés sur lalogique de description DL-liteR. Cette logique est un fragment-ayant de bonnes propriétésthéoriques et pratiques-de la prochaine recommandation du W3C pour le Web Sémantique:OWL2. Notre approche consiste à réduire la reformulation de requêtes et le test deconsistance des données par rapport à une ontologie à un raisonnement en logiquepropositionnelle. Ceci permet de déployer de manière simple des PDMS pour DL-liteR" au-dessus" de SomeWhere; un système pair-à-pair d'inférence pour la logique propositionnellepassant à l'échelle du millier de pairs. Nous montrons aussi comment répondre à desrequêtes à l'aide de vues-des requêtes prédéfinies-dans DL-liteR pour les cas centralisés …,Reconnaissance des Formes et Intelligence Artificielle,2010,3
Calcul de conséquences pour filetest d’extension conservative dans un systeme pair-a-pair,Nada Abdallah; François Goasdoué,Résumé Dans un systeme d'inférence pair-a-pair (P2PIS); un pair étend sa base deconnaissances (KB) avec celle des autres pairs afin d'utiliser leurs connaissances pourrépondre aux requêtes qui lui sont posées. Toutefois; l'extension d'une KB n'est pasnécessairement conservative. Une extension conservative garantit que le sens d'une KB estle même lorsqu'elle est considérée seule ou avec son extension. En revanche; uneextension non conservative peut changer radicalement le sens d'une KB au sein de lathéorie résultante. Il est par conséquent crucial pour un pair de savoir si un P2PIS est uneextension conservative de sa KB. En effet; si ce n'est pas le cas (i) ses utilisateurs n'ont plusla bonne interprétation de sa KB; donc des requêtes en termes de sa KB et des réponsesacelles-ci et (ii) les connaissances qu'il fournit aux autres pairs ne sont pas celles …,Journées Francophones de Programmation par Contraintes (JFPC),2008,3
A framework for efficient representative summarization of RDF graphs,Šejla Čebirić; François Goasdoué; Ioana Manolescu,RDF is the data model of choice for Semantic Web applications. RDF graphs are often largeand have heterogeneous; complex structure. Graph summaries are compact structurescomputed from the input graph; they are typically used to simplify users' experience and tospeed up graph processing. We introduce a formal RDF summarization framework; basedon graph quotients and RDF node equivalence; our framework can be instantiated withmany such equivalence relations. We show that our summaries represent the structure andsemantics of the input graph; and establish a sufficient condition on the RDF equivalencerelation which ensures that a graph can be summarized more efficiently; without materi-alizing its implicit triples.,*,2017,2
Optimizing FOL reducible query answering: understanding performance challenges,Damian Bursztyn; François Goasdoué; Ioana Manolescu,Semantic Web data management raises the challenge of answering queries underconstraints (ie; in the presence of implicit data). To bridge the gap between this extendedsetting and that of query evaluation provided by database engines; a reasoning step (wrt theconstraints) is necessary before query evaluation. A large and useful set of ontologylanguages enjoys FOL reducibility of query answering: queries can be answered byevaluating a SQLized first-order logic (FOL) formula (obtained from the query and theontology) directly against the explicitly stored data (ie; without considering the ontologicalconstraints). Our demonstration showcases to the attendees; and analyzes; the performanceof several reformulation-based query answering techniques; including one we recentlydescribed in [5]; applied to the lightweight description logic DL-LiteR underpinning the …,ISWC 2016: The 15th International Semantic Web Conference,2016,2
How to deal with Cliques at Work,Benjamin Djahandideh; François Goasdoué; Zoi Kaoudi; Ioana Manolescu; Jorge Quiané-Ruiz; Stamatis Zampetakis,RDF is an increasingly popular data model for many practical applications; leading to largevolumes of RDF being created and exploited. Efficient RDF data management methods arecrucial to allow applications to scale. In this demonstration; we showcase the high efficiencyof CliqueSquare; an RDF data management system designed on top of a MapReduce-likeinfrastructure. We demonstrate three major aspects of CliqueSquare:(i) significantly reducingthe network traffic during query evaluation;(ii) evaluating even large queries into fewMapReduce jobs;(iii) improving query performance by producing DAG-shaped plans. In alldemonstration scenarios; the audience is invited to interact with the system to ask queries;explore and control the features of the platform's many optimization algorithms; and finallyselect and monitor the evaluation of plans in two available clusters.,BDA'2014: 30e journées Bases de Données Avancées,2014,2
CliqueSquare: Flat Plans for Massively Parallel RDF Queries,François Goasdoué; Zoi Kaoudi; Ioana Manolescu; Jorge Quiané-Ruiz; Stamatis Zampetakis,As increasing volumes of RDF data are being produced and analyzed; many massivelydistributed architectures have been proposed for storing and querying this data. Thesearchitectures are characterized first; by their RDF partitioning and storage method; andsecond; by their approach for distributed query optimization; ie; determining whichoperations to execute on each node in order to compute the query answers. We presentCliqueSquare; a novel optimization approach for evaluating conjunctive RDF queries in amassively parallel environment. We focus on reducing query response time; and thus seekto build flat plans; where the number of joins encountered on a root-to-leaf path in the plan isminimized. We present a family of optimization algorithms; relying on n-ary (star) equalityjoins to build flat plans; and compare their ability to find the flattest possibles. We have …,*,2014,2
Modules sémantiques robustes pour une réutilisation saine en dl-lite,François Goasdoué; Marie-Christine Rousset,L'extraction de modules à partir d'ontologies a été récemment étudié dans le cadre deslogiques de description; qui sont au coeur des langages modernes d'ontologies. Dans cetarticle; nous définissons une nouvelle notion de modules sémantiques capturant à la fois lesmodules obtenus par extraction d'un sous-ensemble d'une Tbox ou par" forgetting" deconcepts et de roles d'une Tbox. Nous définissons et étudions ensuite la réutilisation sained'un module sémantique d'une Tbox globale afin de construire des Aboxes locales et de lesinterroger soit indépendamment; soit de facon conjointe avec la Abox globale. Afin que laAbox locale (associée au module) et que la Abox globale (associée à la Tbox initiale)puissent évoluer indépendamment; mais de manière cohérente; nous généralisons lanotion d'extension conservative de requete et nous l'étendons au test de consistance …,Bases de données avancées,2010,2
Semantic web take-off in a european industry perspective,Alain Léger; Johannes Heinecke; Lyndon JB Nixon; Pavel Shvaiko; Jean Charlet; Paola Hobson; François Goasdoué,ABSTRACT Semantic Web technology is being increasingly applied in a large spectrum ofapplications in which domain knowledge is conceptualized and formalized (eg; by means ofan ontology) in order to support diversified and automated knowledge processing (eg;reasoning) performed by a machine. Moreover; through an optimal combination of(cognitive) human reasoning and (automated) machine processing (mimicking reasoning); itbecomes possible for humans and machines to share more and more complementary tasks.The spectrum of applications is extremely large and to name a few: corporate portals andknowledge management; e-commerce; e-work; e-business; healthcare; e-government;natural language understanding and automated translation; information search; data andservices integration; social networks and collaborative filtering; knowledge mining …,Idea Group Inc,2008,2
Raisonnement distribué dans un environnement de type pair-a-pair,Philippe Adjiman; Philippe Chatalic; François Goasdoué; Marie-Christine Rousset; Laurent Simon,Résumé Dans un systeme d'inférence pair-a-pair; chaque pair peut raisonner localementmais peut également solliciter son voisinage constitué des pairs avec lesquels il partageune partie de son vocabulaire. Dans cet article; on s' intéresse aux systemes d'inférence pair-a-pair dans lesquels la théorie de chaque pair est un ensemble de clausespropositionnelles construitesa partir d'un vocabulaire local. Une caractéristique importantedes systemes pair-a-pair est que la théorie globale (l'union des théories de tous les pairs)n'est pas connue (par opposition aux systemes de raisonnement fondés sur lepartitionnement). La contribution de cet article est double. Nous exposons le premieralgorithme de calcul d'impliqués dans un environnement pair-a-pair: il est anytime et calculeles impliqués progressivement; depuis le pair interrogé jusqu'aux pairs de plus en plus …,Journées Nationales sur la résolution Pratique de Problemes NP-Complets (JNPC),2004,2
Towards learning commonalities in SPARQL,Sara El Hassad; François Goasdoué; Hélène Jaudoin,Abstract Finding the commonalities between descriptions of data or knowledge is afoundational reasoning problem of Machine Learning; which amounts to computing a leastgeneral generalization (lgg lgg) of such descriptions. We revisit this old problem in thepopular conjunctive fragment of SPARQL; aka Basic Graph Pattern Queries (BGPQs). Inparticular; we define this problem in all its generality by considering general BGPQs; whilethe literature considers unary tree-shaped BGPQs only. Further; when ontologicalknowledge is available as RDF Schema constraints; we take advantage of it to devise muchmore pregnant lgg lgg s.,European Semantic Web Conference,2017,1
Learning commonalities in RDF,Sara El Hassad; François Goasdoué; Hélène Jaudoin,Abstract Finding the commonalities between descriptions of data or knowledge is afoundational reasoning problem of Machine Learning introduced in the 70's; which amountsto computing a least general generalization (lgg) of such descriptions. It has also startedreceiving consideration in Knowledge Representation from the 90's; and recently in theSemantic Web field. We revisit this problem in the popular Resource Description Framework(RDF) of W3C; where descriptions are RDF graphs; ie; a mix of data and knowledge.Notably; and in contrast to the literature; our solution to this problem holds for the entire RDFstandard; ie; we do not restrict RDF graphs in any way (neither their structure nor theirsemantics based on RDF entailment; ie; inference) and; further; our algorithms can computelgg s of small-to-huge RDF graphs.,European Semantic Web Conference,2017,1
Efficient query answering in the presence of DL-LiteR constraints,Damian Bursztyn; François Goasdoué; Ioana Manolescu,In the presence of an ontology; query answers must reflect not only data explicitly present inthe database; but also implicit data; which holds due to the ontology; even though it is notpresent in the database. A large and useful set of ontology languages enjoys FOLreducibility of query answering; that is: answering a query can be reduced to evaluating acertain first-order logic (FOL) formula (obtained from the query and ontology) against onlythe explicit facts. We present a novel query optimization framework for ontology-based dataaccess settings enjoying FOL reducibility. Our framework is based on searching within a setof alternative equivalent FOL queries; ie; FOL reformulations; one with minimal evaluationcost when evaluated through a relational database system. We apply this framework to theDL-LiteR Description Logic underpinning the W3C's OWL2 QL ontology language; and …,*,2016,1
Understanding and Improving Reformulation-Based Query Answering Performance in RDF,Damian Bursztyn; François Goasdoué; Ioana Manolescu,Answering queries over Semantic Web data; ie; RDF graphs; must account for both explicitand implicit data; entailed by the explicit data and the semantic constraints holding on them.Two main query answering techniques have been devised; namely Saturation-based (Sat)which precomputes and adds to the graph all implicit information; and Reform-ulation-based(Ref) which reformulates the query based on the graph constraints; so that evaluating thereformulated query directly against the explicit data (ie; without considering the constraints)produces the query answer. While Sat is well known; Ref has received less attention so far.In particular; reformulated queries often perform poorly if the query is complex. Ourdemonstration [6] show-cases a large set of Ref techniques; including but not limited to onewe proposed recently [5]. The audience will be able to 1. test them against different …,BDA'15,2015,1
Optimizing FOL reducible query answering,Damian Bursztyn; François Goasdoué; Ioana Manolescu,We devise a query optimization framework for formalisms enjoying FOL reducibility of queryanswering; for which it reduces to the evaluation of a FOL query against facts. Thisframework allows searching within a set of alternative equivalent FOL queries; ie; FOLreformulations; one with minimal evaluation cost when evaluated through a relationaldatabase system. We provide two algorithms; an exhaustive and a greedy; for exploring thisspace of alternatives. We apply this framework to the DL-LiteR description logicunderpinning the W3C's OWL2 QL profile; an experimental evaluation validates the interestand applicability of our technique.,BDA'15,2015,1
Optimizing reformulation-based query answering in rdf,Damian Bursztyn; François Goasdoué; Ioana Manolescu; Alexandra Roatis,Reformulation-based query answering is a query processing technique aiming at answeringqueries against data; under constraints. It consists of reformulating the query based on theconstraints; so that evaluating the reformulated query directly against the data (ie; withoutconsidering any more the constraints) produces the correct answer set. In this paper; weconsider optimizing reformulation-based query answering in the setting of ontology-baseddata access; where SPARQL conjunctive queries are posed against RDF facts on whichconstraints expressed by an RDF Schema hold. The literature provides solutions for variousfragments of RDF; aiming at computing the equivalent union of maximally-containedconjunctive queries wrt the constraints. However; in general; such a union is large; thus itcannot be efficiently processed by a query engine. Our contribution is (i) to generalize the …,BDA'14-Gestion de Données–Principes; Technologies et Applications,2014,1
Learning Commonalities in SPARQL,Sara El Hassad; François Goasdoué; Hélène Jaudoin,Abstract Finding the commonalities between descriptions of data or knowledge is afoundational reasoning problem of Machine Learning. It was formalized in the early 70's ascomputing a least general generalization (lgg) of such descriptions. We revisit this well-established problem in the SPARQL query language for RDF graphs. In particular; and bycontrast to the literature; we address it for the entire class of conjunctive SPARQL queries;aka Basic Graph Pattern Queries (BGPQs); and crucially; when background knowledge isavailable as RDF Schema ontological constraints; we take advantage of it to devise muchmore precise lgg s; as our experiments on the popular DBpedia dataset show.,International Semantic Web Conference,2017,*
Summarization of RDF Graphs,Šejla Čebirić; François Goasdoué; Ioana Manolescu,Abstract RDF is the data model of choice for Semantic Web applications. RDF graphs areoften large and have heterogeneous; complex structure. Graph summaries are compactstructures computed from the input graph; they are typically used to simplify users'experience and to speed up graph processing. We introduce a formal RDF summarizationframework; based on graph quotients and RDF node equivalence; our framework can beinstantiated with many such equivalence relations. We show that our summaries representthe structure and semantics of the input graph; and establish a sufficient condition on theRDF equivalence relation which ensures that a graph can be summarized more efficiently;without materializing its implicit triples.,*,2017,*
Recherche Sociale; Structurée et Sémantique,Raphaël Bonaque; Bogdan Cautis; François Goasdoué; Ioana Manolescu,Social content such as blogs; tweets; news etc. is a rich source of interconnectedinformation. We identify a set of requirements for the meaningful exploitation of such richcontent; and present a new data model; called S4; which is the first to satisfy them. S4captures social relationships between users; and between users and content; but also thestructure present in rich social content; as well as its semantics. We show how S4 instancesare derived from content and relationships present in today's social media; and provide thefirst top-kB keyword search algorithm taking into account the social; structured; and semanticdimensions and formally establish its termination and correctness. Experiments on realsocial networks demonstrate the efficiency and qualitative advantage of our algorithmthrough the joint exploitation of the social; structured; and semantic dimensions of S4.,32ème Conférence sur la Gestion de Données-Principes; Technologies et Applications,2016,*
Learning Commonalities in RDF and SPARQL,Sara El Hassad; François Goasdoué; Hélène Jaudoin,Finding commonalities between descriptions of data or knowledge is a fundamental task inMachine Learning. The formal notion characterizing precisely such commonalities is knownas least general generalization of descriptions and was introduced by G. Plotkin in the early70's; in First Order Logic. Identifying least general generalizations has a large scope ofdatabase applications ranging from query optimization (eg; to share commonalities betweenqueries in view selection or multi-query optimization) to recommendation in social networks(eg; to establish connections between users based on their commonalities between profilesor searches). To the best of our knowledge; this is the first work that re-visits the notion ofleast general generalizations in the entire Resource Description Framework (RDF) andpopular con-junctive fragment of SPARQL; aka Basic Graph Pattern (BGP) queries. Our …,*,2016,*
Evaluation and Improvement of a Transition Business Process: A Case Study guided by a Semantic Quality-based Approach,Virginie Thion; Malika Grim-Yefsah; Camille Rosenthal-Sabroux; Samira Si-Said Cherfi,ABSTRACT A transition in an outsourced IT project is devoted to the transfer of the projectfrom an outgoing project team to an incoming one. It is a complex; risky; and challengingbuilding block of importance; identified as being a critical factor in the success of anoutsourced project. Ensuring the good quality of a transition is then fundamental. We presenthere our experience on quality evaluation and improvement of a real transition in a publicinstitution.,Information Systems Management,2016,*
Toward Social; Structured and Semantic Search,Raphaël Bonaque; Bogdan Cautis; François Goasdoué; Ioana Manolescu,Social content such as social network posts; tweets; news articles and more generally webpage fragments is often structured. Such social content is also frequently enriched withannotations; most of which carry semantics; either by collaborative effort or from automatictools. Searching for relevant informa-tion in this context is both a basic feature for the usersand a challenging task. We present a data model and a preliminary approach for answeringqueries over such structured; social and semantic-rich content; taking into account alldimensions of the data in order to return the most meaningful results.,Surfacing the Deep and the Social Web (SDSW),2014,*
Extended query language and composition for the XR data model,Alin Deutsch; François Goasdoué; Julien Leblay; Ioana Manolescu,The XR data model allows capturing rich semistructured corpora of documents (XML) withannotations (RDF triples). A simple query language for XR was presented in previous work;which allowed to retrieve results from from XR databases but not to build new XR content.This work makes two contributions. First; we present an extension of the query languagegiving powerful content structuring and grouping capabilities which enables flexiblegeneration of new XR results. Second; we provide a query-view composition algorithmwhich enables the efficient evaluation of XR queries over previously defined XR views.,*,2013,*
Index selection for NoSQL databases in the cloud,François Goasdoué; Ioana Manolescu,Context Over the last few years; interest in very large-scale data management has explodedand as a consequence; existing tools and techniques have been found severaly lacking inseveral respects. First; traditional database servers are very suited for regular-structure data;but are poor at handling heterogeneous or partially structured data. Second; even thoughdatabase servers have reach scalability degrees sufficient to power any branch of modernbusiness today; they have been built on strong transactional guarantees; which limit theirsuccess on massively parallel installations; such as those backed by parallel programmingframeworks and in particular MapReduce [5]. In this context; a new breed of systems hasseen the day; broadly labeled as “NoSQL”. The name stands for Not Only SQL; andrepresents the ambition of going beyond the typical concepts of conjunctive queries on …,*,2013,*
Accessing and using complex multimedia documents in a digital library,Anh Tuan Ly,In the context of three European projects; our research team has developed a data modeland query language for digital libraries supporting identification; structuring; metadata; anddiscovery and reuse of digital resources. The model is inspired by the Web and it isformalized as a first-order theory; certain models of which correspond to the notion of digitallibrary. In addition; a full translation of the model to RDF and of the query language toSPARQL has been proposed to demonstrate the feasibility of the model and its suitability forpractical applications. The choice of RDF is due to the fact that it is a generally acceptedrepresentation language in the context of digital libraries and the Semantic Web. One of themajor aims of the thesis was to design and actually implement a simplified form of a digitallibrary management system based on the theoretical model. To obtain this; we have …,*,2013,*
Knowledge Representation meets DataBases for the sake of ontology-based data management,François Goasdoué,This Habilitation thesis outlines my research activities carried out as an Associate Professorat Univ. Paris-Sud and Inria Saclay Île-de-France. During this period; from 2003 to early2012; my work was-and still is-at the interface between Knowledge Representation andDatabases. I have mainly focused on ontology-based data management using the SemanticWeb data models promoted by W3C: the Resource Description Framework (RDF) and theWeb Ontology Language (OWL). In particular; my work has covered (i) the design;(ii) theoptimization; and (iii) the decentralization of ontology-based data management techniquesin these data models. This thesis briefly reports on the results obtained along these lines ofresearch.,*,2012,*
Robust Semantic Modules for Safe Reuse in DL-lite,François Goasdoué; Marie-Christine Rousset,Abstract More and more modern data management systems are defined using ontologies.Ontologies provide the basis for structuring data of a given application domain; possiblycoming from multiple sources; in order to facilitate their interrogation. In many applicationdomains; comprehensive ontologies resulting from collaborative initiatives are madeavailable. Such well-established ontologies are often associated with reliable data–carefullycollected and verified–; thus providing reference data management systems in differentdomains of application. To build a new system with specific needs; it is therefore a goodpractice to start from an existing reference system; to extract a fragment (called a module)that is relevant to our needs; and then to enrich this fragment with new data and knowledgeproper to our own exploitation needs. The purpose of this paper is to define and study the …,*,2010,*
Web sémantique: de la terminologie aux services web (Technique et science informatiques RSTI série TSI Vol. 28 N 2/Février 2009),François GOASDOUÉ; Alain LÉGER,*,européen des systèmes automatisés,2009,*
Systèmes pair-à-pair sémantiques et extension (non) conservative d'une base de connaissances,François Goasdoué; Nada Abdallah,Cet article montre en quoi la notion d'extension non conservative d'une base deconnaissances (KB) est importante dans les systèmes d'inférence pair-à-pair (P2PIS); aussiconnus sous le nom de systèmes pair-à-pair sémantiques. Cette notion est utile à un pairafin de détecter si (une partie de) sa KB est corrompue par un P2PIS ou pour apprendre duP2PIS de nouvelles connaissances sur son propre domaine d'application. Cette notion estd'autant plus importante qu'elle a des liens étroits avec la confidentialité des connaissancesd'un pair au sein d'un P2PIS et avec la qualité de service fournie par un P2PIS. Nousétudions ici; du point de vue théorique et de l'algorithmique décentralisée; les deuxproblèmes suivants:(i) décider si un P2PIS est une extension conservative d'un pair donnéet (ii) calculer les témoins d'une possible corruption de la KB d'un pair donné par un …,Journées de bases de données avancées (BDA),2008,*
Calcul de conséquences pour le test d'extension conservative dans un système pair-à-pair,Nada Abdallah; François Goasdoué,Dans un système d'inférence pair-à-pair (P2PIS); un pair étend sa base de connaissances(KB) avec celle des autres pairs afin d'utiliser leurs connaissances pour répondre auxrequêtes qui lui sont posées. Toutefois; l'ex tension d'une KB n'est pas nécessairementconservative. Une extension conservative garantit que le sens d'une KB est le mêmelorsqu'elle est considérée seule ou avec son extension. En revanche; une extension nonconservative peut changer radicalement le sens d'une KB au sein de la théorie résultante. Ilest par conséquent crucial pour un pair de savoir si un P2PIS est une extensionconservative de sa KB. En effet; si ce n'est pas le cas (i) ses utilisateurs n'ont plus la bonneinterprétation de sa KB; donc des requêtes en termes de sa KB et des réponses à celles-ciet (ii) les connaissances qu'il fournit aux autres pairs ne sont pas celles escomptées. Cet …,JFPC 2008-Quatrièmes Journées Francophones de Programmation par Contraintes,2008,*
Calcul de conséquences dans un système d'inférence pair-à-pair propositionnel (revisité),Nada Abdallah; François Goasdoué,Dans cet article; nous étudions le calcul de conséquences dans les systèmes d'inférencepair-à-pair (P2PIS) propositionnels avec des mappings orientés. Dans ces systèmes; unmapping allant d'un pair vers un autre spécifie un ensemble de connaissances que lepremier pair doit observer; ainsi que les connaissances qu'il doit notifier au second pair siles connaissances observées sont satisfaites. Ces nouveaux P2PIS pouvant modéliser denombreuses applications réelles; il est important de les doter d'inférences clés de l'IA; enl'occurrence du calcul de conséquences. Nos contributions sont doubles. Nous définissonstout d'abord le premier cadre logique pour représenter des P2PIS propositionnels avec desmappings orientés. Nous étudions ensuite le calcul de conséquences dans ce nouveaucadre. En particulier; nous proposons un algorithme totalement décentralisé pour ce …,Reconnaissance des Formes et Intelligence Artificielle (RFIA),2008,*
To cite this version,Šejla Čebirić; François Goasdoué; Ioana Manolescu,ABSTRACT The Resource Description Framework (RDF) is the W3C's graph data model forSemantic Web applications. We study the problem of RDF graph summarization: given aninput RDF graph G; find an RDF graph SG which summarizes G as accurately as possible;while being possibly orders of magnitude smaller than the original graph. Our summariesare aimed as a help for query formulation and optimization; in particular; querying asummary of a graph should reflect whether the query has some answers against this graph.We introduce two summaries: a baseline which is compact and simple and satisfies certainaccuracy and representativeness properties; but may oversimplify the RDF graph; and arefined one which trades some of these properties for more accuracy in representing thestructure. The demonstration will allow the audience to compute such summaries out of a …,*,*,*
architecture for data journalism,R Bonaque; TD Cao; B Cautis; F Goasdoué; J Letelier; I Manolescu; O Mendoza; S Ribeiro; X Tannier; M Thomazo,ABSTRACT As the world's affairs get increasingly more digital; timely production andconsumption of news require to efficiently and quickly exploit heterogeneous data sources.Discussions with journalists revealed that content management tools currently at theirdisposal fall very short of expectations. We demonstrate TATOOINE; a lightweight dataintegration prototype; which allows to quickly set up integration queries across (very)heterogeneous data sources; capitalizing on the many data links (joins) available in thisapplication domain. Our demonstration is based on scenarios we study in collaboration withLe Monde; France's major newspaper.,*,*,*
Least general generalizations in RDF and SPARQL,Sara El Hassad; François Goasdoué; Hélène Jaudoin,*,*,*,*
Benjamin Djahandideh; François Goasdoué; Zoi Kaoudi; Ioana Manolescu; Jorge Quiané-Ruiz; Stamatis Zampetakis,Benjamin Djahandideh,RESUM E RDF est un modele de donnéesa la popularité croissante dans les applicationsréelles; menant ainsia la création et l'exploitation de large volumes de données RDF. Desméthodes efficaces de gestion de données RDF sont cruciales pour permettre le passageal'échelle des applications. Dans cette démonstration; nous mettons en avant la grandeefficacité de CliqueSquare; un systeme de gestion de données RDF conçu au-dessus d'uneinfrastructurea la MapReduce. Nous montrons trois principaux aspects de CliqueSquare:(i)la réduction significative du traffic réseau pendant l'évaluation de requêtes;(ii) l'évaluationde requêtes potentiellement grandes en peu de jobs MapReduce et (iii) l'amélioration desperformances de traitement des requêtes par la production de plans de type DAG. Danstous les scénarios de démonstration; l'audience est invitéea interagir avec le systeme …,*,*,*
Gestion de points de vues sur des données RDF,François Goasdoué; Ioana Manolescu,*,*,*,*
Médiation sur la toile,François GOASDOUÉ; Marie-Christine ROUSSET,Résumé: L'intégration d'information est une discipline récente et incontournable del'informatique. Elle a pour but de faciliter aux utilisateurs de moyens informatiques l'accèsaux informations disséminées sur les réseaux (Internet; intranets;…). Les applicationsd'intégration d'informations les plus connues du grand public sont certainement les moteursde recherche (Google; Voila; Yahoo…). Une méthode d'intégration nommée médiationpermet d'aller audelà des services rendus par ces moteurs en concevant par exemple desportails de commerce électronique capables d'intégrer les données de plusieursfournisseurs de contenu (Kelkoo;…). C'est cette méthode que nous abordons ici enprésentant les travaux menés sur ce sujet dans l'équipe Intelligence Artificielle et Systèmesd'Inférence du Laboratoire de Recherche en Informatique de l'Université Paris-Sud …,*,*,*
Cost-based logical optimization for DAG plans of reformulated queries,Damian Bursztyn; François Goasdoué; Ioana Manolescu; Alessandro Solimando; Michaël Thomazo,Query answering in presence of semantic constraints must cope with both explicit andimplicit data. Two families of query answering techniques have been proposed in literature;namely Saturation-based; which adds all the implicit knowledge to the explicit graph; that isthen queried in a classical way; and Reformulation-based; which does not alter the set ofexplicit data; but reformulates the original query under the given contraints in such a waythat ensure completeness also wrt implicit knowledge. Different reformulation algorithmshave been proposed in literature. Union of conjunctive queries (UCQ) reformulation [6; 10; 8;11; 4; 1; 5; 3; 7] applies to various fragments of RDF; ranging from the Description Logics(DL) one up to the Database (DB) one. Another notable reformulation technique computessemi-conjunctive queries (SCQ) reformulations [9] and can be applied to the DL fragment …,*,*,*
ICTAI 2014 Program Committee,Myriam Abramson; Malak Al-Nory; George Anastassakis; Charles Anderson; Iman Attarzadeh; Andreas Andreou; Soumya Banerjee; Bits Mesra; India Nick Bassiliades; Raj Bhatnagar; Wei Bian; Mihai Boicu; Nizar Bouguila; Krysia Broda; Alexander Brodsky; James Brusey; Ivo Bukovsky; Angelo Cangelosi; Longbing Cao; Philip Chan; Keke Chen; Shyi-Ming Chen; Gennaro Cordasco; Nigel Crook; Belen Diaz-Agudo; Scott Dick; Anna Esposito; Meng Fang; Germain Forestier; Claude Frasson; Miguel García Torres; Xin Geng; Chen Gong; Hao Han; Jin-Kao Hao; Ioannis Hatzilygeroudis; Jun Huan; Nobuhiro Inuzuka; Naohiro Ishii; Yuji Iwahori; Shen Jialie; Jose M Juarez,Myriam Abramson; Naval Research Laboratory; USA Malak Al-Nory; Effat University; Saudi ArabiaGeorge Anastassakis; University of Piraeus; Greece Charles Anderson; Colorado StateUniversity; USA Iman Attarzadeh; University Malaya; Malaysia Andreas Andreou; University ofCyprus; Cyprus Soumya Banerjee; Bits Mesra; India Nick Bassiliades; Aristotle University ofThessaloniki; Greece Philippe Besnard; CNRS/IRIT; France Ateet Bhalla; Oriental Institute ofScience & Technology; India Raj Bhatnagar; University of Cincinnati; USA Wei Bian; Universityof Technology; Sydney; Australia Mihai Boicu; George Mason University; USA NizarBouguila; Concordia University; Canada Krysia Broda; Imperial College; UK AlexanderBrodsky; George Mason University; USA James Brusey; Coventry University; UK IvoBukovsky; Czech Technical University in Prague; Czech Republic Angelo Cangelosi …,*,*,*
To cite this version,François Goasdoué; Konstantinos Karanasos; Yannis Katsis; Julien Leblay; Ioana Manolescu; Stamatis Zampetakis,ABSTRACT Fact checking and data journalism are currently strong trends. The sheeramount of data at hand makes it difficult even for trained professionals to spot biased;outdated or simply incorrect information. We propose to demonstrate Fact-Minder; a factchecking and analysis assistance application. SIGMOD attendees will be able to analyzedocuments using FactMinder and experience how background knowledge and open datarepositories help build insightful overviews of current topics.,*,*,*
ICTAI 2011,Salem Alelyani; Aijun An; Charles Anderson; John Anderson; Augusto Andrade; Iman Attarzadeh; James Bailey; Philippe Besnard; Wei Bian; Mihai Boicu; Gianluca Bontempi; Nizar Bouguila; Harry Bunt; Longbing Cao; Andrea Carbone; Philip Chan; Philippe Chatalic; Sanjay Chawla; Ling Chen; Keke Chen; Mark Clement; Nicolae Constantin; Aaron Crandall; Alfredo Cuzzocrea; Belen Diaz-Agudo; Scott Dick; Wei Ding; Prabu Dorairaj; Eliza Yingzi; Yi Fang; Jose Augusto Andrade Filho; Germain Forestier; Kehan Gao; François Goasdoué; Youssef Hamadi; Ioannis Hatzilygeroudis; Vasant Honavar; Jun Huan; Kun Huang; Jason Van Hulse,Salem Alelyani; Arizona State University; USA Aijun An; York University; Canada CharlesAnderson; Colorado State University; USA John Anderson; University of Manitoba; Canada AugustoAndrade; Arizona State University; USA Iman Attarzadeh; University of Malaysia; Malaysia JamesBailey; The University of Melbourne; Australia Philippe Besnard; CNRS / IRIT; France WeiBian; Nanyang Technological University; Singapore Mihai Boicu; George Mason University;USA Gianluca Bontempi; Université Libre de Bruxelles; Belgium Nizar Bouguila ; ConcordiaUniversity; Canada Harry Bunt; Tilburg University; Netherlands Longbing Cao; UniversithTechnology; Sydney; Australia Andrea Carbone ; ISIR/UPMC (Paris) ; France Philip Chan; FloridaInstitute of Technology; USA Philippe Chatalic; Univ. Paris- INRIA Saclay ; France SanjayChawla; Sydney University ; Australia Ling Chen; Universith Technology; Sydney …,*,*,*
Take What You Need: Efficiently Querying Semantic Web Data,Dario Colazzo; François Goasdoué; Ioana Manolescu,The “Web of Data” vision behind the initial World Wide Web project has found its most recentincarnation through the Semantic Web. More and more data sources are being exported orproduced as triples; using the Resource Description Format (or RDF; in short) modelstandardized by the W3C [1]. To exploit this wealth of data; the SPARQL query language hasbeen defined [2]; subsequently; novel techniques and algorithms have been proposed forthe processing of SPARQL queries; based on indexing [3]; efficient join processing [4]; andoptimized stores [5]; to name a few. The Oak team brings together Inria and University ofParis Sud faculty working on large-scale management of complex data. The team hasworked extensively on efficient algorithms for query processing on Web data. A class oftechniques of particular interest are based on data projection: the idea is to prune (restrict …,*,*,*
Habilitationa Diriger des Recherches,Knowledge Representation meets Databases; François Goasdoué,Abstract This Habilitation thesis outlines my research activities carried out as an AssociateProfessor at Université Paris-Sud and Inria Saclay Île-de-France. During this period; from2003 to early 2012; my work was–and still is–at the interface between KnowledgeRepresentation and Databases. I have mainly focused on ontology-based datamanagement using the Semantic Web data models promoted by W3C: the ResourceDescription Framework (RDF) and the Web Ontology Language (OWL). In particular; mywork has covered (i) the design;(ii) the optimization; and (iii) the decentralization of ontology-based data management techniques in these data models. This thesis briefly reports on theresults obtained along these lines of research.,*,*,*
Raisonnement distribue dans un environnement de type Peer-To-Peer,P Adjiman; P Chatalic; F Goasdoué; MC Rousset; L Simon,Résumé Dans un systeme d'inférence peer-to-peer; chaque peer peut raisonner localementmais peut également solliciter son voisinage constitué des peers avec lesquels il partageune partie de son vocabulaire. Dans cet article; on s' intéresse aux systemes d'inférencepeer-to-peer dans lesquels la théorie de chaque peer est un ensemble de clausespropositionnelles construitesa partir d'un vocabulaire local. Une caractéristique importantedes systemes peer-to-peer est que la théorie globale (l'union des théories de tout les peers)n'est pas connue (par opposition aux systemes de raisonnement fondés sur lepartitionnement). La contribution de cet article est double. Nous exposons le premieralgorithme de calcul d'impliqués dans un environnement peer-to-peer: il est anytime etcalcul les impliqués progressivement depuis le peer interrogé jusqu'aux peers de plus en …,*,*,*
Systemes pair-a-pair sémantiques et extension non conservative d’une base de connaissances Peer-to-Peer Semantic Systems and Non Conservative Extension of...,Nada Abdallah; François Goasdoué,Résumé Cet article montre en quoi la notion d'extension non conservative d'une base deconnaissances (KB) est importante dans les sytemes d'inférence pair-apair (P2PIS); aussiconnus sous le nom de systemes pair-a-pair sémantiques. Cette notion est utilea un pairafin de détecter si (une partie de) sa KB est corrompue par un P2PIS ou pour apprendre duP2PIS de nouvelles connaissances sur son propre domaine d'application. Cette notion estd'autant plus importante qu'elle a des liens étroits avec la confidentialité des connaissancesd'un pair au sein d'un P2PIS et avec la qualité de service fournie par un P2PIS. Nousétudions ici; du point de vue théorique et de l'algorithmique décentralisée; les deuxproblemes suivants:(i) décider si un P2PIS est une extension conservative d'un pair donnéet (ii) calculer les témoins d'une possible corruption de la KB d'un pair donné par un …,*,*,*
