MonetDB/XQuery: a fast XQuery processor powered by a relational engine,Peter Boncz; Torsten Grust; Maurice Van Keulen; Stefan Manegold; Jan Rittinger; Jens Teubner,Abstract Relational XQuery systems try to re-use mature relational data managementinfrastructures to create fast and scalable XML database technology. This paper describesthe main features; key contributions; and lessons learned while implementing such asystem. Its architecture consists of (i) a range-based encoding of XML documents intorelational tables;(ii) a compilation technique that translates XQuery into a basic relationalalgebra;(iii) a restricted (order) property-aware peephole relational query optimizationstrategy; and (iv) a mapping from XML update statements into relational updates. Thus; thissystem implements all essential XML database functionalities (rather than a single feature)such that we can learn from the full consequences of our architectural decisions. Whileimplementing this system; we had to extend the state-of-the-art with a number of new …,Proceedings of the 2006 ACM SIGMOD international conference on Management of data,2006,360
Staircase join: Teach a relational DBMS to watch its (axis) steps,Torsten Grust; Maurice van Keulen; Jens Teubner,Abstract Relational query processors derive much of their effectiveness from the awarenessof specific table properties like sort order; size; or absence of duplicate tuples. This textapplies (and adapts) this successful principle to database-supported XML and XPathprocessing: the relational system is made tree aware; ie; tree properties like subtree size;intersection of paths; inclusion or disjointness of subtrees are made explicit. We propose alocal change to the database kernel; the staircase join; which encapsulates the necessarytree knowledge needed to improve XPath performance. Staircase join operates on an XMLencoding which makes this knowledge available at the cost of simple integer operations(eg;+;≤). We finally report on quite promising experiments with a staircase join enhancedmain-memory database kernel.,Proceedings of the 29th international conference on Very large data bases-Volume 29,2003,224
High performance thermoelectric Tl 9 BiTe 6 with an extremely low thermal conductivity,Bernd Wölfing; Christian Kloc; Jens Teubner; Ernst Bucher,Abstract Tl 9 BiTe 6 exhibits a thermoelectric figure of merit of ZT∼ 1.2 around 500 K; whichsignificantly exceeds the state-of-the-art materials in this temperature range. Theextraordinary thermoelectric performance is mainly due to the extremely low thermalconductivity of Tl 9 BiTe 6 [0.39 W/(m ̇ K) at 300 K]. In fact; the minimum lifetime of thephonons has to be taken into account to describe the thermal conductivity data.,Physical review letters,2001,211
Accelerating XPath evaluation in any RDBMS,Torsten Grust; Maurice Van Keulen; Jens Teubner,Abstract This article is a proposal for a database index structure; the XPath accelerator; thathas been specifically designed to support the evaluation of XPath path expressions. Assuch; the index is capable to support all XPath axes (including ancestor; following;preceding-sibling; descendant-or-self; etc.). This feature lets the index stand out amongrelated work on XML indexing structures which had a focus on the child and descendantaxes only. The index has been designed with a close eye on the XPath semantics as well asthe desire to engineer its internals so that it can be supported well by existing relationaldatabase query processing technology: the index (a) permits set-oriented (or; rather;sequence-oriented) path evaluation; and (b) can be implemented and queried using well-established relational index structures; notably B-trees and R-trees. We discuss the …,ACM Transactions on Database Systems (TODS),2004,200
XQuery on SQL hosts,Torsten Grust; Sherif Sakr; Jens Teubner,Abstract Relational database systems may be turned into efficient XML and XPathprocessors if the system is provided with a suitable relational tree encoding. This paperextends this relational XML processing stack and shows that an RDBMS can also serve as ahighly efficient XQuery runtime environment. Our approach is purely relational: XQueryexpressions are compiled into SQL code which operates on the tree encoding. The core ofthe compilation procedure trades XQuery's notions of variable scopes and nested iteration(FLWOR blocks) for equi-joins. The resulting relational XQuery processor closely adheres tothe language semantics; eg; it obeys node identity as well as document and sequenceorder; and can support XQuery's full axis feature. The system exhibits quite promisingperformance figures in experiments. Somewhat unexpectedly; we will also see that the …,Proceedings of the Thirtieth international conference on Very large data bases-Volume 30,2004,170
Main-memory hash joins on multi-core CPUs: Tuning to the underlying hardware,Cagri Balkesen; Jens Teubner; Gustavo Alonso; M Tamer Özsu,The architectural changes introduced with multi-core CPUs have triggered a redesign ofmain-memory join algorithms. In the last few years; two diverging views have appeared. Oneapproach advocates careful tailoring of the algorithm to the architectural parameters (cachesizes; TLB; and memory bandwidth). The other approach argues that modern hardware isgood enough at hiding cache and TLB miss latencies and; consequently; the carefultailoring can be omitted without sacrificing performance. In this paper we demonstratethrough experimental analysis of different algorithms and architectures that hardware stillmatters. Join algorithms that are hardware conscious perform better than hardware-obliviousapproaches. The analysis and comparisons in the paper show that many of the claimsregarding the behavior of join algorithms that have appeared in literature are due to …,Data Engineering (ICDE); 2013 IEEE 29th International Conference on,2013,167
Data processing on FPGAs,Rene Mueller; Jens Teubner; Gustavo Alonso,Abstract Computer architectures are quickly changing toward heterogeneous many-coresystems. Such a trend opens up interesting opportunities but also raises immensechallenges since the efficient use of heterogeneous many-core systems is not a trivialproblem. In this paper; we explore how to program data processing operators on top of field-programmable gate arrays (FPGAs). FPGAs are very versatile in terms of how they can beused and can also be added as additional processing units in standard CPU sockets. In thepaper; we study how data processing can be accelerated using an FPGA. Our resultsindicate that efficient usage of FPGAs involves non-trivial aspects such as having the rightcomputation model (an asynchronous sorting network in this case); a careful implementationthat balances all the design constraints in an FPGA; and the proper integration strategy to …,Proceedings of the VLDB Endowment,2009,159
Multi-core; main-memory joins: Sort vs. hash revisited,Cagri Balkesen; Gustavo Alonso; Jens Teubner; M Tamer Özsu,Abstract In this paper we experimentally study the performance of main-memory; parallel;multi-core join algorithms; focusing on sort-merge and (radix-) hash join. The relativeperformance of these two join approaches have been a topic of discussion for a long time.With the advent of modern multi-core architectures; it has been argued that sort-merge join isnow a better choice than radix-hash join. This claim is justified based on the width of SIMDinstructions (sort-merge outperforms radix-hash join once SIMD is sufficiently wide); andNUMA awareness (sort-merge is superior to hash join in NUMA architectures). We conductextensive experiments on the original and optimized versions of these algorithms. Theexperiments show that; contrary to these claims; radix-hash join is still clearly superior; andsort-merge approaches to performance of radix only when very large amounts of data are …,Proceedings of the VLDB Endowment,2013,139
Streams on wires: a query compiler for FPGAs,Rene Mueller; Jens Teubner; Gustavo Alonso,Abstract Taking advantage of many-core; heterogeneous hardware for data processingtasks is a difficult problem. In this paper; we consider the use of FPGAs for data streamprocessing as coprocessors in many-core architectures. We present Glacier; a componentlibrary and compositional compiler that transforms continuous queries into logic circuits bycomposing library components on an operator-level basis. In the paper we considerselection; aggregation; grouping; as well as windowing operators; and discuss their designas modular elements. We also show how significant performance improvements can beachieved by inserting the FPGA into the system's data path (eg; between the networkinterface and the host CPU). Our experiments show that queries on the FPGA can processstreams at more than one million tuples per second and that they can do this directly from …,Proceedings of the VLDB Endowment,2009,121
How soccer players would do stream joins,Jens Teubner; Rene Mueller,Abstract In spite of the omnipresence of parallel (multi-core) systems; the predominantstrategy to evaluate window-based stream joins is still strictly sequential; mostly juststraightforward along the definition of the operation semantics. In this work we presenthandshake join; a way of describing and executing window-based stream joins that is highlyamenable to parallelized execution. Handshake join naturally leverages available hardwareparallelism; which we demonstrate with an implementation on a modern multi-core systemand on top of field-programmable gate arrays (FPGAs); an emerging technology that hasshown distinctive advantages for high-throughput data processing.,Proceedings of the 2011 ACM SIGMOD International Conference on Management of data,2011,99
Sorting networks on FPGAs,Rene Mueller; Jens Teubner; Gustavo Alonso,Abstract Computer architectures are quickly changing toward heterogeneous many-coresystems. Such a trend opens up interesting opportunities but also raises immensechallenges since the efficient use of heterogeneous many-core systems is not a trivialproblem. Software-configurable microprocessors and FPGAs add further diversity but alsoincrease complexity. In this paper; we explore the use of sorting networks on field-programmable gate arrays (FPGAs). FPGAs are very versatile in terms of how they can beused and can also be added as additional processing units in standard CPU sockets. Ourresults indicate that efficient usage of FPGAs involves non-trivial aspects such as having theright computation model (a sorting network in this case); a careful implementation thatbalances all the design constraints in an FPGA; and the proper integration strategy to link …,The VLDB Journal—The International Journal on Very Large Data Bases,2012,95
Complex event detection at wire speed with FPGAs,Louis Woods; Jens Teubner; Gustavo Alonso,Abstract Complex event detection is an advanced form of data stream processing where thestream (s) are scrutinized to identify given event patterns. The challenge for many complexevent processing (CEP) systems is to be able to evaluate event patterns on high-volumedata streams while adhering to real-time constraints. To solve this problem; in this paper wepresent a hardware-based complex event detection system implemented on field-programmable gate arrays (FPGAs). By inserting the FPGA directly into the data pathbetween the network interface and the CPU; our solution can detect complex events atgigabit wire speed with constant and fully predictable latency; independently of networkload; packet size; or data distribution. This is a significant improvement over CPU-basedsystems and an architectural approach that opens up interesting opportunities for hybrid …,Proceedings of the VLDB Endowment,2010,84
Why off-the-shelf RDBMSs are better at XPath than you might expect,Torsten Grust; Jan Rittinger; Jens Teubner,Abstract To compensate for the inherent impedance mismatch between the relational datamodel (tables of tuples) and XML (ordered; unranked trees); tree join algorithms havebecome the prevalent means to process XML data in relational databases; most notably theTwigStack [6]; structural join [1]; and staircase join [13] algorithms. However; the addition ofthese algorithms to existing systems depends on a significant invasion of the underlyingdatabase kernel; an option intolerable for most database vendors. Here; we demonstratethat we can achieve comparable XPath performance without touching the heart of thesystem. We carefully exploit existing database functionality and accelerate XPath navigationby purely relational means: partitioned B-trees bring access costs to secondary storage to aminimum; while aggregation functions avoid an expensive computation and removal of …,Proceedings of the 2007 ACM SIGMOD international conference on Management of data,2007,67
Glacier: a query-to-hardware compiler,Rene Mueller; Jens Teubner; Gustavo Alonso,Abstract Field-programmable gate arrays (FPGAs) are a promising technology that can beused in database systems. In this demonstration we show Glacier; a library and a compilerthat can be employed to implement streaming queries as hardware circuits on FPGAs.Glacier consists of a library of compositional hardware modules that represent streamprocessing operators. Given a query execution plan; the compiler instantiates thecorresponding components and wires them up to a digital circuit. The goal of this demo is toshow the flexibility of the compositional approach.,Proceedings of the 2010 ACM SIGMOD International Conference on Management of data,2010,61
Pathfinder: XQuery---the relational way,Peter Boncz; Torsten Grust; Maurice van Keulen; Stefan Manegold; Jan Rittinger; Jens Teubner,Abstract Relational query processors are probably the best understood (as well as the bestengineered) query engines available today. Although carefully tuned to process instances ofthe relational model (tables of tuples); these processors can also provide a foundation forthe evaluation of" alien"(non-relational) query languages: if a relational encoding of the aliendata model and its associated query language is given; the RDBMS may act like a special-purpose processor for the new language.,Proceedings of the 31st international conference on Very large data bases,2005,57
Relational Algebra: Mother Tongue—XQuery: Fluent,Torsten Grust; Jens Teubner,This work may be seen as a further proof of the versatility of the relational database model.Here; we add XQuery to the catalog of languages which RDBMSs are able to" speak"fluently. Given suitable relational encodings of sequences and ordered; unranked trees-thetwo data structures that form the backbone of the XML and XQuery data models-we describea compiler that translates XQuery expressions into a simple and quite standard relationalalgebra which we expect to be efficiently implementable on top of any relational queryengine. The compilation procedure is fully compositional and emits algebraic code thatstrictly adheres to the XQuery language semantics: document and sequence order as wellas node identity are obeyed. We exercise special care in translating arbitrarily nestedXQuery FLWOR iteration constructs into equi-joins; an operation which RDBMSs can …,Twente Data Management Workshop on XML Databases and Information Retrieval,2004,47
FPGA: what's in it for a database?,Rene Mueller; Jens Teubner,Abstract While there seems to be a general agreement that next years' systems will includemany processing cores; it is often overlooked that these systems will also include anincreasing number of different cores (we already see dedicated units for graphics or networkprocessing). Orchestrating the diversity of processing functionality is going to be a majorchallenge in the upcoming years; be it to optimize for performance or for minimal energyconsumption. We expect field-programmable gate arrays (FPGAs or" programmablehardware") to soon play the role of yet another processing unit; found in commoditycomputers. It is clear that the new resource is going to be too precious to be ignored bydatabase systems; but it is unclear how FPGAs could be integrated into a DBMS. With afocus on database use; this tutorial introduces into the emerging technology …,Proceedings of the 2009 ACM SIGMOD International Conference on Management of data,2009,38
A SQL: 1999 code generator for the pathfinder XQuery compiler,Torsten Grust; Manuel Mayr; Jan Rittinger; Sherif Sakr; Jens Teubner,Abstract The Pathfinder XQuery compiler has been enhanced by a new code generator thatcan target any SQL: 1999-compliant relational database system (RDBMS). This codegenerator marks an important next step towards truly relational XQuery processing; a branchof database technology that aims to turn RDBMSs into highly efficient XML and XQueryprocessors without the need to invade the relational database kernel. Pathfinder; aretargetable front-end compiler; translates input XQuery expressions into DAG-shapedrelational algebra plans. The code generator then turns these plans into sequences of eitherSQL: 1999 statements or view definitions which jointly implement the (sometimes intricate)XQuery semantics. In a sense; this demonstration thus lets relational algebra and SQL swaptheir traditional roles in database query processing. The result is a code generator that (1) …,Proceedings of the 2007 ACM SIGMOD international conference on Management of data,2007,37
FPGA acceleration for the frequent item problem,Jens Teubner; Rene Mueller; Gustavo Alonso,Field-programmable gate arrays (FPGAs) can provide performance advantages with a lowerresource consumption (eg; energy) than conventional CPUs. In this paper; we show how toemploy FPGAs to provide an efficient and high-performance solution for the frequent itemproblem.,Data engineering (icde); 2010 ieee 26th international conference on,2010,35
Dependable cardinality forecasts for XQuery,Jens Teubner; Torsten Grust; Sebastian Maneth; Sherif Sakr,Abstract Though inevitable for effective cost-based query rewriting; the derivation ofmeaningful cardinality estimates has remained a notoriously hard problem in the context ofXQuery. By basing the estimation on a relational representation of the XQuery syntax; weshow how existing cardinality estimation techniques for XPath and proven relationalestimation machinery can play together to yield dependable forecasts for arbitrary XQuery(sub) expressions. Our approach benefits from a light-weight form of data flow analysis.Abstract domain identifiers guide our query analyzer through the estimation process andallow for informed decisions even in case of deeply nested XQuery expressions. A variant ofprojection paths [15] provides a versatile interface into which existing techniques for XPathcardinality estimation can be plugged in seamlessly. We demonstrate an implementation …,Proceedings of the VLDB Endowment,2008,34
Spinning relations: high-speed networks for distributed join processing,Philip W Frey; Romulo Goncalves; Martin Kersten; Jens Teubner,Abstract By leveraging modern networking hardware (RDMA-enabled network cards); wecan shift priorities in distributed database processing significantly. Complex andsophisticated mechanisms to avoid network traffic can be replaced by a scheme that takesadvantage of the bandwidth and low latency offered by such interconnects. We illustrate thisphenomenon with cyclo-join; an efficient join algorithm based on continuously pumping datathrough a ring-structured network. Our approach is capable of exploiting the resources of allCPUs and distributed main-memory available in the network for processing queries ofarbitrary shape and datasets of arbitrary size.,Proceedings of the Fifth International Workshop on Data Management on New Hardware,2009,33
Frequent item computation on a chip,Jens Teubner; Rene Muller; Gustavo Alonso,Computing frequent items is an important problem by itself and as a subroutine in severaldata mining algorithms. In this paper; we explore how to accelerate the computation offrequent items using field-programmable gate arrays (FPGAs) with a threefold goal: increaseperformance over existing solutions; reduce energy consumption over CPU-based systems;and explore the design space in detail as the constraints on FPGAs are very different fromthose of traditional software-based systems. We discuss three design alternatives; each oneof them exploiting different FPGA features and each one providing different performance/scalability trade-offs. An important result of the paper is to demonstrate how the inherentmassive parallelism of FPGAs can improve performance of existing algorithms but only aftera fundamental redesign of the algorithms. Our experimental results show that; eg; the …,IEEE Transactions on Knowledge and Data Engineering,2011,31
eXrQuy: Order indifference in XQuery,Torsten Grust; Jan Rittinger; Jens Teubner,There are more spots than immediately obvious in XQuery expressions where order isimmaterial for evaluation-this affects most notably; but not exclusively; expressions in thescope of unordered {} and the argument of fn: unordered (). Clearly; performance gains arelurking behind such expression contexts but the prevalent impact of order on the XQuerysemantics reaches deep into any compliant XQuery processor; making it non-trivial to setthis potential free. Here; we describe how the relational XQuery compiler Pathfinderuniformly exploits such order indifference in a purely algebraic fashion: Pathfinder-emittedplans faithfully implement the required XQuery order semantics but (locally) ignore orderwherever this is admitted.,Data Engineering; 2007. ICDE 2007. IEEE 23rd International Conference on,2007,28
Pathfinder: XQuery Compilation Techniques for Relational Database Targets,Jens Thilo Teubner,Even after at least a decade of work on XML and semi-structured information; such data is stillpredominantly processed in main-memory; which obviously leads to significant constraints forgrowing XML document sizes. On the other hand; mature database technologies are readilyavailable to handle vast amounts of data easily. The most efficient ones; relational databasemanagement systems (RDBMSs); however; are largely locked-in to the processing of veryregular; table-shaped data only. In this thesis; we will unleash the power of relational databasetechnology to the domain of semi-structured data; the world of XML. We will present a purelyrelational XQuery processor that handles huge amounts of XML data in an efficient and scalablemanner. Our setup is based on a relational tree encoding. The XPath accelerator; also knownas pre/post numbering; has since become a widely accepted means to efficiently store …,*,2006,27
Main-memory hash joins on modern processor architectures,Çağrı Balkesen; Jens Teubner; Gustavo Alonso; M Tamer Özsu,Existing main-memory hash join algorithms for multi-core can be classified into two camps.Hardware-oblivious hash join variants do not depend on hardware-specific parameters.Rather; they consider qualitative characteristics of modern hardware and are expected toachieve good performance on any technologically similar platform. The assumption behindthese algorithms is that hardware is now good enough at hiding its own limitations-throughautomatic hardware prefetching; out-of-order execution; or simultaneous multi-threading(SMT)-to make hardware-oblivious algorithms competitive without the overhead of carefullytuning to the underlying hardware. Hardware-conscious implementations; such as (parallel)radix join; aim to maximally exploit a given architecture by tuning the algorithm parameters(eg; hash table sizes) to the particular features of the architecture. The assumption here is …,IEEE Transactions on Knowledge and Data Engineering,2015,26
Low-latency handshake join,Pratanu Roy; Jens Teubner; Rainer Gemulla,Abstract This work revisits the processing of stream joins on modern hardware architectures.Our work is based on the recently proposed handshake join algorithm; which is amechanism to parallelize the processing of stream joins in a NUMA-aware and hardware-friendly manner. Handshake join achieves high throughput and scalability; but it suffers froma high latency penalty and a non-deterministic ordering of the tuples in the physical resultstream. In this paper; we first characterize the latency behavior of the handshake join andthen propose a new low-latency handshake join algorithm; which substantially reduceslatency without sacrificing throughput or scalability. We also present a technique to generatepunctuated result streams with very little overhead; such punctuations allow the generationof correctly ordered physical output streams with negligible effect on overall throughput …,Proceedings of the VLDB Endowment,2014,25
Data processing on FPGAs,Jens Teubner; Louis Woods,Abstract Download Free Sample Roughly a decade ago; power consumption and heatdissipation concerns forced the semiconductor industry to radically change its course;shifting from sequential to parallel computing. Unfortunately; improving performance ofapplications has now become much more difficult than in the good old days of frequencyscaling. This is also affecting databases and data processing applications in general; andhas led to the popularity of so-called data appliances—specialized data processing engines;where software and hardware are sold together in a closed box. Field-programmable gatearrays (FPGAs) increasingly play an important role in such systems. FPGAs are attractivebecause the performance gains of specialized hardware can be significant; while powerconsumption is much less than that of commodity processors. On the other hand; FPGAs …,Synthesis Lectures on Data Management,2013,25
Skeleton automata for FPGAs: reconfiguring without reconstructing,Jens Teubner; Louis Woods; Chongling Nie,Abstract While the performance opportunities of field-programmable gate arrays field(FPGAs) field for high-volume query processing are well-known; system makers still have tocompromise between desired query expressiveness and high compilation effort. The cost ofthe latter is the primary limitation in building efficient FPGA/CPU hybrids. In this work wereport on an FPGA-based stream processing engine that does not have this limitation. Weprovide a hardware implementation of XML projection [14] that can be reconfigured in lessthan a micro-second; yet supports a rich and expressive dialect of XPath. By performing XMLprojection in the network; we can fully leverage its filtering effect and improve XQueryperformance by several factors.,Proceedings of the 2012 ACM SIGMOD International Conference on Management of Data,2012,25
A spinning join that does not get dizzy,Philip W Frey; Romulo Goncalves; Martin Kersten; Jens Teubner,As network infrastructures with 10 Gb/s bandwidth and beyond have become pervasive andas cost advantages of large commodity-machine clusters continue to increase; research andindustry strive to exploit the available processing performance for large-scale databaseprocessing tasks. In this work we look at the use of high-speed networks for distributed joinprocessing. We propose Data Roundabout as alight weight transport layer that uses RemoteDirect Memory Access (RDMA) to gain access to the throughput opportunities in modernnetworks. The essence of Data Roundabout is a ring shaped network in which each hoststores one portion of a large database instance. We leverage the available bandwidth to(continuously) pump data through the high-speed network. Based on Data Roundabout; wedemonstrate cyclo-join; which exploits the cycling flow of data to execute distributed joins …,Distributed Computing Systems (ICDCS); 2010 IEEE 30th International Conference on,2010,25
Pathfinder: Relational xquery over multi-gigabyte XML inputs in interactive time,Peter Alexander Boncz; Torsten Grust; Stefan Manegold; Jan Rittinger; Jens Teubner,textabstractUsing a relational DBMS as back-end engine for an XQuery processing systemleverages relational query optimization and scalable query processing strategies providedby mature DBMS engines in the XML domain. Though a lot of theoretical work has beendone in this area and various solutions have been proposed; no complete systems havebeen made available so far to give the practical evidence that this is a viable approach. Inthis paper; we describe the ourely relational XQuery processor Pathfinder that has been builton top of the extensible RDBMS MonetDB. Performance results indicate that the system iscapable of evaluating XQuery queries efficiently; even if the input XML documents becomehuge. We additionally present further contributions such as loop-lifted staircase join;techniques to derive order properties and to reduce sorting effort in the generated …,Information Systems [INS],2005,25
Parallel computation of skyline queries,Louis Woods; Gustavo Alonso; Jens Teubner,Due to stagnant clock speeds and high power consumption of commodity microprocessors;database vendors have started to explore massively parallel co-processors such as FPGAsto further increase performance. A typical approach is to push simple but compute-intensiveoperations (eg; prefiltering;(de) compression) to FPGAs for acceleration. In this paper; weshow how a significantly more complex operation-the computation of the skyline-can beholistically implemented on an FPGA. A skyline query computes the pareto optimal set ofmulti-dimensional data points. These queries have been studied in software extensivelyover the last decade but this paper is the first to examine skyline computation in hardware.We propose a methodology that interleaves data storage and computation; allowing multipleoperations to be executed on the same working set in parallel; while accounting for all …,Field-Programmable Custom Computing Machines (FCCM); 2013 IEEE 21st Annual International Symposium on,2013,24
Efficient frequent item counting in multi-core hardware,Pratanu Roy; Jens Teubner; Gustavo Alonso,Abstract The increasing number of cores and the rich instruction sets of modern hardwareare opening up new opportunities for optimizing many traditional data mining tasks. In thispaper we demonstrate how to speed up the performance of the computation of frequentitems by almost one order of magnitude over the best published results by matching thealgorithm to the underlying hardware architecture. We start with the observation that frequentitem counting; like other data mining tasks; assumes certain amount of skew in the data. Weexploit this skew to design a new algorithm that uses a pre-filtering stage that can beimplemented in a highly efficient manner through SIMD instructions. Using pipelining; wethen combine this pre-filtering stage with a conventional frequent item algorithm (Space-Saving) that will process the remainder of the data. The resulting operator can be …,Proceedings of the 18th ACM SIGKDD international conference on Knowledge discovery and data mining,2012,21
Robust query processing in co-processor-accelerated databases,Sebastian Breß; Henning Funke; Jens Teubner,Abstract Technology limitations are making the use of heterogeneous computing devicesmuch more than an academic curiosity. In fact; the use of such devices is widelyacknowledged to be the only promising way to achieve application-speedups that usersurgently need and expect. However; building a robust and efficient query engine forheterogeneous co-processor environments is still a significant challenge. In this paper; weidentify two effects that limit performance in case co-processor resources become scarce.Cache thrashing occurs when the working set of queries does not fit into the co-processor'sdata cache; resulting in performance degradations up to a factor of 24. Heap contentionoccurs when multiple operators run in parallel on a co-processor and when theiraccumulated memory footprint exceeds the main memory capacity of the co-processor …,Proceedings of the 2016 International Conference on Management of Data,2016,19
Less watts; more performance: an intelligent storage engine for data appliances,Louis Woods; Jens Teubner; Gustavo Alonso,Abstract In this demonstration; we present Ibex; a novel storage engine featuring hybrid;FPGA-accelerated query processing. In Ibex; an FPGA is inserted along the path betweenthe storage devices and the database engine. The FPGA acts as an intelligent storageengine supporting query off-loading from the query engine. Apart from significantperformance improvements for many common SQL queries; the demo will show how Ibexreduces data movement; CPU usage; and overall energy consumption in databaseappliances.,Proceedings of the 2013 ACM SIGMOD International Conference on Management of Data,2013,18
An Injection with Tree Awareness: Adding Staircase Join to PostgreSQL,Sabine Mayer; Torsten Grust; Maurice van Keulen; Jens Teubner,The syntactic wellformedness constraints of XML (opening and closing tags nest properly)imply that XML processors face the challenge to efficiently handle data that takes the shapeof ordered; unranked trees. Although RDBMSs have originally been designed to managetable-shaped data; we propose their use as XML and XPath processors. In our setup; thedatabase system employs a relational XML document encoding; the XPath accelerator [1];which maps information about the XML node hierarchy to a table; thus making it possible toevaluate XPath expressions on SQL hosts. Conventional RDBMSs; nevertheless; remainignorant of many interesting properties of the encoded tree data; and were thus found tomake no or poor use of these properties. This is why we devised a new join algorithm;staircase join [2]; which incorporates the tree-specific knowledge required for an efficient …,Proceedings of the Thirtieth international conference on Very large data bases-Volume 30,2004,18
FPGAs: a new point in the database design space,Rene Mueller; Jens Teubner,Abstract In line with the insight that" one size" of databases will not fit all application needs[19] the database community is currently exploring various alternatives to commodity; CPU-based system designs. One particular candidate in this trend are field-programmable gatearrays (FPGAs); programmable chips that allow tailor-made hardware designs optimized forspecific systems; applications; or even user queries. With a focus on database use; thistutorial introduces into FPGA technology; demonstrates its potential; but also pinpoints somechallenges that need to be addressed before FPGA-accelerated database systems can gomainstream. The goal of this tutorial is to develop an intuition of an FPGA developmentcycle; receive guidelines for a" good" FPGA design; but also learn the limitations thathardware-implemented database processing faces. Our more high-level ambition is to …,Proceedings of the 13th International Conference on Extending Database Technology,2010,17
Pathfinder: XQuery off the relational shelf,Torsten Grust; Jan Rittinger; Jens Teubner,Abstract The Pathfinder project makes inventive use of relational database technology—originally developed to process data of strictly tabular shape—to construct efficient database-supported XML and XQuery processors. Pathfinder targets database engines that implementa set-oriented mode of query execution: many off-the-shelf traditional database systemsmake for suitable XQuery runtime environments; but a number of off-beat storage back-endsfit that bill as well. While Pathfinder has been developed with a close eye on the XQuerysemantics; some of the techniques that we will review here will be generally useful toevaluate XQuery-style iterative languages on database back-ends.,IEEE Data Eng. Bull,2008,17
An inflationary fixed point operator in XQuery,Loredana Afanasiev; Torsten Grust; Maarten Marx; Jan Rittinger; Jens Teubner,We introduce a controlled form of recursion in XQuery; an inflationary fixed point operator;familiar from the context of relational databases. This operator imposes restrictions on theexpressible types of recursion; but we show that it is sufficiently versatile to capture a widerange of interesting use cases; including Regular XPath and its core transitive closureoperator. While the optimization of general user-defined recursive functions in XQueryappears elusive; we describe how inflationary fixed points can be efficiently evaluated;provided that the recursive XQuery expressions are distributive. We test distributivitysyntactically and algebraically; and provide experimental evidence that XQuery processorscan benefit substantially from this mode of evaluation.,Data Engineering; 2008. ICDE 2008. IEEE 24th International Conference on,2008,15
Enhanced passive bat rabies surveillance in indigenous bat species from Germany-a retrospective study,Juliane Schatz; Conrad Martin Freuling; Ernst Auer; Hooman Goharriz; Christine Harbusch; Nicholas Johnson; Ingrid Kaipf; Thomas Christoph Mettenleiter; Kristin Mühldorfer; Ralf-Udo Mühle; Bernd Ohlendorf; Bärbel Pott-Dörfer; Julia Prüger; Hanan Sheikh Ali; Dagmar Stiefel; Jens Teubner; Rainer Günter Ulrich; Gudrun Wibbelt; Thomas Müller,In Germany; rabies in bats is a notifiable zoonotic disease; which is caused by European batlyssaviruses type 1 and 2 (EBLV-1 and 2); and the recently discovered new lyssavirusspecies Bokeloh bat lyssavirus (BBLV). As the understanding of bat rabies in insectivorousbat species is limited; in addition to routine bat rabies diagnosis; an enhanced passivesurveillance study; ie the retrospective investigation of dead bats that had not been tested forrabies; was initiated in 1998 to study the distribution; abundance and epidemiology oflyssavirus infections in bats from Germany. A total number of 5478 individuals representing21 bat species within two families were included in this study. The Noctule bat (Nyctalusnoctula) and the Common pipistrelle (Pipistrellus pipistrellus) represented the mostspecimens submitted. Of all investigated bats; 1.17% tested positive for lyssaviruses …,PLoS neglected tropical diseases,2014,13
Visualizing vowel harmony,Thomas Mayer; Christian Rohrdantz; Miriam Butt; Frans Plank; Daniel Keim,Abstract This paper deals with vowel harmony from a cross-linguistic perspective; with theaim of visualizing the distribution of vowels in corpora so that languages with vowel harmonycan be distinguished from those lacking it. For this purpose vowel successions within wordsare statistically analyzed and visualized in a quadratic matrix whose rows and columns areordered according to their distribution in the text; with more similar vowels occurring closertogether. The method has been tested on the basis of Bible corpora in a variety of languagesincluding well-known harmonic languages such as Turkish; Hungarian and Finnish as wellas non-harmonic languages.,Linguistic issues in language technology,2010,13
Real-time pattern matching with FPGAs,Louis Woods; Jens Teubner; Gustavo Alonso,We demonstrate a hardware implementation of a complex event processor; built on top offield-programmable gate arrays (FPGAs). Compared to CPU-based commodity systems; oursolution shows distinctive advantages for stream monitoring tasks; eg; wire-speedprocessing and predictable performance. The demonstration is based on a query-to-hardware compiler for complex event patterns that we presented at VLDB 2010 [1]. Byexample of a click stream monitoring application; we illustrate the inner workings of ourcompiler and indicate how FPGAs can act as efficient and reliable processors for eventstreams.,Data Engineering (ICDE); 2011 IEEE 27th International Conference on,2011,12
Recursion in XQuery: put your distributivity safety belt on,Loredana Afanasiev; Torsten Grust; Maarten Marx; Jan Rittinger; Jens Teubner,Abstract We introduce a controlled form of recursion in XQuery; an inflationary fixed pointoperator; familiar from the context of relational databases. This operator imposes restrictionson the expressible types of recursion; but it is sufficiently versatile to capture a wide range ofinteresting use cases; including Regular XPath and its core transitive closure operator.While the optimization of general user-defined recursive functions in XQuery appearselusive; we describe how inflationary fixed points can be efficiently evaluated; provided thatthe recursive XQuery expressions are distributive. We test distributivity syntactically andalgebraically; and provide experimental evidence that XQuery processors can benefitsubstantially from this mode of evaluation.,Proceedings of the 12th International Conference on Extending Database Technology: Advances in Database Technology,2009,11
MonetDB/XQuery—consistent and efficient updates on the pre/Post plane,Peter Boncz; Jan Flokstra; Torsten Grust; Maurice van Keulen; Stefan Manegold; Sjoerd Mullender; Jan Rittinger; Jens Teubner,Abstract Relational XQuery processors aim at leveraging mature relational DBMS queryprocessing technology to provide scalability and efficiency. To achieve this goal; variousstorage schemes have been proposed to encode the tree structure of XML documents in flatrelational tables. Basically; two classes can be identified:(1) encodings using fixed-lengthsurrogates; like the preorder ranks in the pre/post encoding [5] or the equivalentpre/size/level encoding [8]; and (2) encodings using variable-length surrogates; like; eg;ORDPATH [9] or P-PBiTree [12]. Recent research [1] showed a clear advantage of theformer for efficient evaluation of XPath location steps; exploiting techniques like cheap nodeorder tests; positional lookup; and node skipping in staircase join [7]. However; onceupdates are involved; variable-length surrogates are often considered the better choice …,Advances in Database Technology-EDBT 2006,2006,10
Group Recommendation with Temporal Affinities.,Sihem Amer-Yahia; Behrooz Omidvar Tehrani; Senjuti Basu Roy; Nafiseh Shabib; G Alonso; F Geerts; L Popa; P Barceló; J Teubner,ABSTRACT We examine the problem of recommending items to ad-hoc user groups. Grouprecommendation in collaborative rating datasets has received increased attention recentlyand has raised novel challenges. Different consensus functions that aggregate the ratings ofgroup members with varying semantics ranging from least misery to pairwise disagreement;have been studied. In this paper; we explore a new dimension when computing grouprecommendations; that is; affinity between group members and its evolution over time. Weextend existing group recommendation semantics to include temporal affinity inrecommendations and design GRECA; an efficient algorithm that produces temporal affinity-aware recommendations for ad-hoc groups. We run extensive experiments that showsubstantial improvements in group recommendation quality when accounting for affinity …,EDBT,2015,9
Parallelizing data processing on FPGAs with shifter lists,Louis Woods; Gustavo Alonso; Jens Teubner,Abstract Parallelism is currently seen as a mechanism to minimize the impact of the powerand heat dissipation problems encountered in modern hardware. Data parallelism—basedon partitioning the data—and pipeline parallelism—based on partitioning the computation—are the two main approaches to leverage parallelism on a wide range of hardware platforms.Unfortunately; not all data processing problems are susceptible to either of those strategies.An example is the skyline operator [Börzsönyi et al. 2001]; which computes the set of Pareto-optimal points within a multidimensional dataset. Existing approaches to parallelize theskyline operator are based on data parallelism. As a result; they suffer from a high overheadwhen merging intermediate results because of the lack of a global view of the probleminherent to partitioning the input data.,ACM Transactions on Reconfigurable Technology and Systems (TRETS),2015,8
Scalable xquery type matching,Jens Teubner,Abstract XML Schema awareness has been an integral part of the XQuery language sinceits early design stages. Matching XML data against XML types is the main operation thatbacks up XQuery type expressions; such as typeswitch; instance of; or certain XPathoperators. This interaction is particularly vital in data-centric XQuery applications; wheredata come with detailed type information from an XML Schema document. So far there hasbeen little work on the optimization of those operations. This work presents an efficientimplementation of the runtime aspects of XML Schema support. We propose type ranks as anovel and uniform way to implement all facets of type matching in the W3C XQueryRecommendation. As a concise encoding of the type hierarchy defined by an XML Schemadocument; type ranks minimize the cost of checking the runtime type of XQuery singleton …,Proceedings of the 11th international conference on Extending database technology: Advances in database technology,2008,8
Snowfall: Hardware stream analysis made easy,Jens Teubner; Louis Woods,Field-programmable gate arrays (FPGAs) are chip devices that can be runtime-reconfiguredto realize arbitrary processing tasks directly in hardware. Industrial products [Net; Xtr] as wellas research prototypes [MTA09; MVB+09; SLS+10; TMA11] demonstrated how thiscapability can be exploited to build highly efficient processors for data warehousing; datamining; or stream analysis tasks. On the flip side; the construction of dedicated hardwarecircuits requires considerable engineering efforts and skills that are often not available inapplication-focussed development teams. To bridge this gap; at ETH we have developed aset of tools that aid developers of high-performance stream processing solutions and enableagile hardware generation for changing application demands.,*,2011,7
Pathfinder: A relational query optimizer explores xquery terrain,Jan Rittinger; Jens Teubner; Torsten Grust,Abstract Relational encodings of the static aspects of the XQuery data model; ie; tabularrepresentations for XML documents and ordered sequences of items; are widely used today.Since 2002; the Pathfinder and MonetDB/XQuery companion projects [BGvK+ 06] pursuethe primary goal to also embrace the complete dynamic semantics of XQuery (expressionevaluation and runtime aspects) with the help of relational database systems. In earlier work[GT04]; we have shown that relational algebra makes for a suitable target language in anXQuery compiler. This purely relational approach to XQuery inherits the scalabilityadvantages of the underlying relational database back-end and makes proven optimizationtechniques immediately applicable to the construction of XQuery processors.MonetDB/XQuery; an open-source system that implements this approach; is found among …,In Proc. of the 2007 BTW Conference (Datenbanksysteme für Business; Technologie und Web,2007,7
XLynx—an FPGA-based XML filter for hybrid XQuery processing,Jens Teubner; Louis Woods; Chongling Nie,Abstract While offering unique performance and energy-saving advantages; the use of Field-Programmable Gate Arrays (FPGAs) for database acceleration has demanded majorconcessions from system designers. Either the programmable chips have been used for verybasic application tasks (such as implementing a rigid class of selection predicates) or theircircuit definition had to be completely recompiled at runtime—a very CPU-intensive and time-consuming effort. This work eliminates the need for such concessions. As part of our XLynximplementation—an FPGA-based XML filter—we present skeleton automata; which is adesign principle for data-intensive hardware circuits that offers high expressiveness andquick reconfiguration at the same time. Skeleton automata provide a generic implementationfor a class of finite-state automata. They can be parameterized to any particular …,ACM Transactions on Database Systems (TODS),2013,6
Loop-lifted staircase join: from XPath to XQuery,Peter Alexander Boncz; Torsten Grust; Maurice vanKeulen; Stefan Manegold; Jan Rittinger; Jens Teubner,textabstractVarious techniques have been proposed for efficient evaluation of XPathexpressions; where the XPath location steps are rooted in a single sequence of contextnodes. Among these techniques; the staircase join allows to evaluate XPath location stepsalong arbitrary axes in at most one scan over the XML document; exploiting the XPathaccelerator encoding (aka. pre/post encoding). In XQuery; however; embedded XPath sub-expressions occur in arbitrarily nested for-loops. Thus; they are rooted in multiple sequencesof context nodes (one per iteration). Consequently; the previously proposed algorithms needto be applied repeatedly; requiring multiple scans over the XML document encoding. In thiswork; we present loop-lifted staircase join; an extension of the staircase join that allows toefficiently evaluate XPath sub-expressions in arbitrarily nested XQuery iteration scopes …,Information Systems [INS],2005,6
Bridging the GAP between relational and native XML storage with staircase join,Jens Teubner; Maurice van Keulen; Torsten Grust,Several mapping schemes have recently been proposed to store XML data in relationaltables. Relational database systems are readily available and can handle vast amounts ofdata very efficiently; taking advantage of physical properties that are specific to the relationalmodel; like sortedness or uniqueness. Tables that originate from XML documents; however;carry some further properties that cannot be exploited by current relational query processors.We propose a new join algorithm that is specifically designed to operate on XML datamapped to relational tables. The staircase join is fully aware of the underlying tree propertiesand allows for I/O and cache optimal query execution. As a local change to the databasekernel; it can easily be plugged into any relational database and allows for variousoptimization strategies; eg selection pushdown. Experiments with our prototype; based on …,15. GI Workshop on Foundations of Database Systems,2003,6
Data-intensive XQuery debugging with instant replay,Torsten Grust; Jan Rittinger; Jens Teubner,Abstract We explore the design and implementation of Rover; a postmortem debugger forXQuery. Rather than being based on the traditional breakpoint model; Rover acknowledgesXQuery's nature as a functional language: the debugger follows a declarative debuggingparadigm in which a user is enabled to observe the values of selected XQuerysubexpressions. Rover has been designed to hook into Pathfinder; an XQuery compiler thatemits relational algebra plans for evaluation on commodity relational database back-ends.The debugger instruments the subject query with fn: trace () calls which; at query runtime;populate database tables with relational representations of XQuery item sequences. Thanksto Pathfinder's loop-lifting compilation strategy; a Rover trace (1) may span multiple XQueryfor iteration scopes and (2) allows for interactive debugging sessions that can arbitrarily …,Proceedings of the 4th international workshop on XQuery implementation; experience and perspectives,2007,5
Flexible Analysis of Plant Genomes in a Database Management System.,Sebastian Dorok; Sebastian Breß; Jens Teubner; Gunter Saake,ABSTRACT Analysis of genomes has a wide range of applications from diseasesusceptibility studies to plant breeding research. For example; different types of barley havediffering characteristics regarding draught or salt tolerance. Thus; a typical use case iscomparing two plant genomes and try to deduce which genes are responsible for a certainresistance. For this; we need to find differences in large volumes of aligned genome data;which is already available in large genome databases. The challenge is to efficiently retrievethe genotypes of a certain range of the genome; and then; to determine variants and theirimpact on the plant organism. State-of-the-art tools are fixed pipelines with a fixedparametrization. However; in practice; users want to interactively analyse genome data andneed to customize the parametrization. In this demonstration; we show how we can …,EDBT,2015,4
Efficient Query Processing in Co-Processor-accelerated Databases,Sebastian Breß; Gunter Saake; Jens Teubner; Kai-Uwe Sattler,Abstract Advancements in hardware changed the bottleneck of modern database systemsfrom disk IO to main memory access and processing power. Since the performance ofmodern processors is primarily limited by a fixed energy budget; hardware vendors areforced to specialize processors. Consequently; processors become increasinglyheterogeneous; which already became commodity in the form of accelerated processingunits or dedicated co-processors such as graphics processing units. However; building arobust and efficient query engine for such heterogeneous co-processor environments is stilla significant challenge. Although the database community developed fast parallel algorithmsfor a large number of heterogeneous processors; we still require methods to use theseprocessors efficiently during query processing.,*,2015,3
MXQuery with hardware acceleration,Peter M Fischer; Jens Teubner,We demonstrate MXQuery/H; a modified version of MXQuery that uses hardwareacceleration to speed up XML processing. The main goal of this demonstration is to give aninteractive example of hardware/software co-design and show how system performance andenergy efficiency can be improved by off-loading tasks to FPGA hardware. To this end; weequipped MXQuery/H with various hooks to inspect the different parts of the system. Besidesthat; our system can finally really leverage the idea of XML projection. Though the idea ofprojection had been around for a while; its effectiveness remained always limited because ofthe unavoidable and high parsing overhead. By performing the task in hardware; we relievethe software part from this overhead and achieve processing speed-ups of several factors.,Data Engineering (ICDE); 2012 IEEE 28th International Conference on,2012,3
Optimization of high efficiency thermoelectrics based on Tl5Te3,Jens Teubner,Einige Materialien der Tl5Te3-Gruppe wurden vor kurzem als hocheffizient fürthermoelektrische Anwendungen identifiziert. In dieser Arbeit wurden Techniken untersucht;um die Materialien aus dieser Gruppe weiter zu optimieren. Die Verbindung Tl9SbTe6wurde charakterisiert. Sie bleibt jedoch hinter Tl9BiTe6 zurück; der besten ternärenVerbindung in der Tl5Te3-Gruppe. Untersuchungen an dem Legierungs-System Tl9SbTe6-Tl9BiTe6 wurden unternommen; um die elektronischen Eigenschaften zu optimieren und dieWärmeleitfähigkeit zu reduzieren. Messungen und theoretische Abschätzungen zeigen; daßein optimiertes Material in der Nähe der Verbindung Tl9BiTe6 zu suchen ist. Die erhoffteVerbesserung durch eine Reduktion der Wärmeleitfhäigkeit wurde jedoch nicht beobachtet.Der Einfluß verschiedener Dotierungen auf die thermoelektrischen Eigenschaften von …,*,2001,3
Efficient storage and analysis of genome data in databases,Sebastian Dorok; Sebastian Breß; Jens Teubner; Horstfried Läpple; Gunter Saake; Volker Markl,Genome-analysis enables researchers to detect mutations within genomes and deduce theirconsequences. Researchers need reliable analysis platforms to ensure reproducible andcomprehensive analysis results. Database systems provide vital support to implement therequired sustainable procedures. Nevertheless; they are not used throughout the completegenome-analysis process; because (1) database systems su er from high storage overheadfor genome data and (2) they introduce overhead during domain-specific analysis. Toovercome these limitations; we integrate genome-specific compression into databasesystems using a specialized database schema. Thus; we can reduce the storage overheadto 30%. Moreover; we can exploit genome-data characteristics during query processingallowing us to analyze real-world data sets up to five times faster than specialized …,Datenbanksysteme für Business; Technologie und Web (BTW 2017),2017,2
Advances in Database Technology,Martin Kersten; Boris Novikov; Jens Teubner; Vladimir Polutin; Stefan Manegold,*,Extending database technology,2009,2
Efficiently storing and analyzing genome data in database systems,Sebastian Dorok; Sebastian Breß; Jens Teubner; Horstfried Läpple; Gunter Saake; Volker Markl,Abstract Genome-analysis enables researchers to detect mutations within genomes anddeduce their consequences. Researchers need reliable analysis platforms to ensurereproducible and comprehensive analysis results. Database systems provide vital support toimplement the required sustainable procedures. Nevertheless; they are not used throughoutthe complete genome-analysis process; because (1) database systems suffer from highstorage overhead for genome data and (2) they introduce overhead during domain-specificanalysis. To overcome these limitations; we integrate genome-specific compression intodatabase systems using a specialized database schema. Thus; we can reduce the storageconsumption of a database approach by up to 35%. Moreover; we exploit genome-datacharacteristics during query processing allowing us to analyze real-world data sets up to …,Datenbank-Spektrum,2017,1
FPGAs for data processing: Current state,Jens Teubner,Abstract To escape a number of physical limitations (eg; bandwidth and thermal issues);hardware technology is strongly trending toward heterogeneous system designs; where alarge share of the application work can be off-loaded to accelerators; such as graphics ornetwork processors.,it-Information Technology,2017,1
Efficient storage and analysis of genome data in relational database systems,Sebastian Dorok,Abstract Genome analysis allows researchers to reveal insights about the genetic makeup ofliving organisms. In the near future; genome analysis will become a key means in thedetection and treatment of diseases that are based on variations of the genetic makeup. Tothis end; powerful variant detection tools were developed or are still under development.However; genome analysis faces a large data deluge. The amounts of data that areproduced in a typical genome analysis experiment easily exceed several 100 gigabytes. Atthe same time; the number of genome analysis experiments increases as the costs drop.Thus; the reliable and efficient management and analysis of large amounts of genome datawill likely become a bottleneck; if we do not improve current genome data management andanalysis solutions.,*,2017,1
The relational XQuery puzzle: a look-back on the pieces found so far,Jens Teubner,Abstract Given the tremendous versatility of relational database implementations toward awide range of database problems; it seems only natural to consider them as back-ends forXML data processing. Yet; the assumptions behind the language XQuery are considerablydifferent to those in traditional RDBMSs. The underlying data model is a tree; data andresults carry an intrinsic order; queries are described using explicit iteration and; after all;problems are everything else but regular. Solving the relational XQuery puzzle; therefore;has challenged a number of research groups over the past years. The purpose of this articleis to summarize and assess some of the results that have been obtained during this periodto solve the puzzle. Our main focus is on the Pathfinder XQuery compiler; a full referenceimplementation of a purely relational XQuery processor. As we dissect its components …,Computer Science-Research and Development,2009,1
Bridging the Gap Between Relational and Native XML Storage with Staircase Join,Torsten Grust; Jens Teubner; H Höpfner; G Saake; E Schallehn,*,*,2003,1
Pathfinder: Compiling XQuery for Execution on the Monet Database Engine.,Jens Teubner,Abstract The W3 Consortium is currently developing the XQuery specification to query XMLdata. It is still unclear; however; how these data can be stored and retrieved efficiently. Wepropose an XML storage and query execution system that is based on the main memorydatabase system Monet. This paper describes a technique to compile an entire XQueryexpression into a program that can then be executed on the Monet system.,VLDB PhD Workshop,2003,1
Efficient Main-Memory Hash Joins on Multi-Core CPUs: Does Hardware Still Matter,Cagri Balkesen; Jens Teubner; Gustavo Alonso; M Tamer Ozsu,ABSTRACT The architectural changes introduced with multi-core CPUs have triggered aredesign of main-memory join algorithms. In the last few years; two diverging views haveappeared. One approach advocates careful tailoring of the algorithm to the parameters ofthe architecture (cache sizes; TLB; and memory bandwidth). The other approach argues thatmodern hardware is good enough at hiding cache and TLB miss latencies and;consequently; the careful tailoring can be omitted without sacrificing performance. In thispaper we resolve this conflict through an extensive experimental analysis of the designspace using different algorithms and architectures. We have taken the algorithms presentedin previous work and reimplemented them so that their results are comparable. We have runthese optimized algorithms on the same datasets and compared their performance results …,*,*,1
5.2 Tradeoffs in Energy Efficient Data Management,Gustavo Alonso; Michaela Blott; Jens Teubner,Abstract This report documents the program and the outcomes of Dagstuhl Seminar 17102“Rethinking Productivity in Software Engineering”. In the following; we briefly summarize thegoals and format of the of the seminar; before we provide insights and an outlook; includinga few grand challenges; based on the results and statements collected during the seminar.,Databases on Future Hardware,2017,*
3.11 Adaptive FPGA-based Database Accelerators–Achievements; Possibilities; and Challenges,Gustavo Alonso; Michaela Blott; Jens Teubner,In this talk; we show the achievements of our research on adaptive FPGA-based databaseaccelerators as well as possibilities and challenges of such a system. Our approach exploitsthe capabilities of partial dynamic reconfiguration of FPGAs [1; 2; 3; 4]. After the analysis ofan incoming query; a query-specific hardware processing unit is generated on-the-fly andloaded on the FPGA for immediate query execution. With such adaptive accelerator weachieve a 10 times better performance and up to 30 times better energy efficiency comparedto software only solution on an x86-based server [5]. The challenges are the neededflexibility as well as the support of many different operations for accelerate real multi-userdatabase scenarios.,Databases on Future Hardware,2017,*
Dagstuhl Reports; Vol. 7; Issue 3 ISSN 2192-5283,Gustavo Alonso; Michaela Blott; Jens Teubner; Thomas Fritz; Gloria Mark; Gail C Murphy; Thomas Zimmermann; Swarat Chaudhuri; Sampath Kannan; Rupak Majumdar; Michael J Wooldridge; Timur Friedman; Aiko Pras; Jürgen Schönwälder; Anna Gál; Michal Koucký; Oded Regev; Till Tantau; Liliana Cucu-Grosjean; Robert Davis; Sanjoy K Baruah; Zoë Stephenson; Roman Beck; Christian Becker; Juho Lindman; Matti Rossi,Databases on Future Hardware (Dagstuhl Seminar 17101) Gustavo Alonso; Michaela Blott; andJens Teubner … Rethinking Productivity in Software Engineering (DagstuhlSeminar 17102) Thomas Fritz; Gloria Mark; Gail C. Murphy; and Thomas Zimmermann .........19 … Game Theory in AI; Logic; and Algorithms (Dagstuhl Seminar 17111) SwaratChaudhuri; Sampath Kannan; Rupak Majumdar; and Michael J. Wooldridge … Using Networksto Teach About Networks (Dagstuhl Seminar 17112) Timur Friedman; Aiko Pras; and JürgenSchönwälder ............................ 33 … Computational Complexity of Discrete Problems (DagstuhlSeminar 17121) Anna Gál; Michal Koucký; Oded Regev; and Till Tantau ......................... 45 …Mixed Criticality on Multicore / Manycore Platforms (Dagstuhl Seminar 17131) LilianaCucu-Grosjean; Robert Davis; Sanjoy K. Baruah; Zoë Stephenson ........ 70,*,2017,*
Energy Efficiency in Main-Memory Databases,Stefan Noll; Henning Funke; Jens Teubner,Abstract As the operating costs of today's data centres continue to increase and processormanufacturers are forced to meet thermal design power constraints when designing newhardware; the energy efficiency of a main-memory database management system becomesmore and more important. Plus; lots of database workloads are more memory-intensive thancompute-intensive; which results in computing power being unused and wasted. This canbecome a problem because wasting computing also means wasting electrical power. In thispaper; we experimentally study the impact of reducing the clock frequency of the processorand the impact of using fewer processor cores on the energy efficiency of common databasealgorithms such as scans; simple aggregations; simple hash joins; and state-of-the-art joinalgorithms. We stress the fundamental trade-off between peak performance and energy …,Datenbank-Spektrum,2017,*
Datenbanksysteme für Business; Technologie und Web (BTW 2017),Bernhard Mitschang; Daniela Nicklas; Frank Leymann; Harald Schöning; Melanie Herschel; Jens Teubner; Theo Härder; Oliver Kopp; Matthias Wieland,Die 17. Fachtagung „Datenbanksysteme für Business; Technologie und Web “(BTW) desFachbereichs „Datenbanken und Informationssysteme “(DBIS) der Gesellschaft fürInformatik (GI) findet vom 6. bis 10. März 2017 an der Universität Stuttgart statt. DieInformatik an der Universität Stuttgart zeichnet sich aus einerseits durch eine breitePraktische Informatik und andererseits durch den Themenfokus KomplexeInformationssysteme. Dazu zählen insbesondere Methoden; Techniken und Werkzeuge fürschnelle; sichere und flexible Informationssysteme sowie für die Erstellung und den Betriebmoderner Anwendungen. Der effiziente und intelligente Umgang mit heterogenenInformationen; etwa aus Datenbanken; Sensoren; wissenschaftlichen Experimenten; derCloud und dem Web spielt dabei eine wesentliche Rolle. Dieses Themenprofil passt …,*,2017,*
Datenbanksysteme für Business; Technologie und Web (BTW 2017)-Workshopband,Bernhard Mitschang; Daniela Nicklas; Frank Leymann; Harald Schöning; Melanie Herschel; Jens Teubner; Theo Härder; Oliver Kopp; Matthias Wieland,*,*,2017,*
Databases on Future Hardware (Dagstuhl Seminar 17101),Gustavo Alonso; Michaela Blott; Jens Teubner,Abstract A number of physical limitations mandate radical changes in the way how we buildcomputing hard-and software; and there is broad consensus that a stronger interactionbetween hard-and software communities is needed to meet the ever-growing demand forapplication performance. Under this motivation; representatives from various hard-andsoftware communities have met at the Dagstuhl seminar" Databases on Future Hardware" todiscuss the implications in the context of database systems. The outcome of the seminar wasnot only a much better understanding of each other's needs; constraints; and ways ofthinking. Very importantly; the group identified topic areas that seem key for the ongoingshift; together with suggestions on how the field could move forward. During the seminar; itturned out that the future of databases is not only a question of technology. Rather …,Dagstuhl Reports,2017,*
DeLorean: A Storage Layer to Analyze Physical Data at Scale,Michael Kußmann; Maximilian Berens; Ulrich Eitschberger; Ayse Kilic; Thomas Lindemann; Frank Meier; Ramon Niet; Margarete Schellenberg; Holger Stevens; Julian Wishahi; Bernhard Spaan; Jens Teubner,Modern research in high energy physics depends on the ability to analyse massive volumesof data in short time. In this article; we report on DeLorean; which is a new systemarchitecture for high-volume data processing in the domain of particle physics. DeLoreancombines the simplicity and performance of relational database technology with the massivescalability of modern cloud execution platforms (Apache Drill for that matter). Experimentsshow a four-fold performance improvement over state-of-the-art solutions.,Datenbanksysteme für Business; Technologie und Web (BTW 2017),2017,*
Proceedings of the 18th International Conference on Extending Database Technology; Brussels; Belgium; March 23-27; 2015,Gustavo Alonso; Floris Geerts; Lucian Popa; Pablo Barcelo; Jens Teubner; Martin Ugarte; Jan van den Bussche; Jan Paredaens,Publication. Title; Proceedings of the 18th International Conference on ExtendingDatabase Technology; Brussels; Belgium; March 23-27; 2015 …,*,2015,*
Special issue on data management on modern hardware,Qiong Luo; Jens Teubner,For several decades; the roles in developing IT systems remained clearly separated. It wasthe responsibility of the hardware community to embrace and leverage the latest technologytrends. The resulting hardware would become faster—but the interfaces it exposes tosoftware remained basically unchanged for many years. The role of the software communitywas to build on stable hardware interfaces and add features to the system; riding on thewave of growing hardware speeds. The free performance ride ended about a decade ago.For a number of reasons; intricate hardware details can no longer be hidden behind simpleand stable interfaces. Rather; expectations toward increased application performance canonly be met if the software is made aware of hardware intricacies and its underlyingalgorithms are carefully tuned to exploit hardware characteristics. The database field is …,Distributed and Parallel Databases,2015,*
Jan Wedding,Gunter Saake; Jens Teubner; M Sc Sebastian Dorok; M Sc Sebastian Breß,Abstract The amount of data being processed nowadays is continuously increasing. This factalso applies to data in databases. Modern computer systems have a large variety ofheterogeneous processing capabilities; such as (multiple) CPU (s) and (multiple) GPU (s) orother co-processors. Often; the database management systems do not use the extraprocessing capabilities of co-processors and completely rely on processing on the CPU. Butseveral authors have already shown that using the additional processing capabilities fromco-processors can significantly speed up the query processing on database managementsystems under certain circumstances. One of the factors influencing the query processing onheterogeneous processor environments is the operator placement. This means; it isimportant to decide which operation of the query is executed on which processor. Current …,*,2015,*
Many-Core-Architekturen zur Datenbankbeschleunigung,Kai-Uwe Sattler; Jens Teubner; Felix Beier; Sebastian Breß,Physikalische und technologische Grenzen bei der Erhöhung der Taktfrequenz von Pro- zessorenhaben in den letzten Jahren die Entwicklung von Multi- und Many-Core- Architekturenforciert. Die Ausnutzung dieser Architekturen erfordert jedoch eine weitge- hende Parallelisierungvon Berechnungen. Für den Datenbankbereich bedeutet dies einer- seits ein Überdenken etablierterDatenstrukturen und Verfahren; eröffnet aber gleichzeitig neue Möglichkeiten der Beschleunigungund Skalierung der Datenbankverarbeitung. Ziel des Tutoriums ist es daher; einen Überblicküber den Stand der Forschung und die Ein- satzmöglichkeiten von Many-Core-Architekturenin Datenbanksystemen zu geben. Neben Standard-Prozessoren stehen dabei insbesondereGPGPU-Architekturen im Mittelpunkt; die schon heute die Nutzung von Tausenden Coresermöglichen. Ausgehend von einer Vorstellung aktueller Many-Core- und GPU …,Datenbanksysteme für Business; Technologie und Web (BTW 2015)-Workshopband,2015,*
Less Watts; More Performance,Louis Woods; Gustavo Alonso; Jens Teubner,*,SIGMOD/PODS'13 [Elektronische Daten]: compilation proceedings of the 2013 ACM Symposium on Principles of Database Systems; ACM SIGMOD international conference on management of data; and SIGMOD/PODS 2013 PhD symposium: June 22-27; 2013; New York; New Yor,2013,*
VLDB Endowment,Michael Böhlen; Christoph Koch; Ashraf Aboulnaga; Sihem Amer‐Yahia; Chee Yong Chan; Yanlei Diao; Ada Waichee Fu; Johannes Gehrke; Alon Halevy; Jayant Haritsa; Nikos Mamoulis; Thomas Neumann; Dan Olteanu; Divesh Srivastava; Jens Teubner; Stefan Manegold; Peer Kröger; Stratis D Viglas,39th International Conference on Very Large Data Bases; Riva del Garda; Trento; Italy … Proceedingsof the 39th International Conference on … Very Large Data Bases; Riva del Garda; Trento; Italy… Ashraf Aboulnaga; Sihem Amer‐Yahia; Chee Yong Chan; Yanlei Diao; Ada Waichee Fu;Johannes Gehrke; Alon Halevy; Jayant Haritsa; Nikos Mamoulis; Thomas Neumann; DanOlteanu; Divesh Srivastava; Jens Teubner … The 39th International Conference on Very LargeData Bases; Riva del Garda; Trento; Italy … Permission to make digital or hard copies of portionsof this work for personal or classroom use is granted without fee provided that copies are notmade or distributed for profit or commercial advantage and that copies bear this notice and thefull citation on the first page. Copyright for components of this work owned by others than VLDBEndowment must be honored. Abstracting with credit is permitted. To copy otherwise; to …,*,2013,*
Tutorium: Neue Hardwarearchitekturen für das Datenmanagement (DPMH).,Cagri Balkesen; Louis Woods; Jens Teubner,Uber Jahrzehnte hinweg gelang es außerordentlich gut; aus der” Dividende” von Moore'sLaw immer schnellere Computersysteme zu bauen; die Anwendungssoftware quasi ganzautomatisch beschleunigten. Die Grenzen dieses Ansatzes werden immer deutlicher und esist zwischenzeitlich klar; dass signifikante Leistungssteigerungen in Zukunft nur noch durcheinen hohen Grad an Hardware-Spezialisierung möglich sein werden. Für Fließkomma-oder Grafikoperationen hat sich dieser Trend bereits erfolgreich in der Praxis durchgesetzt.Im Tutorium werden daher die Konsequenzen diskutiert; die neue Hardwaretechnologie aufdatenintensive Anwendungen hat; allen voran diskutieren wir die Konsequenzen fürDatenbankmanagementsysteme. Zu Beginn des Tutoriums werden wir Erneuerungen in derComputer-Systemarchitektur betrachten; die sich bereits in der Praxis durchgesetzt …,BTW Workshops,2013,*
Snowfall,Jens Teubner; Louis Woods,*,BTW 2011: Datenbanksysteme für Business; Technologie und Web; 14. Fachtagung GI-Fachbereichs" Datenbanken und Informationssysteme"(DBIS) 02.-04.03. 2011 in Kaiserslautern; Germany; proceedings,2011,*
Relational Algebra: Mother Tongue: XQuery: Fluent [[Elektronische Ressource]],Torsten Grust; Jens Teubner,*,*,2011,*
Staircase Join: Teach a Relational DBMS to Watch Its (Axis) Steps [[Elektronische Ressource]],Torsten Grust; Maurice van Keulen; Jens Teubner,*,*,2011,*
The ETH Zurich systems group and enterprise computing center,Gustavo Alonso; Donald Kossmann; Timothy Roscoe; Nesime Tatbul; Andrew Baumann; Carsten Binnig; Peter Fischer; Oriana Riva; Jens Teubner,Computer science is facing a fundamental paradigm shift. Multicore architectures;application virtualization; and cloud computing each present on their own radical departuresin the way software is built; deployed; and operated. Taken together; these trends frame ascenario that makes sense from many points of view (usability; scalability; flexibility;development cost) but is also radically different from what we know today. It is fair to say thata coherent answer to the challenges raised by the combination of these trends has yet toemerge from either academia or industry. From an academic perspective; these challengesare particularly difficult because they imply a considerable departure from establishedprocedures. To start with; multicore computers; the virtualization of computing platforms; andthe replacement of the one-computer-one-local-copy-ofa-program approach by cloud …,ACM SIGMOD Record,2009,*
12th International Conference on Extending Database Technology (EDBT 2009),ML Kersten; B Novikov; J Teubner; V Polutin; S Manegold,KNAW Narcis. Back to search results. Publication 12th International Conference on ExtendingDatabase Technology (EDBT 2009) (2009). Pagina-navigatie: Main …,ACM International Conference Proceeding Series,2009,*
URI,Meine Exporte,*,*,2007,*
MonetDB/XQuery; Technology preview open source release 1,P Boncz; S Manegold; Sjoerd Mullender; Maurice van Keulen; Jan Flokstra; T Grust; J Teubner; J Rittinger,Boncz; P; Manegold; S; Mullender; S; van Keulen; M; Flokstra; J; Grust; T; Teubner; J &Rittinger; J MonetDB/XQuery; Technology preview open source release 1 …MonetDB/XQuery; Technology preview open source release 1. / Boncz; P.; Manegold; S.;Mullender; Sjoerd; van Keulen; Maurice; Flokstra; Jan; Grust; T.; Teubner; J.; Rittinger; J … BonczP; Manegold S; Mullender S; van Keulen M; Flokstra J; Grust T et al. MonetDB/XQuery; Technologypreview open source release 1. 2005 … Powered by Pure; Scopus & Elsevier FingerprintEngine™ © 2017 Elsevier BV.,*,2005,*
MonetDB,ML Kersten; PA Boncz; NJ Nes; S Manegold; KS Mullender; FE Groffen; MG Ivanova; Y Zhang; RA Goncalves; E Sidirourgos; E Liarou; S Idreos; JA deRijke; AP deVries; W Alink; R Cornacchia; JFP van deAkker; AR vanBallegooij; CA van deBerg; JR Castelo; J Flokstra; CA Galindo-Legaria; T Grust; S Héman; D Hiemstra; T Ianeva; JS Karlsson; M vanKeulen; S deKonink; JA List; N Mamoulis; GJ Molenaar; G Modena; S Göldner; AJ Pellenkoft; HGP Bosch; W Quak; G Ramirez Camps; J Rittinger; H Rode; W Scherphof; AR Schmidt; N Tang; J Teubner; C Treijtel; T Tsikrika; F Waas; THW Westerveld; MA Windhouwer; M Zukowski; A Gafriller; A Singh; A Scherpenisse; B Brodbeck; G deNijs; M Mayr; M Antonelli; M vanDinther; R Aly; R vanOs; S Mayer; S Kerschbaumer; T Ressel; T Schreiber,KNAW Narcis. Back to search results. Publication MonetDB (2005). Pagina-navigatie: Main. Savepublication: Save as MODS; Export to Mendeley; Save as EndNote; Export to RefWorks. Title;MonetDB. Author; ML Kersten (Martin); PA Boncz (Peter); NJ Nes (Niels); S. Manegold (Stefan);KS Mullender (Sjoerd); FE Groffen (Fabian); MG Ivanova (Milena); Y. Zhang (Ying); RA Goncalves(Romulo); E. Sidirourgos (Eleftherios); E. Liarou (Erietta); S. Idreos (Stratos); JA de Rijke (Arjen);AP de Vries (Arjen); W. Alink (Wouter); R. Cornacchia (Roberto); JFP van den Akker; AR vanBallegooij; CA van den Berg; JR Castelo; J. Flokstra; CA Galindo-Legaria; T. Grust; S. Héman(Sándor); D. Hiemstra; T. Ianeva; JS Karlsson; M. van Keulen; S. de Konink (Stefan …,*,2005,*
Report INS-E0510 May 2005,PA Boncz; T Grust; M van Keulen; S Manegold; J Rittinger; J Teubner,ABSTRACT Various techniques have been proposed for efficient evaluation of XPathexpressions; where the XPath location steps are rooted in a single sequence of contextnodes. Among these techniques; the staircase join allows to evaluate XPath location stepsalong arbitrary axes in at most one scan over the XML document; exploiting the XPathaccelerator encoding (aka. pre/post encoding).,*,2005,*
REPORT INS-E0503 MARCH 2005,PA Boncz; T Grust; S Manegold; J Rittinger; J Teubner,ABSTRACT Using a relational DBMS as back-end engine for an XQuery processing systemleverages relational query optimization and scalable query processing strategies providedby mature DBMS engines in the XML domain. Though a lot of theoretical work has beendone in this area and various solutions have been proposed; no complete systems havebeen made available so far to give the practical evidence that this is a viable approach. Inthis paper; we describe the ourely relational XQuery processor Pathfinder that has been builton top of the extensible RDBMS MonetDB. Performance results indicate that the system iscapable of evaluating XQuery queries efficiently; even if the input XML documents becomehuge. We additionally present further contributions such as loop-lifted staircase join;techniques to derive order properties and to reduce sorting effort in the generated …,*,2005,*
Advances in Database Technology–EDBT 2009,Martin Kersten; Boris Novikov; Jens Teubner; Vladimir Polutin; Stefan Manegold,ACM COPYRIGHT NOTICE. Copyright cс 2009 by the Association for Computing Machinery;Inc. Permission to make digital or hard copies of part or all of this work for personal orclassroom use is granted without fee provided that copies are not made or distributed forprofit or commercial advantage and that copies bear this notice and the full citation on thefirst page. Copyrights for components of this work owned by others than ACM must behonored. Abstracting with credit is permitted. To copy otherwise; to republish; to post onservers; or to redistribute to lists; requires prior specific permission and/or a fee. Requestpermissions from Publications Dept.; ACM; Inc.; fax+ 1 (212) 869-0481; or permissions@acm. org. For other copying of articles that carry a code at the bottom of the first or last page;copying is permitted provided that the per-copy fee indicated in the code is paid through …,*,*,*
Efficient Joins on Heterogeneous Processors,Henning Funke; Sebastian Breß; Stefan Noll; Jens Teubner,ABSTRACT Coprocessor hardware like graphics processors is frequently used to acceleratecomputations. Many applications achieve an increased throughput when processing datathat is cached on the coprocessor; compared to the host processor alone. This does usuallynot apply to real world applications for two reasons. Firstly data sizes often exceed acoprocessor's memory capacity. Secondly it is desirable to compute on all availableprocessors simultaneously and to manage the load condition; the work should be distributedevenly between processors. For both reasons extensive data transfers are necessary; whichhas lead to blaming the bus systems to be the dominating bottleneck for coprocessing.Especially for memory intensive workloads like in database query processing theadvantages can marginalize when data transfers and memory accesses are not used …,*,*,*
FPGAs for Dynamic (XML) Query Workloads,Chongling Nie; Jens Teubner; Louis Woods,ABSTRACT While the performance opportunities of field-programmable gate arrays (FPGAs)for high-volume query processing are well known; complicated and tedious querycompilation procedures still defeat the use of the technology for dynamic query workloads;which are relevant in practice. In this work we report on an FPGA-based stream processingengine that does not have this limitation. We provide a hardware implementation of XMLprojection [9] that can be reconfigured in less than a micro-second and thus supports evenhighly dynamic query workloads. Our work brings the architectural advantages of FPGAtechnology to the XML world. Using our system; XML streams can be filtered in the network;saving network bandwidth; client-side parsing; and expensive pre-processing.,*,*,*
Scalable XQuery Processing Based on Purely Relational Technology,Marc H Scholl; Torsten Grust; Jens Teubner; Jan Rittinger,*,*,*,*
